<?xml version="1.0" encoding="UTF-8"?>
<mule xmlns:ee="http://www.mulesoft.org/schema/mule/ee/core" xmlns:doc="http://www.mulesoft.org/schema/mule/documentation" xmlns="http://www.mulesoft.org/schema/mule/core" xmlns:apikit="http://www.mulesoft.org/schema/mule/mule-apikit" xmlns:http="http://www.mulesoft.org/schema/mule/http" xmlns:xsi="http://www.w3.org/2001/XMLSchema-instance" xsi:schemaLocation="http://www.mulesoft.org/schema/mule/core http://www.mulesoft.org/schema/mule/core/current/mule.xsd http://www.mulesoft.org/schema/mule/http http://www.mulesoft.org/schema/mule/http/current/mule-http.xsd http://www.mulesoft.org/schema/mule/mule-apikit http://www.mulesoft.org/schema/mule/mule-apikit/current/mule-apikit.xsd 
http://www.mulesoft.org/schema/mule/ee/core http://www.mulesoft.org/schema/mule/ee/core/current/mule-ee.xsd">
   <!--  <http:listener-config name="api-httpListenerConfig1">
        <http:listener-connection host="0.0.0.0" port="8083" />
    </http:listener-config> -->
     <http:listener-config name="HTTP_Listener_config" doc:name="HTTP Listener config" doc:id="231f8af6-0634-47f9-9004-ecdf92320dee" >
		<http:listener-connection host="0.0.0.0" port="8081" />
	</http:listener-config>
	<flow name="api-main">
        <http:listener config-ref="HTTP_Listener_config" path="${secure::api.path}">
            <http:response statusCode="#[vars.httpStatus default 200]">
                <http:headers><![CDATA[#[vars.outboundHeaders default {}]]]></http:headers>
            </http:response>
            <http:error-response statusCode="#[vars.httpStatus default 500]">
                <http:body><![CDATA[#[payload]]]></http:body>
                <http:headers><![CDATA[#[vars.outboundHeaders default {}]]]></http:headers>
            </http:error-response>
        </http:listener>
        <set-variable value="#[uuid()]" doc:name="setUUID" doc:id="9db39631-1ae6-4f2e-8d4b-fc1aeb52c311" variableName="uuid"/>
		<try doc:name="Try" doc:id="54b35aca-6687-4df5-92cf-7720566ccbd2" >
			<apikit:router config-ref="api-config" />
			<error-handler >
				<on-error-propagate enableNotifications="true" logException="true" doc:name="On Error Propagate" doc:id="34f7ed62-ba41-47c5-b932-36999d19f9bf" type="APIKIT:BAD_REQUEST">
					<ee:transform doc:name="errorMessage" doc:id="0b32f07b-dcaf-4bd5-b5c3-a81ef58b5a98" >
						<ee:message >
						</ee:message>
						<ee:variables >
							<ee:set-variable variableName="errorMessage" ><![CDATA[%dw 2.0
output application/json
import * from dw::core::Strings
---
((if(error.description as String contains('\n')) ((error.description as String)splitBy("\n")) else[error.description as String] ) map ({
   "key1":if($ contains "required key") substringAfter(substringBefore($,']'),'[') ++ " is required field"
   else if($ contains "expected type") (substringBefore(substringAfter(substringAfter($,"/"),"/"),"expected") ++  "expected string")
   else if($ contains "expected minLength") (substringBefore(substringAfter(substringAfter($,"/"),"/"),"expected") ++  "expected string")
   else if($ contains "Required query parameter") (substringBefore(substringAfter($,"\"Required query parameter ")," not specified\"") )
   else $}).key1) distinctBy $]]></ee:set-variable>
						</ee:variables>
					</ee:transform>
				</on-error-propagate>
			</error-handler>
		</try>
		<error-handler ref="apiErrorStrategy"/>
    </flow>
    <flow name="api-console">
        <http:listener config-ref="HTTP_Listener_config" path="/console/*">
            <http:response statusCode="#[vars.httpStatus default 200]">
                <http:headers><![CDATA[#[vars.outboundHeaders default {}]]]></http:headers>
            </http:response>
            <http:error-response statusCode="#[vars.httpStatus default 500]">
                <http:body><![CDATA[#[payload]]]></http:body>
                <http:headers><![CDATA[#[vars.outboundHeaders default {}]]]></http:headers>
            </http:error-response>
        </http:listener>
        <set-variable value="${mule.env}​​​​​​" doc:name="setEnvironment" doc:id="a25f4e77-ca21-4138-9095-ee00248d42ae" variableName="env" />
		<choice doc:name="checkEnv?" doc:id="41570c7d-c2c4-41ea-9a5a-c2baeca85ec4" >
			<when expression='#[vars.env != "prod"]'>
				<apikit:console config-ref="api-config" />
			</when>
			<otherwise >
				<logger level="INFO" doc:name="logEnvDisabled" doc:id="6817b6f0-3dc6-4ca1-b135-3c875aa75c06" message="There is no console enabled for Prod" />
			</otherwise>
		</choice>
		<error-handler ref="apiErrorStrategy"/>
    </flow>
</mule>
