<?xml version="1.0" encoding="UTF-8"?>

<mule xmlns:sftp="http://www.mulesoft.org/schema/mule/sftp"
	xmlns:apikit="http://www.mulesoft.org/schema/mule/mule-apikit" xmlns:os="http://www.mulesoft.org/schema/mule/os"
	xmlns:secure-properties="http://www.mulesoft.org/schema/mule/secure-properties"
	xmlns:http="http://www.mulesoft.org/schema/mule/http" xmlns="http://www.mulesoft.org/schema/mule/core" xmlns:doc="http://www.mulesoft.org/schema/mule/documentation" xmlns:xsi="http://www.w3.org/2001/XMLSchema-instance" xsi:schemaLocation="
http://www.mulesoft.org/schema/mule/mule-apikit http://www.mulesoft.org/schema/mule/mule-apikit/current/mule-apikit.xsd http://www.mulesoft.org/schema/mule/core http://www.mulesoft.org/schema/mule/core/current/mule.xsd
http://www.mulesoft.org/schema/mule/http http://www.mulesoft.org/schema/mule/http/current/mule-http.xsd
http://www.mulesoft.org/schema/mule/secure-properties http://www.mulesoft.org/schema/mule/secure-properties/current/mule-secure-properties.xsd
http://www.mulesoft.org/schema/mule/os http://www.mulesoft.org/schema/mule/os/current/mule-os.xsd
http://www.mulesoft.org/schema/mule/sftp http://www.mulesoft.org/schema/mule/sftp/current/mule-sftp.xsd">
	 <apikit:config name="api-config" api="api\api.raml" outboundHeadersMapName="outboundHeaders" httpStatusVarName="httpStatus" >
		<apikit:flow-mappings>
			<apikit:flow-mapping resource="/currencyExchRate" action="get" flow-ref="retrieveCurrencyExchangeFlow" />
			<apikit:flow-mapping resource="/currencyExchRate/historicPeriod" action="get" flow-ref="historic-period-conversionFlow" />
			<apikit:flow-mapping resource="/exchangeRates" action="get" flow-ref="limestone-exchange-ratesFlow" />
		</apikit:flow-mappings>
	</apikit:config>
	
	<http:request-config name="ExchangeRates_HTTPS_Request_configuration" doc:name="HTTP Request configuration" doc:id="9bbb82ac-4254-42e7-9fa1-01843a856687" >
		<http:request-connection protocol="HTTPS" host="${secure::exchangeRates.host}" port="${secure::exchangeRates.port}" >
			<http:authentication >
				<http:basic-authentication username="${secure::exchangeRates.auth.username}" password="${secure::exchangeRates.auth.password}" />
			</http:authentication>
		</http:request-connection>
	</http:request-config>
	<secure-properties:config name="Secure_Properties_Config1" doc:name="Secure Properties Config" doc:id="4b9c4835-4a31-4ac0-9d7b-fc006a060859" file="api\env\reef-exp-api-exchange-rates-${mule.env}.yaml" key="${property.key}" >
		<secure-properties:encrypt algorithm="Blowfish" />
	</secure-properties:config>
	<os:object-store name="exchangeRatesObject_store" doc:name="Object store" doc:id="c5506c52-e267-40a7-afc9-75fe5c8de4c1" />
<import doc:name="Import" doc:id="256601c2-6c4f-484b-afa4-4997f0e0da30" file="common-error.xml" />
	<import doc:name="Import" doc:id="46e850b4-5e8c-492d-a3b2-1c0f9eb25a2a" file="email-common-error.xml" />
	
</mule>
