<?xml version="1.0" encoding="UTF-8"?>

<mule xmlns:os="http://www.mulesoft.org/schema/mule/os"
	xmlns:http="http://www.mulesoft.org/schema/mule/http"
	xmlns:ee="http://www.mulesoft.org/schema/mule/ee/core" xmlns="http://www.mulesoft.org/schema/mule/core"
	xmlns:doc="http://www.mulesoft.org/schema/mule/documentation"
	xmlns:xsi="http://www.w3.org/2001/XMLSchema-instance" xsi:schemaLocation="
http://www.mulesoft.org/schema/mule/http http://www.mulesoft.org/schema/mule/http/current/mule-http.xsd 
http://www.mulesoft.org/schema/mule/ee/core http://www.mulesoft.org/schema/mule/ee/core/current/mule-ee.xsd http://www.mulesoft.org/schema/mule/core http://www.mulesoft.org/schema/mule/core/current/mule.xsd
http://www.mulesoft.org/schema/mule/os http://www.mulesoft.org/schema/mule/os/current/mule-os.xsd">
	<sub-flow name="reef-exp-api-exchange-ratesFlow" doc:id="c0738395-4e9d-4029-bbfd-02e4ff56801b" >
		<logger level="INFO" doc:name="infoLog" doc:id="91aa5383-8734-4c16-8fe5-7766b2657480" message="UUID:#[vars.uuid], retrive exchange rates from #[vars.currency]" />
		<ee:transform doc:name="queryParam" doc:id="eddcd209-e3b9-490b-90b6-7e7dbd0d9e3c" >
			<ee:message >
			</ee:message>
			<ee:variables >
				<ee:set-variable variableName="queryParam" ><![CDATA[%dw 2.0
output application/java
---
{
	'to' : vars."currencyTo",
	'from' : vars."currency"
}]]></ee:set-variable>
			</ee:variables>
		</ee:transform>
		<flow-ref doc:name="sys-currencyExchangeRatesFlow" doc:id="f61b4969-38bb-4842-8cfe-3f51eb655583" name="sys-currencyExchangeRatesFlow"/>
		<logger level="DEBUG" doc:name="exchangeRatesPayloadDebugLog" doc:id="94f5078b-0b34-414a-99e6-f389ce723918" message="UUID:#[vars.uuid], response from exchnage rates:: #[payload]" category="com.reef.mule4.exchnageRates" />
		<logger level="INFO" doc:name="exchangeRatesResponseInfoLog" doc:id="a00e1340-712f-4098-b0bd-fff9e99a29c2" message="UUID:: #[vars.uuid], recived response from exchange rates" />
		<os:store doc:name="Store_exchnageRatesPayload" doc:id="c18943d1-c852-4657-8df4-414f59cee432" key="#[vars.currency]" objectStore="exchangeRatesObject_store" />
		<flow-ref doc:name="dynamicsFlow" doc:id="42d9a74d-dea2-4f17-ab1a-c142354257ca" name="dynamicsFlow" />
	</sub-flow>
	<sub-flow name="dynamicsFlow" doc:id="c35b9a52-210b-472c-a713-a27803c5ff5d" >
		<choice doc:name="Choice" doc:id="8b4ebbda-ea75-4a07-930e-17d6a500f98a" >
			<when expression='#[vars.historicRates == "historicRates"]'>
				<ee:transform doc:name="requestToDynamics" doc:id="ba8fbc38-a55e-4e86-827b-434d3f903640" >
					<ee:message >
						<ee:set-payload resource="dwl/d365HyperionRequest.dwl" />
					
</ee:message>
					<ee:variables >
						<ee:set-variable variableName="path" ><![CDATA[%dw 2.0
output application/java
---
if(vars.system == "merina") p('secure::dynamics.merina.path') else p('secure::dynamics.http.path')]]></ee:set-variable>
					</ee:variables>
				</ee:transform>
			</when>
			<otherwise >
				<ee:transform doc:name="requestToDynamics" doc:id="0f7d404a-cbdc-4d23-ad02-7fe950e05e94">
			<ee:message>
				<ee:set-payload resource="dwl/dynamicsRequest.dwl" />
			</ee:message>
			<ee:variables>
				<ee:set-variable variableName="path"><![CDATA[%dw 2.0
output application/java
---
if(vars.system == "merina") p('secure::dynamics.merina.path') else p('secure::dynamics.http.path')]]></ee:set-variable>
			</ee:variables>
		</ee:transform>
			</otherwise>
		</choice>
		<logger level="DEBUG" doc:name="dynamicsRequestDebugLog" doc:id="a4790ec1-7f26-48e7-9075-743150dfc853" message="UUID:#[vars.uuid], request to Dynamics :: #[payload]" category="com.reef.mule4.Dynamics" />
		<ee:transform doc:name="reef-sys-api-dynamics-PostRequest" doc:id="4d9c8128-5a5c-4cc4-ad9b-cd6635848e62" >
			<ee:message >
				<ee:set-payload ><![CDATA[%dw 2.0
output application/json
---
payload]]></ee:set-payload>
			</ee:message>
		</ee:transform>
		<logger level="DEBUG" doc:name="dynamicsResponseDebugLog" doc:id="9a729bb9-7289-4ba7-9b25-bf36b7f764e1" message="UUID:#[vars.uuid], response from Dynamics :: #[payload]" category="com.reef.mule4.Dynamics" />
		<logger level="INFO" doc:name="dynamicsResponseInfoLog" doc:id="6279ea15-ee34-4ba6-924c-bae80a17ef33" message='UUID:: #[vars.uuid], response from dynamics of #[vars.system default "" ++ " "++ vars.currency]' />
	</sub-flow>
</mule>
