<?xml version="1.0" encoding="UTF-8"?>

<mule xmlns:ee="http://www.mulesoft.org/schema/mule/ee/core" xmlns:os="http://www.mulesoft.org/schema/mule/os"
	xmlns:http="http://www.mulesoft.org/schema/mule/http"
	xmlns="http://www.mulesoft.org/schema/mule/core" xmlns:doc="http://www.mulesoft.org/schema/mule/documentation" xmlns:xsi="http://www.w3.org/2001/XMLSchema-instance" xsi:schemaLocation="http://www.mulesoft.org/schema/mule/core http://www.mulesoft.org/schema/mule/core/current/mule.xsd
http://www.mulesoft.org/schema/mule/http http://www.mulesoft.org/schema/mule/http/current/mule-http.xsd
http://www.mulesoft.org/schema/mule/os http://www.mulesoft.org/schema/mule/os/current/mule-os.xsd
http://www.mulesoft.org/schema/mule/ee/core http://www.mulesoft.org/schema/mule/ee/core/current/mule-ee.xsd">
	<flow name="historic-period-conversionFlow" doc:id="162c7416-d292-4b1e-8a2d-08963d69871f" >
		<ee:transform doc:name="parameters" doc:id="bb228dcd-2d45-4713-9261-7d4876f15d8d">
			<ee:message>
			</ee:message>
			<ee:variables>
				<ee:set-variable variableName="parameters"><![CDATA[%dw 2.0
output application/java
---
{
	"from": attributes.headers."from" as String,
	"to": attributes.headers."to" as String,
	"startDate": attributes.headers."startDate" as String,
	'endDate': attributes.headers."endDate" as String
}]]></ee:set-variable>
				<ee:set-variable variableName="system"><![CDATA[%dw 2.0
output application/java
---
if(attributes.headers.system == "marinaDynamics365") "merina" else if(attributes.headers.system == "limestoneDynamics365") "limestone" else ""]]></ee:set-variable>
			</ee:variables>
		</ee:transform>
		<foreach doc:name="For Each" doc:id="c1675b3a-c9d5-4ff1-8c7f-00b7708b1cca" collection='#[vars.parameters."from" splitBy ","]'>
			<ee:transform doc:name="queryParam" doc:id="39d5f573-c336-4850-b1bd-ea38a95f7a90">
				<ee:message>
				</ee:message>
				<ee:variables>
					<ee:set-variable variableName="queryParam"><![CDATA[%dw 2.0
output application/java
---
{
	"from": payload as String,
	"to": vars.parameters."to" as String,
	"start_timestamp": vars.parameters."startDate" as String,
	'end_timestamp': vars.parameters."endDate" as String
}]]></ee:set-variable>
					<ee:set-variable variableName="currency"><![CDATA[%dw 2.0
output application/java
---
payload as String]]></ee:set-variable>
					<ee:set-variable variableName="currencyTo"><![CDATA[%dw 2.0
output application/java
---
vars.parameters."to" as String]]></ee:set-variable>
					<ee:set-variable variableName="headers" ><![CDATA[%dw 2.0
output application/java
---
{
	"system": "historicPeriod"
}]]></ee:set-variable>
				</ee:variables>
			</ee:transform>
			<logger level="INFO" doc:name="infoLog" doc:id="96be5566-157d-461a-a60b-b8d14cc73a03" message="UUID:#[vars.uuid], retrive historic period exchange rates with parameters::#[vars.parameters]" />
			<flow-ref doc:name="sys-currencyExchangeRatesFlow" doc:id="13c6e170-3267-4230-9848-6f3bbeb63c8e" name="sys-currencyExchangeRatesFlow"/>
			<logger level="DEBUG" doc:name="exchangeRatesPayloadDebugLog" doc:id="512b5ba5-8a61-4bd0-9cf1-17214e296406" message="UUID:#[vars.uuid], response from historic period exchange rates:: #[payload]" category="com.reef.mule4.exchnageRates" />
			<logger level="INFO" doc:name="exchangeRatesResponseInfoLog" doc:id="f9ef7d84-4936-4978-bb6d-ec72620b2adc" message="UUID:: #[vars.uuid], recived response from historic period exchange rates" />
			<set-variable value='#["historicRates"]' doc:name="historicRates" doc:id="96349f58-613a-4d67-901d-40fd29b1cd2d" variableName="historicRates" />
			<flow-ref doc:name="dynamicsFlow" doc:id="97af020f-ebb6-40bb-9ae6-67d34bcbba45" name="dynamicsFlow" />
		</foreach>
		<ee:transform doc:name="response" doc:id="77d46db6-16f3-4ff4-a418-08f9b6e0afc2" >
			<ee:message >
				<ee:set-payload ><![CDATA[%dw 2.0
output application/json
---
{
	"message": "currencies successfully synced with the system"
}]]></ee:set-payload>
			</ee:message>
		</ee:transform>
		<error-handler ref="messagingErrorStrategy"/>
	</flow>
</mule>
