<?xml version="1.0" encoding="UTF-8"?>

<mule xmlns:ee="http://www.mulesoft.org/schema/mule/ee/core" xmlns:os="http://www.mulesoft.org/schema/mule/os"
	xmlns:http="http://www.mulesoft.org/schema/mule/http"
	xmlns="http://www.mulesoft.org/schema/mule/core" xmlns:doc="http://www.mulesoft.org/schema/mule/documentation" xmlns:xsi="http://www.w3.org/2001/XMLSchema-instance" xsi:schemaLocation="http://www.mulesoft.org/schema/mule/core http://www.mulesoft.org/schema/mule/core/current/mule.xsd
http://www.mulesoft.org/schema/mule/http http://www.mulesoft.org/schema/mule/http/current/mule-http.xsd
http://www.mulesoft.org/schema/mule/os http://www.mulesoft.org/schema/mule/os/current/mule-os.xsd
http://www.mulesoft.org/schema/mule/ee/core http://www.mulesoft.org/schema/mule/ee/core/current/mule-ee.xsd">
	<flow name="currencyExchangeRates-USD-All" doc:id="c0bf83a4-8310-4a1e-8fd5-588d0a345005" >
		<!-- <scheduler doc:name="usd_Scheduler" doc:id="81a50e48-d58a-40a9-a803-4c3353a57f91" >
			<scheduling-strategy >
				<cron expression="${secure::pollFrequency.usd}"/>
			</scheduling-strategy>
		</scheduler> -->
		<set-variable value="#[attributes.headers.from]" doc:name="currency" doc:id="89ab1b2e-a14f-4864-bc37-d721ea5aa811" variableName="currency" />
		<set-variable value="#[attributes.headers.to]" doc:name="currencyTo" doc:id="070de8de-cb92-4407-8941-180a14d18002" variableName="currencyTo" />
		<flow-ref doc:name="reef-exp-api-exchange-ratesFlow" doc:id="876edd57-da0f-4f1b-a876-24ec95e0e277" name="reef-exp-api-exchange-ratesFlow"/>
		<!-- <set-variable value='#["merina"]' doc:name="system" doc:id="dd8941a2-3c42-45a1-84d8-8e90af8ddf22" variableName="system" />
		<os:retrieve doc:name="retrieve_usd_Data" doc:id="bcbed659-7be8-49e2-bc49-111a59d69141" key="#[p('secure::exchangeRates.usd.from')]" objectStore="exchangeRatesObject_store">
			<os:default-value ><![CDATA[""]]></os:default-value>
		</os:retrieve>
		<flow-ref doc:name="dynamicsFlow" doc:id="33f20cfd-5ce2-4767-af95-293652dd759b" name="dynamicsFlow"/> -->
		<error-handler ref="messagingErrorStrategy"/>
	</flow>
	
	
	<flow name="retrieveCurrencyExchangeFlow" doc:id="f8a1d4fb-479f-4dca-bf96-9ff123bd15c2" >
		<os:retrieve doc:name="RetrieveCurrencyExchangeRates" doc:id="332b5ce8-c07d-436d-b49f-48f4c028a0a0" key='#[attributes.queryParams.currency]' objectStore="exchangeRatesObject_store">
			<os:default-value ><![CDATA[#["There is no data to retrieve"]]]></os:default-value>
		</os:retrieve>
		<set-payload value="#[payload]" doc:name="currencyExchangePayload" doc:id="e04e00d9-6967-4950-acb3-95c0d136b5d5" />
		<logger level="DEBUG" doc:name="exchangeRatesPayloadDebugLog" doc:id="49f82da2-b77c-4c5b-baf5-599104d7d9be" message="UUID:#[vars.uuid], retrive exchange rates:: #[payload]" category="com.reef.mule4.exchnageRates"/>
	</flow>
	<flow name="limestone-exchange-ratesFlow" doc:id="8daf467c-220e-425e-902f-9f86522a3f94" >
		<set-variable value="#[uuid()]" doc:name="generateUUID" doc:id="9d45ec26-c633-4052-8eaa-1376d8a6cab9" variableName="uuid" />
		<flow-ref doc:name="currencyExchangeRates-USD-All" doc:id="3f1c4620-29d0-42ed-8560-cf1baec8d91d" name="currencyExchangeRates-USD-All" />
		<ee:transform doc:name="combainedPayload" doc:id="d6e69da5-54aa-441f-983e-de342ca6cb16" >
			<ee:message >
				<ee:set-payload ><![CDATA[%dw 2.0
output application/json
---
{
	(vars.currency): payload
}]]></ee:set-payload>
			</ee:message>
		</ee:transform>
		<logger level="DEBUG" doc:name="debugLog" doc:id="18208fba-0120-4239-88fe-d5ecf13aa54b" message="UUID:#[vars.uuid], final response of exchange rates:: #[payload]" category="com.reef.mule4.exchnageRates"/>
		<error-handler >
			<on-error-continue enableNotifications="true" logException="true" doc:name="On Error Continue" doc:id="217df02f-910f-4074-a89d-e9fb3227f71e" >
				<set-variable value="#[if (error.cause.errorMessage.attributes.statusCode != null) error.cause.errorMessage.attributes.statusCode else vars.errorCode default 500]" doc:name="httpStatus" doc:id="8ed9c2ee-e993-4992-8e57-16e1463115fe" variableName="httpStatus" />
				<set-variable value='#[(error.errorType.namespace ++ ":" ++ error.errorType.identifier) default null]' doc:name="errorType" doc:id="7b2714db-d90e-42e2-bbdb-ea92e05a5081" variableName="errorType" />
				<set-variable value="#[error.description]" doc:name="errorDesc" doc:id="5b99b17f-116d-4ec0-b6cc-de315e8a6da5" variableName="errorDesc" />
				<ee:transform doc:name="emailBody" doc:id="ed939387-5c2f-4ea0-9d58-ceb8c833cf0f" >
					<ee:message />
					<ee:variables >
						<ee:set-variable resource="dwl/smtpAttributes.dwl" variableName="smtpAttributes" />
						<ee:set-variable resource="dwl/emailBody.dwl" variableName="emailBody" />
						<ee:set-variable resource="dwl/attachment.dwl" variableName="attachment" />
					</ee:variables>
				</ee:transform>
				<!-- <flow-ref doc:name="email-common-errorFlow" doc:id="741cd8a1-5b0a-4409-8e4d-f17df79b0861" name="email-common-errorFlow" /> -->
			</on-error-continue>
		</error-handler> 
	</flow>
	

</mule>
