<?xml version="1.0" encoding="UTF-8"?>

<mule xmlns:http="http://www.mulesoft.org/schema/mule/http" xmlns:ee="http://www.mulesoft.org/schema/mule/ee/core"
	xmlns="http://www.mulesoft.org/schema/mule/core"
	xmlns:doc="http://www.mulesoft.org/schema/mule/documentation" xmlns:xsi="http://www.w3.org/2001/XMLSchema-instance" xsi:schemaLocation="http://www.mulesoft.org/schema/mule/core http://www.mulesoft.org/schema/mule/core/current/mule.xsd
http://www.mulesoft.org/schema/mule/ee/core http://www.mulesoft.org/schema/mule/ee/core/current/mule-ee.xsd
http://www.mulesoft.org/schema/mule/http http://www.mulesoft.org/schema/mule/http/current/mule-http.xsd">
	<flow name="sys-currencyExchangeRatesFlow" doc:id="b3819099-fc95-4218-970e-bf1e883043f9" >
		<ee:transform doc:name="to&amp;from" doc:id="3651fbe1-1664-4f32-b59c-15d8373b09a3" >
			<ee:message />
			<ee:variables >
				<ee:set-variable variableName="to" ><![CDATA[%dw 2.0
output application/java
---
vars.queryParam."to"]]></ee:set-variable>
				<ee:set-variable variableName="from" ><![CDATA[%dw 2.0
output application/java
---
vars.queryParam.'from']]></ee:set-variable>
				<ee:set-variable variableName="parameters" ><![CDATA[output application/java
---
if ( vars.headers.system == "monthAvg" ) ({
	"to": vars.queryParam.to,
	"year": vars.queryParam.year,
	"month": vars.queryParam.month,
	"inverse": "true"
}) else if(vars.headers.system == "historicRate") ( {
	"to": vars.queryParam.to,
	"date": vars.queryParam.date,
	"inverse": "true"
} ) else if(vars.headers.system == "historicPeriod") ( {
	"from": vars.queryParam.'from',
	"to": vars.queryParam.to,
	"start_timestamp": vars.queryParam."start_timestamp",
	"end_timestamp": vars.queryParam."end_timestamp",	
	"inverse": "true"
} ) else ({
	"from": vars.queryParam.'from',
	"to": vars.queryParam.to,
	"inverse": "true"
}) ]]></ee:set-variable>
				<ee:set-variable variableName="path" ><![CDATA[%dw 2.0
output application/java
---
if ( vars.headers.system == "monthAvg" ) (p('secure::exchangeRates.avg.path')) 
else if ( vars.headers.system == "historicPeriod" ) (p('secure::exchangeRates.historicPeriod.path')) 
else if ( vars.headers.system == "historicRate" ) (p('secure::exchangeRates.monthly.path')) 
else p('secure::exchangeRates.path')]]></ee:set-variable>
			</ee:variables>
		</ee:transform>
		<logger level="INFO" doc:name="infoLog" doc:id="55fc9fa7-39b3-4847-a033-8f6b39ae7adf" message="UUID:#[vars.uuid], currency exchange from :#[vars.'from'] to :#[vars.'to']" />
		<http:request method="GET" doc:name="getExchangeRatesRequest" doc:id="c688707f-f836-4a83-afb0-ec22ab344260" config-ref="ExchangeRates_HTTPS_Request_configuration" path="#[vars.path]" >
			<http:query-params ><![CDATA[#[vars.parameters]]]></http:query-params>
		</http:request>
		<logger level="DEBUG" doc:name="exchangeRatesPayloadDebugLog" doc:id="1b0c4131-67ea-43b4-b109-8888dd7278d7" message="UUID:#[vars.uuid], response from exchange rates:: #[payload]" category="com.reef.mule4.exchnageRates" />
		<logger level="INFO" doc:name="exchangeRatesResponseInfoLog" doc:id="3cf872e6-77b2-4b45-8d3e-bd02f8d21038" message="UUID:: #[vars.uuid], response received from exchange rates." />
	</flow>
</mule>
