<?xml version="1.0" encoding="UTF-8"?>
<soapenv:Envelope xmlns:soapenv="http://schemas.xmlsoap.org/soap/envelope/" xmlns="urn:partner.soap.sforce.com" xmlns:xsi="http://www.w3.org/2001/XMLSchema-instance">
    <soapenv:Body>
        <loginResponse>
            <result>
                <metadataServerUrl>https://brambles--sfdccon.my.salesforce.com/services/Soap/m/49.0/00D7E0000004z3u</metadataServerUrl>
                <passwordExpired>false</passwordExpired>
                <sandbox>true</sandbox>
                <serverUrl>https://brambles--sfdccon.my.salesforce.com/services/Soap/u/49.0/00D7E0000004z3u</serverUrl>
                <sessionId>00D7E0000004z3u!AQYAQHROZR3oGPKDXfFyQJqSBKjlwIWX5Lmpwx2AnwntHzh3K3dWHvMq9bQO8B9fs5MYTPa4qARbLopdg1St4pkBgdkm1aMg</sessionId>
                <userId>0054J000002egKkQAI</userId>
                <userInfo>
                    <accessibilityMode>false</accessibilityMode>
                    <chatterExternal>false</chatterExternal>
                    <currencySymbol xsi:nil="true"/>
                    <orgAttachmentFileSizeLimit>5242880</orgAttachmentFileSizeLimit>
                    <orgDefaultCurrencyIsoCode xsi:nil="true"/>
                    <orgDefaultCurrencyLocale xsi:nil="true"/>
                    <orgDisallowHtmlAttachments>false</orgDisallowHtmlAttachments>
                    <orgHasPersonAccounts>false</orgHasPersonAccounts>
                    <organizationId>00D7E0000004z3uUAA</organizationId>
                    <organizationMultiCurrency>true</organizationMultiCurrency>
                    <organizationName>Brambles Enterprises Limited</organizationName>
                    <profileId>00e4J000001Ng68QAC</profileId>
                    <roleId>00E4J000000SEE4UAO</roleId>
                    <sessionSecondsValid>7200</sessionSecondsValid>
                    <userDefaultCurrencyIsoCode>USD</userDefaultCurrencyIsoCode>
                    <userEmail>sfdc.int.user@chep.com</userEmail>
                    <userFullName>Brambles Integration</userFullName>
                    <userId>0054J000002egKkQAI</userId>
                    <userLanguage>en_US</userLanguage>
                    <userLocale>en_GB</userLocale>
                    <userName>sfdc.int.user@chep.com.sfdccon</userName>
                    <userTimeZone>GMT</userTimeZone>
                    <userType>Standard</userType>
                    <userUiSkin>Theme3</userUiSkin>
                </userInfo>
            </result>
        </loginResponse>
    </soapenv:Body>
</soapenv:Envelope>