<?xml version="1.0" encoding="UTF-8"?>

<mule xmlns:sftp="http://www.mulesoft.org/schema/mule/sftp" xmlns:email="http://www.mulesoft.org/schema/mule/email"
	xmlns:ibm-mq="http://www.mulesoft.org/schema/mule/ibm-mq"
	xmlns:os="http://www.mulesoft.org/schema/mule/os" xmlns:db="http://www.mulesoft.org/schema/mule/db" xmlns:secure-properties="http://www.mulesoft.org/schema/mule/secure-properties" xmlns="http://www.mulesoft.org/schema/mule/core" xmlns:doc="http://www.mulesoft.org/schema/mule/documentation" xmlns:xsi="http://www.w3.org/2001/XMLSchema-instance" xsi:schemaLocation="http://www.mulesoft.org/schema/mule/core http://www.mulesoft.org/schema/mule/core/current/mule.xsd
http://www.mulesoft.org/schema/mule/secure-properties http://www.mulesoft.org/schema/mule/secure-properties/current/mule-secure-properties.xsd
http://www.mulesoft.org/schema/mule/db http://www.mulesoft.org/schema/mule/db/current/mule-db.xsd
http://www.mulesoft.org/schema/mule/os http://www.mulesoft.org/schema/mule/os/current/mule-os.xsd
http://www.mulesoft.org/schema/mule/ibm-mq http://www.mulesoft.org/schema/mule/ibm-mq/current/mule-ibm-mq.xsd
http://www.mulesoft.org/schema/mule/email http://www.mulesoft.org/schema/mule/email/current/mule-email.xsd
http://www.mulesoft.org/schema/mule/sftp http://www.mulesoft.org/schema/mule/sftp/current/mule-sftp.xsd">
	<secure-properties:config name="Secure_Properties_Config" doc:name="Secure Properties Config" doc:id="ac9c8394-037b-4e32-895f-1175f842237b" file="env\mule-mer-ceg-email-attach-adapter-${mule.env}.yaml" key="${property.key}" >
		<secure-properties:encrypt algorithm="Blowfish" />
	</secure-properties:config>
	<!-- <db:config name="Database_Config" doc:name="Database Config" doc:id="b4d69d98-92bf-4c45-8497-f644b2c11050" >
		<db:oracle-connection host="${secure::db.host}" port="${secure::db.port}" user="${secure::db.username}" password="${secure::db.password}" serviceName="${secure::db.name}" />
	</db:config> -->
	<os:object-store name="Object_store" doc:name="Object store" doc:id="b3328ab1-5e5a-4652-9b21-382c9c8f51dc" />
	<ibm-mq:config name="IBM_MQ_Config" doc:name="IBM MQ Config" doc:id="d85c8bef-9ac5-4c26-b7de-8cd3ba5fc4cf" sendCorrelationId="NEVER">
		<ibm-mq:connection username="${secure::mq.username}" password="${secure::mq.password}" targetClient="NO_JMS_COMPLIANT">
			<reconnection >
				<reconnect frequency="${secure::mq.reconnection.frequency}" count="${secure::mq.reconnection.count}" />
			</reconnection>
			<ibm-mq:connection-mode >
				<ibm-mq:client host="${secure::mq.host} " port="${secure::mq.port}" queueManager="${secure::mq.queue.manager}" channel="${secure::mq.channel}" />
			</ibm-mq:connection-mode>
		</ibm-mq:connection>
	</ibm-mq:config>
	<email:smtp-config name="Email_SMTP" doc:name="Email SMTP" doc:id="1d23e7f9-f9ac-4b06-bcfe-8956d674ca3a" >
		<email:smtp-connection host="${secure::smtp.host}" port="${secure::smtp.port}" connectionTimeout="10" readTimeout="10" writeTimeout="10">
			<reconnection >
				<reconnect frequency="${secure::smtp.reconnection.frequency}" count="${secure::smtp.reconnection.count}" />
			</reconnection>
		</email:smtp-connection>
	</email:smtp-config>
	<configuration-properties doc:name="Configuration properties" doc:id="4dcf893b-3e5d-4ed8-b2cd-f72d9e415620" file="resourceFiles\sectionDetails.yaml" />
	<sftp:config name="SFTP_Config" doc:name="SFTP Config" doc:id="1bc9600a-9dc6-4fe0-bb96-c9ac9286e151" >
		<sftp:connection host="${secure::sftp.host}" port="${secure::sftp.port}" username="${secure::sftp.username}" password="${secure::sftp.password}" connectionTimeout="${secure::sftp.connection.timeOutInSeconds}" responseTimeout="${secure::sftp.response.timeOutInSeconds}">
			<reconnection >
				<reconnect-forever frequency="${secure::sftp.reconnection.frequency}" />
			</reconnection>
			<pooling-profile maxActive="${secure::sftp.maxActive}" maxIdle="${secure::sftp.maxIdle}" maxWait="${secure::sftp.maxWait}" minEvictionMillis="${secure::sftp.minEviction}" evictionCheckIntervalMillis="${secure::sftp.evictionCheckInterval}" />
		</sftp:connection>
	</sftp:config>
	<db:config name="Postgres_Database_Config" doc:name="Database Config" doc:id="757f8347-2e7a-4eab-98f5-3220d38b9d16" >
		<db:generic-connection url="${secure::postgres.url}" driverClassName="org.postgresql.Driver" user="${secure::postgres.username}" password="${secure::postgres.password}" />
	</db:config>
</mule>
