<?xml version="1.0" encoding="UTF-8"?>

<mule xmlns:sftp="http://www.mulesoft.org/schema/mule/sftp" xmlns:email="http://www.mulesoft.org/schema/mule/email"
	xmlns:compression="http://www.mulesoft.org/schema/mule/compression"
	xmlns:ibm-mq="http://www.mulesoft.org/schema/mule/ibm-mq" xmlns:os="http://www.mulesoft.org/schema/mule/os" xmlns:db="http://www.mulesoft.org/schema/mule/db" xmlns:ee="http://www.mulesoft.org/schema/mule/ee/core" xmlns="http://www.mulesoft.org/schema/mule/core" xmlns:doc="http://www.mulesoft.org/schema/mule/documentation" xmlns:xsi="http://www.w3.org/2001/XMLSchema-instance" xsi:schemaLocation="http://www.mulesoft.org/schema/mule/core http://www.mulesoft.org/schema/mule/core/current/mule.xsd
http://www.mulesoft.org/schema/mule/ee/core http://www.mulesoft.org/schema/mule/ee/core/current/mule-ee.xsd
http://www.mulesoft.org/schema/mule/db http://www.mulesoft.org/schema/mule/db/current/mule-db.xsd
http://www.mulesoft.org/schema/mule/os http://www.mulesoft.org/schema/mule/os/current/mule-os.xsd
http://www.mulesoft.org/schema/mule/ibm-mq http://www.mulesoft.org/schema/mule/ibm-mq/current/mule-ibm-mq.xsd
http://www.mulesoft.org/schema/mule/compression http://www.mulesoft.org/schema/mule/compression/current/mule-compression.xsd
http://www.mulesoft.org/schema/mule/email http://www.mulesoft.org/schema/mule/email/current/mule-email.xsd
http://www.mulesoft.org/schema/mule/sftp http://www.mulesoft.org/schema/mule/sftp/current/mule-sftp.xsd">
	<flow name="db-scheduler-flow" doc:id="42c3ee71-af20-4367-bed5-dc8a30601cc3" >
		<scheduler doc:name="Scheduler" doc:id="8784919b-f9e3-4a47-93d1-e9818f4636d2">
			<scheduling-strategy>
				<cron expression="${secure::scheduler.cron.expression}" />
			</scheduling-strategy>
		</scheduler>
		<set-variable value="#[uuid()]" doc:name="uuid" doc:id="0f783f5c-fbe8-44b6-b2cc-0642fdcfbd70" variableName="uuid" />
		<flow-ref doc:name="db-flow" doc:id="1bee54db-14d1-4b24-8fa5-cdfa6171f7d8" name="db-flow"/>
	</flow>
	<flow name="db-flow" doc:id="aef6af53-0332-4354-9c16-97ec84060f63" >
		<logger level="INFO" doc:name="infoLog" doc:id="9b05d7f5-9f14-4738-aa80-98cd7e608aff" message="UUID::#[vars.uuid], In Db Flow " />
		<ee:transform doc:name="dbQuery" doc:id="e8e91b94-b662-4fd7-a825-6597e10e8ae3" >
			<ee:message >
				<ee:set-payload ><![CDATA[%dw 2.0
output application/java
---
"SELECT * FROM " ++ p('secure::db.table.name') ++ " WHERE ADAPTERNAME = '" ++ p('secure::adapter.name') ++ "' AND ACTIVEORINACTIVE = 'Active'"]]></ee:set-payload>
			</ee:message>
		</ee:transform>
		<try doc:name="Try" doc:id="a35bd642-8f27-44a3-935b-940f3f77bbe0" >
			<until-successful maxRetries="${secure::untilsuccessful.retryCount}" doc:name="Until Successful" doc:id="75e1c3ea-facf-498c-bc09-ce12c893dc1e" millisBetweenRetries="${secure::untilsuccessful.timeInterval}" >
				<db:select doc:name="retrieveAdapterProperties" doc:id="cff814b1-f667-4ef3-bd1e-40eb27d5df0a" config-ref="Postgres_Database_Config" >
					<db:sql ><![CDATA[#[payload]]]></db:sql>
				</db:select>
			</until-successful>
			<error-handler >
				<on-error-propagate enableNotifications="true" logException="true" doc:name="On Error Propagate" doc:id="f1b1b6e2-0933-4779-8e7c-16b1e0df3953" >
					<ee:transform doc:name="errroMessage" doc:id="d6f6b311-9869-4149-a96c-6c6ddd095d88" >
						<ee:message >
							<ee:set-payload ><![CDATA[%dw 2.0
output application/json
---
error.description]]></ee:set-payload>
						</ee:message>
					</ee:transform>
					<logger level="INFO" doc:name="errorLog" doc:id="fb2adb70-85dd-48f8-99be-b265924b53ba" message="UUID::#[vars.uuid], Error Response:: #[payload]" />
				</on-error-propagate>
			</error-handler>
		</try>
		<ee:transform doc:name="toJson" doc:id="d3be56e9-b9dc-4b89-9779-54bd3eff65e1" >
			<ee:message >
				<ee:set-payload ><![CDATA[%dw 2.0
output application/json
---
payload map {
    "ADAPTERNAME": $.adaptername,
    "ACTIVEORINACTIVE": $.activeorinactive,
    "PROPERTY": $.property,
    "RULE": $.rule,
    "SECTION": $.section,
    "ID": $.id
}]]></ee:set-payload>
			</ee:message>
		</ee:transform>
		<logger level="INFO" doc:name="infoDbResponse" doc:id="dcfb4cf7-ce7c-45ee-93c1-d222870b3e61" message="UUID::#[vars.uuid], Received db Response" />
		<logger level="DEBUG" doc:name="debugLog" doc:id="763de3bd-8527-48e1-87bb-76c81e9920e5" message="UUID::#[vars.uuid], db response::#[payload]" category="com.chep.mule4.dbFlow"/>
		<os:store doc:name="storingDbData" doc:id="bbd95244-5872-439a-8001-ee83badd3567" key="dbData" objectStore="Object_store" />
		<logger level="INFO" doc:name="infoLogStoringDbResponse" doc:id="45ec5dc1-3b2d-4b24-82a3-e2af21d233c5" message="UUID::#[vars.uuid], DB response stored in object store" />
	</flow>
	<flow name="mule-mer-ceg-email-attach-adapter-ANSI-Flow" doc:id="d80a6574-7793-4db4-991d-17d46c479ada" >
		<sftp:listener doc:name="process_ansi" doc:id="948281ac-cb91-48c3-8563-f86bf43c1d05" config-ref="SFTP_Config" directory="${secure::sftp.ansi.input.directory}" outputEncoding="Windows-1252" autoDelete="true">
			<scheduling-strategy >
				<fixed-frequency frequency="${secure::sftp.frequency}" timeUnit="SECONDS"/>
			</scheduling-strategy>
			<sftp:matcher filenamePattern="${secure::sftp.file.format}" />
		</sftp:listener>
		<set-variable value="#[uuid()]" doc:name="uuid" doc:id="42262396-bb62-4ea9-bb41-27fb88126839" variableName="uuid" />
		<logger level="INFO" doc:name="infoLog" doc:id="544a4e46-43e3-4d18-8f9a-a74fbc19d94e" message="UUID::#[vars.uuid], File processing started from ansi directory, trigger fileName::#[attributes.fileName]"/>
		<ee:transform doc:name="sftpFileName" doc:id="784041b3-3a67-46f1-980e-de38904d09b8" >
			<ee:message >
			</ee:message>
			<ee:variables >
				<ee:set-variable variableName="sftpFileName" ><![CDATA[%dw 2.0
import * from dw::core::Strings
output application/json
---
substringBefore(attributes.fileName,".tr") ++ ".dat"]]></ee:set-variable>
			</ee:variables>
		</ee:transform>
		<set-variable value='#["ansi"]' doc:name="flow" doc:id="0bf06a62-9eec-4277-9b2a-09e198d2a5af" variableName="flow"/>
		<sftp:read doc:name="readDatFile" doc:id="5d0ba61b-4009-4ec5-bb4d-693ef33e9bb5" config-ref="SFTP_Config" path="#[p('secure::sftp.ansi.input.directory') ++ vars.sftpFileName]" outputEncoding="Windows-1252" />
		<logger level="INFO" doc:name="infoLog" doc:id="b357117f-1f23-4456-b740-230c7f8fe027" message="UUID::#[vars.uuid], dat file has been read from ansi directory, dat filename::#[attributes.fileName]"/>
		<try doc:name="Try" doc:id="017c316a-51f4-4c34-9d01-eccc9561c65d" >
			<until-successful maxRetries="${secure::untilsuccessful.retryProcess}" doc:name="Until Successful" doc:id="ee3321d3-8b9a-482a-b206-3bbae419b460" millisBetweenRetries="${secure::untilsuccessful.retryTimeInterval}">
			<try doc:name="Try" doc:id="04e9e419-abf2-4f6a-9312-de9b96892188">
			<flow-ref doc:name="mule-mer-ceg-email-attach-adapter-flow" doc:id="f4b61218-4740-43d7-b05f-0f5489ec3a0e" name="mule-mer-ceg-email-attach-adapter-flow" />
					<error-handler >
						<on-error-propagate enableNotifications="true" logException="true" doc:name="On Error Propagate" doc:id="51dd8309-273a-4a9d-a41e-382e5c096f3c" >
							<flow-ref doc:name="mule-mer-ceg-email-attach-adapter-error-Flow" doc:id="ca5b2cad-3de9-4243-af31-1699bfbf57c3" name="mule-mer-ceg-email-attach-adapter-error-Flow"/>
						</on-error-propagate>
					</error-handler>
		</try>
		</until-successful>
			<error-handler >
				<on-error-continue enableNotifications="true" logException="true" doc:name="On Error Continue" doc:id="528e322d-0a03-4491-b195-b4f4c87a0305" >
					<logger level="INFO" doc:name="errorLog" doc:id="860b6736-1a00-4e36-9ca1-0f7f1f9f192e" message="UUID::#[vars.uuid], Maximum Retries Exhausted, Header Section Details::#[vars.headers]"/>
				</on-error-continue>
			</error-handler>
		</try>
		<until-successful maxRetries="${secure::untilsuccessful.retryCount}" doc:name="Until Successful" doc:id="27712b9f-eed8-4d95-ac7c-e8527928258a" millisBetweenRetries="${secure::untilsuccessful.timeInterval}">
			<sftp:delete doc:name="deleteDatFile" doc:id="4c25d00d-b114-4c9c-bba8-3c03385b523a" config-ref="SFTP_Config" path="#[p('secure::sftp.ansi.input.directory') ++ vars.sftpFileName]" />
		</until-successful>
		<logger level="INFO" doc:name="infoLog" doc:id="b3471c02-bedf-456f-9e83-c3fd0d09aa70" message="UUID::#[vars.uuid], dat file has been deleted from ansi input directory" />
		<until-successful maxRetries="${secure::untilsuccessful.retryCount}" doc:name="Until Successful" doc:id="6f9cd42f-6291-4925-a60b-c0b4f0907676" millisBetweenRetries="${secure::untilsuccessful.timeInterval}">
			<choice doc:name="Choice" doc:id="ceb94cce-d092-4a53-b89e-e77f08a3e1d2">
			<when expression='#[((vars.headers."unique-filename" != "") and (vars.headers."unique-filename" != null))]'>
					<sftp:delete doc:name="deleteAttachFile" doc:id="26d822c7-1231-4bb0-bc44-9cde042cc1c5" config-ref="SFTP_Config" path="#[p('secure::sftp.ansi.input.directory') ++ vars.headers.'unique-filename']"/>
					<logger level="INFO" doc:name="infoLog" doc:id="9404af46-5626-4efc-823c-b08dc2b0a096" message="UUID::#[vars.uuid], Attach file has been deleted from ansi input directory" />
				</when>
		</choice>
		</until-successful>
		<logger level="INFO" doc:name="infoLog" doc:id="47be1629-f4ec-43e5-b4b1-5469eb8145a7" message="UUID::#[vars.uuid], Flow processing has been completed"/>
	</flow>
	<flow name="mule-mer-ceg-email-attach-adapter-flow" doc:id="9c7b405f-17a5-4d27-a34a-99ebbf48755a" >
		<logger level="INFO" doc:name="infoLog" doc:id="61e4589d-b24a-4565-9c40-2e85575e3f3e" message="UUID::#[vars.uuid], Retrieved file data, filename::#[vars.sftpFileName]" />
		<ee:transform doc:name="payload" doc:id="d3c02c5d-3958-465e-b022-47d31c557d6b">
			<ee:message>
				<ee:set-payload><![CDATA[%dw 2.0
output text/plain
---
payload]]></ee:set-payload>
			</ee:message>
		</ee:transform>
		<logger level="DEBUG" doc:name="debugLog" doc:id="8b8b5a2e-70a9-4b62-9077-f2a17de201b5" message="UUID::#[vars.uuid], SFTP file metadata::#[payload]" category="com.chep.mule4.adapter"/>
		<ee:transform doc:name="variables" doc:id="934b0ba9-3b30-47be-926c-0d26d081f45b" >
			<ee:message />
			<ee:variables >
				<ee:set-variable variableName="mailBody" ><![CDATA[%dw 2.0
import * from dw::core::Strings
output text/plain
---
substringAfter(payload,"\n")]]></ee:set-variable>
				<ee:set-variable variableName="headers" ><![CDATA[%dw 2.0
import * from dw::core::Strings
output application/json
var header= if(sizeOf(payload splitBy  "\n") == 1) (payload splitBy ",") else ((substringBefore(payload,"\n")) splitBy ",")
---
{
    "section": trim(header[0]),
    "sender": trim(header[1]),
    "receiver": trim(header[2]),
    "subject": trim(header[3]),
    "zipped": trim(header[4]),
    "basename": trim(header[5]),
    "extension": trim(header[6]),
    "message-text": trim(header[7]),
    "cc": trim(header[8]),
    "bcc": trim(header[9]),
    "user-defined": trim(header[10]),
    "unique-filename": trim(header[11])
}]]></ee:set-variable>
				<ee:set-variable variableName="adapterName" ><![CDATA[%dw 2.0
output application/json
---
p('secure::adapter.name')]]></ee:set-variable>
			</ee:variables>
		</ee:transform>
		<logger level="INFO" doc:name="infoLog" doc:id="bce2f999-17bb-4b14-bed3-ef67f63a79f0" message="UUID::#[vars.uuid], header section fields::#[vars.headers]" />
		<os:retrieve doc:name="retrieveDbData" doc:id="42643816-3d70-4b3a-baab-2c703a01bb0e" key="dbData" objectStore="Object_store" >
			<os:default-value ><![CDATA[#[""]]]></os:default-value>
		</os:retrieve>
		<choice doc:name="Choice" doc:id="9c122db9-e58a-4a8d-83e6-dbe279a0f49e" >
			<when expression='#[payload == ""]'>
				<logger level="INFO" doc:name="infoLog" doc:id="5e6ce0e2-9281-4393-8bc7-057a0678b7f3" message="UUID::#[vars.uuid], Retrieved default payload from object store, calling db flow."/>
				<flow-ref doc:name="db-flow" doc:id="2cdff00f-279a-438e-bb94-55c82c8fdaa8" name="db-flow"/>
			</when>
		</choice>
		<logger level="INFO" doc:name="infoLogRetrievingDbData" doc:id="0bde0262-b678-404f-8ca4-3e7fdfb86fb4" message="UUID::#[vars.uuid], DB data has been retrieved from object store::#[payload]" />
		<ee:transform doc:name="mappingProperties" doc:id="356e5136-3857-4f97-8fc1-d77e09cb6014" >
			<ee:message >
				<ee:set-payload ><![CDATA[%dw 2.0
output application/json
var section = (vars.headers.section) as String
var b = if(payload != "") (payload filter (($.ADAPTERNAME == vars.adapterName) and ($."SECTION" == section))) else null
---
(b map {
    ($.PROPERTY): ($.RULE)
}) reduce ((item, accumulator) -> accumulator ++ item)]]></ee:set-payload>
			</ee:message>
			<ee:variables >
				<ee:set-variable variableName="common" ><![CDATA[%dw 2.0
output application/json
var a = if(payload != "") (payload filter (($.ADAPTERNAME == vars.adapterName) and ($."SECTION" == 'COMMON'))) else null
---
(a map {
    ($.PROPERTY): ($.RULE)
}) reduce ((item, accumulator) -> accumulator ++ item)]]></ee:set-variable>
			</ee:variables>
		</ee:transform>
		<choice doc:name="Choice" doc:id="5cbbd730-9f2a-4797-b04f-d39f633ebeea" >
			<when expression="#[(p('section.pgtl') splitBy &quot;,&quot;) contains (upper(vars.headers.section))]">
				<ee:transform doc:name="var-mail,attach" doc:id="f52918bc-48d3-477d-82da-7852ddd3b870" >
					<ee:message />
					<ee:variables >
						<ee:set-variable variableName="mail" ><![CDATA[%dw 2.0
var data= if(payload.MESSAGE_BODYPART == "TRUE") ((vars.mailBody) splitBy "\n") else ""
var value = if(payload.MESSAGE_BODYPART == "TRUE") ((data filter ($ contains "-PGTL-")))[0] else ""
var range = if(payload.MESSAGE_BODYPART == "TRUE") (data find value) else ""
output text/plain
---
if(payload.MESSAGE_BODYPART == "TRUE") (data[(range[0] + 1) to (range[1] -1)] joinBy "\n") else ""
]]></ee:set-variable>
						<ee:set-variable variableName="attach" ><![CDATA[%dw 2.0
var data= if(payload.MESSAGE_BODYPART == "TRUE") ((vars.mailBody) splitBy "\n") else ""
var value = if(payload.MESSAGE_BODYPART == "TRUE") ((data filter ($ contains "-PGTL-")) )[0] else ""
var range = if(payload.MESSAGE_BODYPART == "TRUE") (data find value) else ""
output text/plain
---
if(payload.MESSAGE_BODYPART == "TRUE") (data[(range[1] + 1) to -1] joinBy  "\n") else ""

]]></ee:set-variable>
					</ee:variables>
				</ee:transform>
				<ee:transform doc:name="var-bcc,cc,receiver,sender,subject,attachments" doc:id="c4242957-790e-4508-8341-a527ba78c0b2" >
					<ee:message />
					<ee:variables >
						<ee:set-variable variableName="bcc" ><![CDATA[%dw 2.0
output application/json
---
if(payload.*BCC != null) ((flatten(((payload.*BCC) default []) map (if($ contains ",") ($ splitBy  ",") else $))) map trim($)) else if((vars.headers.bcc != "") and (vars.headers.bcc != null)) ([vars.headers.bcc]) else if ((vars.common.BCC != "") and (vars.common.BCC != null)) ([vars.common.BCC]) else []]]></ee:set-variable>
						<ee:set-variable variableName="cc" ><![CDATA[%dw 2.0
output application/json
---
if(payload.*CC != null) ((flatten(((payload.*CC) default []) map (if($ contains ",") ($ splitBy  ",") else $))) map trim($)) else if((vars.headers.cc != "") and (vars.headers.cc != null)) ([vars.headers.cc]) else if ((vars.common.CC != "") and (vars.common.CC != null)) ([vars.common.CC]) else []]]></ee:set-variable>
						<ee:set-variable variableName="receiver" ><![CDATA[%dw 2.0
output application/json
---
if(payload.*RECEIVER != null) (flatten((payload.*RECEIVER default []) map ($ splitBy  ",")) map trim($)) else if((vars.headers.receiver != "") and (vars.headers.receiver != null)) ([vars.headers.receiver]) else if ((vars.common.RECEIVER != "") and (vars.common.RECEIVER != null)) ([vars.common.RECEIVER]) else []]]></ee:set-variable>
						<ee:set-variable variableName="sender" ><![CDATA[%dw 2.0
output application/json
---
if (payload.SENDER != null) (payload.SENDER) else if ((vars.headers.sender != "") and (vars.headers.sender != null)) (vars.headers.sender) else if ((vars.common.SENDER != "") and (vars.common.SENDER != null)) (vars.common.SENDER) else p('secure::smtp.default.from')]]></ee:set-variable>
						<ee:set-variable variableName="subject" ><![CDATA[%dw 2.0
output application/json
---
if(payload.SUBJECT != null) (payload.SUBJECT) else if((vars.headers.subject != "") and (vars.headers.subject != null)) (vars.headers.subject) else if ((vars.common.SUBJECT != "") and (vars.common.SUBJECT != null)) (vars.common.SUBJECT) else ""]]></ee:set-variable>
						<ee:set-variable variableName="attachment" ><![CDATA[%dw 2.0
output text/plain
---
if((payload."INLINE" == "YES") and (payload.MESSAGE_BODYPART != "TRUE")) null 
else if((payload."INLINE" != "YES") and (payload.MESSAGE_BODYPART == "TRUE")) (vars.attach) 
else if((payload."INLINE" == "YES") and (payload.MESSAGE_BODYPART == "TRUE")) (null) 
else vars.mailBody]]></ee:set-variable>
						<ee:set-variable variableName="html" ><![CDATA[%dw 2.0
output application/json
---
if(payload."HTML" == "YES") ("text/html") else "text/plain"]]></ee:set-variable>
						<ee:set-variable variableName="emailBody" ><![CDATA[%dw 2.0
output text/plain
---
if((payload.INLINE == "YES") and (payload.MESSAGE_BODYPART != "TRUE")) (vars.mailBody) 
else if((payload.INLINE != "YES") and (payload.MESSAGE_BODYPART == "TRUE")) (vars.mail) 
else if((payload.INLINE == "YES") and (payload.MESSAGE_BODYPART == "TRUE")) (vars.mail) 
else if((payload."MESSAGE_TEXT" != null) and (payload."MESSAGE_TEXT" != "")) (payload."MESSAGE_TEXT") 
else if ((vars.headers."message-text" != "") and (vars.headers."message-text" != null)) (vars.headers."message-text") 
else if ((vars.common."MESSAGE_TEXT" != "") and (vars.common."MESSAGE_TEXT" != null)) (vars.common."MESSAGE_TEXT") 
else ""]]></ee:set-variable>
						<ee:set-variable variableName="fileName" ><![CDATA[%dw 2.0
output application/json
---
if((payload.BASENAME != "") and (payload.BASENAME != null)) (payload.BASENAME) else if((vars.headers.basename != "") and (vars.headers.basename != null)) (vars.headers.basename) else if ((vars.common.BASENAME != "") and (vars.common.BASENAME != null)) (vars.common.BASENAME) else ""]]></ee:set-variable>
						<ee:set-variable variableName="extension" ><![CDATA[%dw 2.0
output application/json
---
if((payload.EXTENSION != "") and (payload.EXTENSION != null)) (payload.EXTENSION) else if((vars.headers.extension != "") and (vars.headers.extension != null)) (vars.headers.extension) else if ((vars.common.EXTENSION != "") and (vars.common.EXTENSION != null)) (vars.common.EXTENSION) else ""]]></ee:set-variable>
						<ee:set-variable variableName="charset" ><![CDATA[%dw 2.0
output application/json
---
if((payload.CHARSET != "") and (payload.CHARSET != null)) (payload.CHARSET) else if ((vars.common.CHARSET != "") and (vars.common.CHARSET != null)) (vars.common.CHARSET) else ""]]></ee:set-variable>
					</ee:variables>
				</ee:transform>
				<ee:transform doc:name="var-fileName" doc:id="cd89d68b-4455-4255-a8ab-4b18c83d54d3" >
					<ee:message >
					</ee:message>
					<ee:variables >
						<ee:set-variable variableName="fileName" ><![CDATA[%dw 2.0
output application/json
---
if(upper(payload.TIMESTAMP) == "YES") ((vars.fileName as String) ++ "_" ++ (now() as String {format:"yyyyMMdd_HHmmss"})) else vars.fileName]]></ee:set-variable>
					</ee:variables>
				</ee:transform>
			</when>
			<when expression="#[(p('dynamic.headers') splitBy &quot;,&quot;) contains (upper(vars.headers.section))]">
				<ee:transform doc:name="var-mail,attach" doc:id="92984e6f-8b4f-445d-b11e-0633d3ca0001" >
					<ee:message />
					<ee:variables >
						<ee:set-variable variableName="mail" ><![CDATA[%dw 2.0
var sectionName = "-" ++ (vars.headers.section as String) ++ "-"
var name = if(sectionName == "-CGFZA-") ("-CGF-") else sectionName 
var data= if(payload.MESSAGE_BODYPART == "TRUE") ((vars.mailBody) splitBy "\n") else ""
var value = if(payload.MESSAGE_BODYPART == "TRUE") ((data filter ($ contains name)))[0] else ""
var range = if(payload.MESSAGE_BODYPART == "TRUE") (data find value) else ""
output text/plain
---
if(payload.MESSAGE_BODYPART == "TRUE") (data[(range[0] + 1) to (range [1] -1)] joinBy  "\n") else ""]]></ee:set-variable>
						<ee:set-variable variableName="attach" ><![CDATA[%dw 2.0
var sectionName = "-" ++ (vars.headers.section as String) ++ "-"
var name = if(sectionName == "-CGFZA-") ("-CGF-") else sectionName 
var data= if(payload.MESSAGE_BODYPART == "TRUE") ((vars.mailBody) splitBy "\n") else ""
var value = if(payload.MESSAGE_BODYPART == "TRUE") ((data filter ($ contains name)) )[0] else ""
var range = if(payload.MESSAGE_BODYPART == "TRUE") (data find value) else ""
output text/plain
---
if(payload.MESSAGE_BODYPART == "TRUE") (data[(range[1] +1) to -1] joinBy  "\n") else ""
]]></ee:set-variable>
					</ee:variables>
				</ee:transform>
				<ee:transform doc:name="var-bcc,cc,receiver,sender,subject,attachments" doc:id="ed348d4f-7d47-4c1d-ad98-d0b14a405ba9" >
					<ee:message />
					<ee:variables >
						<ee:set-variable variableName="bcc" ><![CDATA[%dw 2.0
output application/json
---
if(payload.*BCC != null) ((flatten(((payload.*BCC) default []) map (if($ contains ",") ($ splitBy  ",") else $))) map trim($)) else if((vars.headers.bcc != "") and (vars.headers.bcc != null)) ([vars.headers.bcc]) else if ((vars.common.BCC != "") and (vars.common.BCC != null)) ([vars.common.BCC]) else []]]></ee:set-variable>
						<ee:set-variable variableName="cc" ><![CDATA[%dw 2.0
output application/json
---
if(payload.*CC != null) ((flatten(((payload.*CC) default []) map (if($ contains ",") ($ splitBy  ",") else $))) map trim($)) else if((vars.headers.cc != "") and (vars.headers.cc != null)) ([vars.headers.cc]) else if ((vars.common.CC != "") and (vars.common.CC != null)) ([vars.common.CC]) else []]]></ee:set-variable>
						<ee:set-variable variableName="receiver" ><![CDATA[%dw 2.0
output application/json
---
if(payload.*RECEIVER != null) (flatten((payload.*RECEIVER default []) map ($ splitBy  ",")) map trim($)) else if((vars.headers.receiver != "") and (vars.headers.receiver != null)) ([vars.headers.receiver]) else if ((vars.common.RECEIVER != "") and (vars.common.RECEIVER != null)) ([vars.common.RECEIVER]) else []]]></ee:set-variable>
						<ee:set-variable variableName="sender" ><![CDATA[%dw 2.0
output application/json
---
if (payload.SENDER != null) (payload.SENDER) else if ((vars.headers.sender != "") and (vars.headers.sender != null)) (vars.headers.sender) else if ((vars.common.SENDER != "") and (vars.common.SENDER != null)) (vars.common.SENDER) else p('secure::smtp.default.from')]]></ee:set-variable>
						<ee:set-variable variableName="subject" ><![CDATA[%dw 2.0
output application/json
---
if(payload.SUBJECT != null) (payload.SUBJECT) else if((vars.headers.subject != "") and (vars.headers.subject != null)) (vars.headers.subject) else if ((vars.common.SUBJECT != "") and (vars.common.SUBJECT != null)) (vars.common.SUBJECT) else ""]]></ee:set-variable>
						<ee:set-variable variableName="attachment" ><![CDATA[%dw 2.0
output text/plain
---
if((payload."INLINE" == "YES") and (payload.MESSAGE_BODYPART != "TRUE")) null 
else if((payload."INLINE" != "YES") and (payload.MESSAGE_BODYPART == "TRUE")) (vars.attach) 
else if((payload."INLINE" == "YES") and (payload.MESSAGE_BODYPART == "TRUE")) (null) 
else vars.mailBody]]></ee:set-variable>
						<ee:set-variable variableName="html" ><![CDATA[%dw 2.0
output application/json
---
if(payload."HTML" == "YES") ("text/html") else "text/plain"]]></ee:set-variable>
						<ee:set-variable variableName="emailBody" ><![CDATA[%dw 2.0
output text/plain
---
if((payload.INLINE == "YES") and (payload.MESSAGE_BODYPART != "TRUE")) (vars.mailBody) 
else if((payload.INLINE != "YES") and (payload.MESSAGE_BODYPART == "TRUE")) (vars.mail) 
else if((payload.INLINE == "YES") and (payload.MESSAGE_BODYPART == "TRUE")) (vars.mail) 
else if((payload."MESSAGE_TEXT" != null) and (payload."MESSAGE_TEXT" != "")) (payload."MESSAGE_TEXT") 
else if ((vars.headers."message-text" != "") and (vars.headers."message-text" != null)) (vars.headers."message-text") 
else if ((vars.common."MESSAGE_TEXT" != "") and (vars.common."MESSAGE_TEXT" != null)) (vars.common."MESSAGE_TEXT") 
else ""]]></ee:set-variable>
						<ee:set-variable variableName="fileName" ><![CDATA[%dw 2.0
output application/json
---
if((payload.BASENAME != "") and (payload.BASENAME != null)) (payload.BASENAME) else if((vars.headers.basename != "") and (vars.headers.basename != null)) (vars.headers.basename) else if ((vars.common.BASENAME != "") and (vars.common.BASENAME != null)) (vars.common.BASENAME) else ""]]></ee:set-variable>
						<ee:set-variable variableName="extension" ><![CDATA[%dw 2.0
output application/json
---
if((payload.EXTENSION != "") and (payload.EXTENSION != null)) (payload.EXTENSION) else if((vars.headers.extension != "") and (vars.headers.extension != null)) (vars.headers.extension) else if ((vars.common.EXTENSION != "") and (vars.common.EXTENSION != null)) (vars.common.EXTENSION) else ""]]></ee:set-variable>
						<ee:set-variable variableName="charset" ><![CDATA[%dw 2.0
output application/json
---
if((payload.CHARSET != "") and (payload.CHARSET != null)) (payload.CHARSET) else if ((vars.common.CHARSET != "") and (vars.common.CHARSET != null)) (vars.common.CHARSET) else ""]]></ee:set-variable>
					</ee:variables>
				</ee:transform>
				<ee:transform doc:name="var-fileName" doc:id="017a3d50-80b9-4427-8b6b-195b2b6082ce" >
					<ee:message />
					<ee:variables >
						<ee:set-variable variableName="fileName" ><![CDATA[%dw 2.0
output application/json
---
if(upper(payload.TIMESTAMP) == "YES") ((vars.fileName as String) ++ "_" ++ (now() as String {format:"yyyyMMdd_HHmmss"})) else vars.fileName]]></ee:set-variable>
					</ee:variables>
				</ee:transform>
			</when>
			<otherwise >
				<ee:transform doc:name="var-bcc,cc,receiver,sender,subject,attachments" doc:id="d481ebcd-67de-48c5-aebf-b7042cf2ce6c" >
					<ee:message />
					<ee:variables >
						<ee:set-variable variableName="bcc" ><![CDATA[%dw 2.0
output application/json
---
if(payload.*BCC != null) ((flatten(((payload.*BCC) default []) map (if($ contains ",") ($ splitBy  ",") else $))) map trim($)) else if((vars.headers.bcc != "") and (vars.headers.bcc != null)) ([vars.headers.bcc]) else if ((vars.common.BCC != "") and (vars.common.BCC != null)) ([vars.common.BCC]) else []]]></ee:set-variable>
						<ee:set-variable variableName="cc" ><![CDATA[%dw 2.0
output application/json
---
if(payload.*CC != null) ((flatten(((payload.*CC) default []) map (if($ contains ",") ($ splitBy  ",") else $))) map trim($)) else if((vars.headers.cc != "") and (vars.headers.cc != null)) ([vars.headers.cc]) else if ((vars.common.CC != "") and (vars.common.CC != null)) ([vars.common.CC]) else []]]></ee:set-variable>
						<ee:set-variable variableName="receiver" ><![CDATA[%dw 2.0
output application/json
---
if(payload.*RECEIVER != null) (flatten((payload.*RECEIVER default []) map ($ splitBy  ",")) map trim($)) else if((vars.headers.receiver != "") and (vars.headers.receiver != null)) ([vars.headers.receiver]) else if ((vars.common.RECEIVER != "") and (vars.common.RECEIVER != null)) ([vars.common.RECEIVER]) else []]]></ee:set-variable>
						<ee:set-variable variableName="sender" ><![CDATA[%dw 2.0
output application/json
---
if (payload.SENDER != null) (payload.SENDER) else if ((vars.headers.sender != "") and (vars.headers.sender != null)) (vars.headers.sender) else if ((vars.common.SENDER != "") and (vars.common.SENDER != null)) (vars.common.SENDER) else p('secure::smtp.default.from')]]></ee:set-variable>
						<ee:set-variable variableName="subject" ><![CDATA[%dw 2.0
output application/json
---
if(payload.SUBJECT != null) (payload.SUBJECT) else if((vars.headers.subject != "") and (vars.headers.subject != null)) (vars.headers.subject) else if ((vars.common.SUBJECT != "") and (vars.common.SUBJECT != null)) (vars.common.SUBJECT) else ""]]></ee:set-variable>
						<ee:set-variable variableName="attachment" ><![CDATA[%dw 2.0
output text/plain
---
if(payload."INLINE" == "YES") null else vars.mailBody]]></ee:set-variable>
						<ee:set-variable variableName="html" ><![CDATA[%dw 2.0
output application/json
---
if(payload."HTML" == "YES") ("text/html") else "text/plain"]]></ee:set-variable>
						<ee:set-variable variableName="emailBody" ><![CDATA[%dw 2.0
output text/plain
---
if(payload.INLINE == "YES") (vars.mailBody) 
else if((payload."MESSAGE_TEXT" != null) and (payload."MESSAGE_TEXT" != "")) (payload."MESSAGE_TEXT") 
else if ((vars.headers."message-text" != "") and (vars.headers."message-text" != null)) (vars.headers."message-text") 
else if ((vars.common."MESSAGE_TEXT" != "") and (vars.common."MESSAGE_TEXT" != null)) (vars.common."MESSAGE_TEXT") 
else ""]]></ee:set-variable>
						<ee:set-variable variableName="fileName" ><![CDATA[%dw 2.0
output application/json
---
if((payload.BASENAME != "") and (payload.BASENAME != null)) (payload.BASENAME) else if((vars.headers.basename != "") and (vars.headers.basename != null)) (vars.headers.basename) else if ((vars.common.BASENAME != "") and (vars.common.BASENAME != null)) (vars.common.BASENAME) else ""]]></ee:set-variable>
						<ee:set-variable variableName="extension" ><![CDATA[%dw 2.0
output application/json
---
if((payload.EXTENSION != "") and (payload.EXTENSION != null)) (payload.EXTENSION) else if((vars.headers.extension != "") and (vars.headers.extension != null)) (vars.headers.extension) else if ((vars.common.EXTENSION != "") and (vars.common.EXTENSION != null)) (vars.common.EXTENSION) else ""]]></ee:set-variable>
						<ee:set-variable variableName="charset" ><![CDATA[%dw 2.0
output application/json
---
if((payload.CHARSET != "") and (payload.CHARSET != null)) (payload.CHARSET) else if ((vars.common.CHARSET != "") and (vars.common.CHARSET != null)) (vars.common.CHARSET) else ""]]></ee:set-variable>
					</ee:variables>
				</ee:transform>
				<ee:transform doc:name="var-fileName" doc:id="253f0db9-4d9a-4bc4-a6be-71e4b4824457" >
					<ee:message />
					<ee:variables >
						<ee:set-variable variableName="fileName" ><![CDATA[%dw 2.0
output application/json
---
if(upper(payload.TIMESTAMP) == "YES") ((vars.fileName as String) ++ "_" ++ (now() as String {format:"yyyyMMdd_HHmmss"})) else vars.fileName]]></ee:set-variable>
					</ee:variables>
				</ee:transform>
			</otherwise>
		</choice>
		<logger level="INFO" doc:name="infoLog" doc:id="8639f24f-ab00-4d39-8741-97a06be4f73a" message='UUID::#[vars.uuid], section::#[vars.headers.section], Mail will be sent with these details. receiver::#[vars.receiver], emailBody::#[vars.emailBody], sender::#[vars.sender], cc::#[vars.cc], bcc::#[vars.bcc], subject::#[vars.subject], content-type::#[vars.html], attachment::#[(vars.fileName default "") ++ (vars.extension default "")], File Metadata::#[vars.attachment] ' />
		<choice doc:name="Choice" doc:id="60c4a1b1-86f4-49ba-a9e3-c5fd6b5a5504" >
			<when expression='#[(upper(payload.INLINE default "") != "YES")]'>
				<choice doc:name="Choice" doc:id="3cadf592-f10d-4585-b4da-e2e6135b06ea">
			<when expression='#[(lower(vars.headers.extension) contains "zip") and (lower(vars.headers.zipped) == "yes")]'>
				<compression:archive doc:name="Archive" doc:id="e38ce731-9600-4afc-ab14-10926999832c" target="attachment">
					<compression:entries><![CDATA[#[{
	((vars.fileName ++ '.txt'): vars.attachment) if (vars.attachment != "")
}]]]></compression:entries>
					<compression:archiver>
						<compression:zip-archiver />
					</compression:archiver>
				</compression:archive>
				<logger level="INFO" doc:name="infoLog" doc:id="54448253-7e3b-4836-8416-8ec602d5213b" message="UUID::#[vars.uuid], File has been compressed with metadata." />
			</when>
					<when expression='#[((vars.headers."unique-filename" != "") and (vars.headers."unique-filename" != null))]'>
						<choice doc:name="Choice" doc:id="4359dea7-cff9-46c9-bee9-d2c177b9a0cb">
			<when expression='#[vars.flow == "utf8"]'>
				<sftp:read doc:name="readAttachFile" doc:id="c06c054a-e8b1-41db-86a7-82a6805ba74b" config-ref="SFTP_Config" path="#[p('secure::sftp.utf8.input.directory') ++ vars.headers.'unique-filename']" target="attachment" />
				<logger level="INFO" doc:name="infoLog" doc:id="c3eaabba-abf8-4918-a031-ca48ad94c17d" message="UUID::#[vars.uuid], Attach file has been read from utf8 input directory" />
			</when>
			<when expression='#[vars.flow == "ansi"]'>
				<sftp:read doc:name="readAttachFile" doc:id="836c053f-a440-41df-b053-a7c174372aab" config-ref="SFTP_Config" path="#[p('secure::sftp.ansi.input.directory') ++ vars.headers.'unique-filename']" target="attachment" />
				<logger level="INFO" doc:name="infoLog" doc:id="ae5c5f37-be5b-4a1d-a316-e107094545a6" message="UUID::#[vars.uuid], Attach file has been read from ansi input directory" />
			</when>
		</choice>
					</when>
					<otherwise >
						<logger level="INFO" doc:name="infoLog" doc:id="f231f3eb-8f26-46b9-8a87-8ded3bc4ca49" message="UUID::#[vars.uuid], Inline, zipped and extension is false." />
					</otherwise>
		</choice>
			</when>
			<otherwise >
				<logger level="INFO" doc:name="infoLog" doc:id="b160690b-dcf9-4bdb-91aa-bb47511f7082" message="UUID::#[vars.uuid], In default router." />
			</otherwise>
		</choice>
		<until-successful maxRetries="${secure::untilsuccessful.retryCount}" doc:name="Until Successful" doc:id="f41db7d6-3aaf-4bbf-bcda-605b0f3200fd" millisBetweenRetries="${secure::untilsuccessful.timeInterval}">
			<email:send doc:name="sendingEmail" doc:id="b3bc1817-8c3c-4a7b-a6f3-acbd7711b4dd" config-ref="Email_SMTP" fromAddress="#[vars.sender]" subject="#[vars.subject]" toAddresses="#[vars.receiver]" ccAddresses="#[vars.cc]" bccAddresses="#[vars.bcc]">
			<email:body contentType="#[vars.html]" encoding="#[vars.charset]">
				<email:content><![CDATA[#[vars.emailBody]]]></email:content>
			</email:body>
			<email:attachments><![CDATA[#[{
	((vars.fileName ++ vars.extension): vars.attachment) if (vars.attachment != "")
}]]]></email:attachments>
		</email:send>
		</until-successful>
		<logger level="INFO" doc:name="infoLog" doc:id="ce73ab70-7ae2-4d49-82ac-208dec736894" message="UUID::#[vars.uuid], Mail has been sent." />
		<set-variable value='#["success"]' doc:name="flag" doc:id="74c2e63a-90b3-4601-91df-fc772b18d801" variableName="flag" />
		<ee:transform doc:name="logTrackingMapping" doc:id="b6506e39-53db-4b95-8e5d-506ec96bb839" >
			<ee:message >
				<ee:set-payload ><![CDATA[%dw 2.0
output application/json
var file = if((vars.headers."unique-filename" != "") and (vars.headers."unique-filename" != null))((vars.sftpFileName default "") ++ "/" ++ (vars.headers."unique-filename" default "")) else (vars.sftpFileName default "")
var value = 128 - (sizeOf((file) default "") + 10)
var sub = if(sizeOf((vars.subject) default "") > value)(vars.subject[0 to (value - 1)] default "") else (vars.subject default "")
---
{
  "INTERFACE": "MULE_EMAIL_OUT",
  "dummyField": "",
  "DATE TIME": (now() as DateTime {format: "yyyy-MM-dd HH:mm:ss.SSS"}),
  "STATUS": "SUCCESS",
  "INCOMING": "1",
  "PROCESSED": "1",
  "ADAPTER": if((sizeOf(vars.adapterName as String default "")) > 35) (vars.adapterName[0 to 34] default "") else vars.adapterName default "",
  "SECTION": if((sizeOf(vars.headers.section as String default "")) > 35) ((vars.headers.section as String)[0 to 34] default "") else ((vars.headers.section as String) default ""),
  "REF1": if((vars.fileName != "") and (vars.fileName != null)) (if(sizeOf(((vars.fileName default "") ++ (vars.extension default "")) default "") > 64) ((((vars.fileName default "") ++ (vars.extension default ""))[0 to 63]) default "") else (((vars.fileName default "") ++ (vars.extension default "")) default "")) else (if(sizeOf((vars.sender) default "") > 64) ((vars.sender)[0 to 63] default "") else ((vars.sender) default "")),
  "REF2": (if(sizeOf((vars.receiver default []) joinBy ",") > 64) ((vars.receiver default []) joinBy ",")[0 to 63] else ((vars.receiver default []) joinBy ",")) default "",
  "REF3": (sub default "") ++ "-FileName:" ++ (file default "")
}]]></ee:set-payload>
			</ee:message>
		</ee:transform>
		<ee:transform doc:name="logTrackingQueueRequest" doc:id="aadc0600-cdb3-48b4-a0c2-a6a6fb67ce75" >
			<ee:message >
				<ee:set-payload ><![CDATA[%dw 2.0
output text/plain
var logTrack= valuesOf(payload) joinBy  "|"
---
"BEGIN-TRACK" ++ '\n' ++ logTrack ++ '\n' ++ "END-TRACK" ++ '\r\n']]></ee:set-payload>
			</ee:message>
		</ee:transform>
		<logger level="INFO" doc:name="infoLog" doc:id="3af3e76c-9bbd-48f4-9d66-696b76b7bb27" message="UUID::#[vars.uuid], success log message::#[payload]" />
		<async doc:name="Async" doc:id="c1040d79-10c3-41ef-b69f-53b108b7559e" >
			<until-successful maxRetries="${secure::untilsuccessful.retryCount}" doc:name="Until Successful" doc:id="6e6369d5-66ef-41c5-ae0d-26cc22a6f04a" millisBetweenRetries="${secure::untilsuccessful.timeInterval}">
			<ibm-mq:publish doc:name="publishLogTrack" doc:id="e532d1c4-1ac3-4aa4-b2b4-792dad67c854" config-ref="IBM_MQ_Config" destination="${secure::mq.logtrack.queue}">
			<ibm-mq:message sendContentType="false" sendEncoding="false">
			</ibm-mq:message>
		</ibm-mq:publish>
		</until-successful>
			<logger level="INFO" doc:name="infoLog" doc:id="4b25dfe8-3d70-46c8-bd69-832dcc4f2817" message="UUID::#[vars.uuid], Success log message has been published." />
		</async>
	</flow>
	<flow name="mule-mer-ceg-email-attach-adapter-UTF8-Flow" doc:id="95976203-edfb-4827-954d-607e875a2c03" >
		<sftp:listener doc:name="process_utf8" doc:id="d3a3c03e-65ee-4f7c-b38a-682b1d08a3db" config-ref="SFTP_Config" directory="${secure::sftp.utf8.input.directory}" autoDelete="true">
			<scheduling-strategy >
				<fixed-frequency frequency="${secure::sftp.frequency}" startDelay="20" timeUnit="SECONDS"/>
			</scheduling-strategy>
			<sftp:matcher filenamePattern="${secure::sftp.file.format}" />
		</sftp:listener>
		<set-variable value="#[uuid()]" doc:name="uuid" doc:id="ed5c295e-407a-4b4e-a12f-8181a82d498e" variableName="uuid" />
		<logger level="INFO" doc:name="infoLog" doc:id="b164fa26-ec9d-4540-9a59-9f0c9e3b39a0" message="UUID::#[vars.uuid], File processing started from utf8 directory, trigger fileName::#[attributes.fileName]" />
		<ee:transform doc:name="sftpFileName" doc:id="0f5e0627-231c-4983-938d-016953a3196f">
			<ee:message />
			<ee:variables>
				<ee:set-variable variableName="sftpFileName"><![CDATA[%dw 2.0
import * from dw::core::Strings
output application/json
---
substringBefore(attributes.fileName,".tr") ++ ".dat"]]></ee:set-variable>
			</ee:variables>
		</ee:transform>
		<set-variable value='#["utf8"]' doc:name="flow" doc:id="c2b03d1f-07b1-4d71-892e-85f559e184e1" variableName="flow"/>
		<sftp:read doc:name="readDatFile" doc:id="8ca58e4a-45c0-41b6-aec1-82ca797ea95d" config-ref="SFTP_Config" path="#[p('secure::sftp.utf8.input.directory') ++ vars.sftpFileName]" />
		<logger level="INFO" doc:name="infoLog" doc:id="934a9c86-90d2-424f-bbf1-3c6dfef551ad" message="UUID::#[vars.uuid],dat file has been read from utf8 directory, dat filename::#[attributes.fileName]" />
		<try doc:name="Try" doc:id="6b6787eb-52d5-41b4-9a50-05f15a46e3d5" >
			<until-successful maxRetries="${secure::untilsuccessful.retryProcess}" doc:name="Until Successful" doc:id="3b3ca4f8-42ef-4506-844d-313c82994d27" millisBetweenRetries="${secure::untilsuccessful.retryTimeInterval}">
			<try doc:name="Try" doc:id="8d3cfc3c-f60c-49ba-afc5-a85a7c569e55">
			<flow-ref doc:name="mule-mer-ceg-email-attach-adapter-flow" doc:id="2662ea9f-d44f-4f75-923f-709c2cacf2a6" name="mule-mer-ceg-email-attach-adapter-flow" />
					<error-handler >
						<on-error-propagate enableNotifications="true" logException="true" doc:name="On Error Propagate" doc:id="bd5dfee1-4da5-401d-b412-65a7906f098e" >
							<flow-ref doc:name="mule-mer-ceg-email-attach-adapter-error-Flow" doc:id="7944513a-0946-4d47-b024-a476181b65af" name="mule-mer-ceg-email-attach-adapter-error-Flow"/>
						</on-error-propagate>
					</error-handler>
		</try>
		</until-successful>
			<error-handler >
				<on-error-continue enableNotifications="true" logException="true" doc:name="On Error Continue" doc:id="a6315a86-5d89-4768-b99a-869eaf57d9e9" >
					<logger level="INFO" doc:name="errorLog" doc:id="04b33668-3094-4df8-a863-6cd0adbf1c6d" message="UUID::#[vars.uuid], Maximum Retries Exhausted, Header Section Details::#[vars.headers]" />
				</on-error-continue>
			</error-handler>
		</try>
		<until-successful maxRetries="${secure::untilsuccessful.retryCount}" doc:name="Until Successful" doc:id="96e8b49b-03d1-489f-83e4-497e20823de8" millisBetweenRetries="${secure::untilsuccessful.timeInterval}">
			<sftp:delete doc:name="deleteDatFile" doc:id="9351da68-1b55-4ae6-b56a-b1c1b9640e0f" config-ref="SFTP_Config" path="#[p('secure::sftp.utf8.input.directory') ++ vars.sftpFileName]" />
		</until-successful>
		<logger level="INFO" doc:name="infoLog" doc:id="b385a0a4-4ac3-474e-b0de-04c27ada19d8" message="UUID::#[vars.uuid], dat file has been deleted from utf8 input directory" />
		<until-successful maxRetries="${secure::untilsuccessful.retryCount}" doc:name="Until Successful" doc:id="ceb2ff83-85f7-4fbb-a6bc-c4fd39f858e9" millisBetweenRetries="${secure::untilsuccessful.timeInterval}">
			<choice doc:name="Choice" doc:id="d77af08d-5aa1-4577-9492-2564976a7e01">
			<when expression='#[((vars.headers."unique-filename" != "") and (vars.headers."unique-filename" != null))]'>
					<sftp:delete doc:name="deleteAttachFile" doc:id="edd1c751-9228-4a7a-b348-d812cd39f98f" config-ref="SFTP_Config" path="#[p('secure::sftp.utf8.input.directory') ++ vars.headers.'unique-filename']"/>
					<logger level="INFO" doc:name="infoLog" doc:id="bbbb4a9c-8e2c-4114-b584-b363094b7bdf" message="UUID::#[vars.uuid], Attach file has been deleted  from utf8 input directory" />
				</when>
		</choice>
		</until-successful>
		<logger level="INFO" doc:name="infoLog" doc:id="1c399420-6e01-43c2-b4ec-217884a57740" message="UUID::#[vars.uuid], Flow processing has been completed" />
	</flow>
	<flow name="mule-mer-ceg-email-attach-adapter-error-Flow" doc:id="475a35fd-bb03-408a-80b8-9723a6b19fce" >
		<logger level="INFO" doc:name="errorLog" doc:id="3ddea34d-ef03-424f-8867-7435129fdd44" message="UUID::#[vars.uuid], Failure Reason::#[error.description]" />
		<ee:transform doc:name="errorLogTrackingMapping" doc:id="d79725fc-9d9d-4144-9ac2-c5145d6b995f" >
			<ee:message >
				<ee:set-payload ><![CDATA[%dw 2.0
output application/json
var file = if((vars.headers."unique-filename" != "") and (vars.headers."unique-filename" != null))((vars.sftpFileName default "") ++ "/" ++ (vars.headers."unique-filename" default "")) else (vars.sftpFileName default "") 
var sub = if(sizeOf((vars.subject) default "") >= 60)(vars.subject[0 to 59] default "") else (vars.subject default "")
var value = 128 - (sizeOf((sub) default "") + 7 + (sizeOf((file) default "")) + 10)
var err = if(sizeOf((error.description) default "") > value) (error.description[0 to (value-1)] default "") else (error.description default "")
---
{
  "INTERFACE": "MULE_EMAIL_OUT",
  "dummyField": "",
  "DATE TIME": (now() as DateTime {format: "yyyy-MM-dd HH:mm:ss.SSS"}),
  "STATUS": if(vars.flag == "success") ("SUCCESS") else "FAIL",
  "INCOMING": "1",
  "PROCESSED": if(vars.flag == "success") ("1") else "0",
  "ADAPTER": if((sizeOf(vars.adapterName as String default "")) > 35) (vars.adapterName[0 to 34] default "") else vars.adapterName default "",
  "SECTION": if((sizeOf(vars.headers.section as String default "")) > 35) ((vars.headers.section as String)[0 to 34] default "") else ((vars.headers.section as String) default ""),
  "REF1": if((vars.fileName != "") and (vars.fileName != null)) (if(sizeOf(((vars.fileName default "") ++ (vars.extension default "")) default "") > 64) ((((vars.fileName default "") ++ (vars.extension default ""))[0 to 63]) default "") else (((vars.fileName default "") ++ (vars.extension default "")) default "")) else (if(sizeOf((vars.sender) default "") > 64) ((vars.sender)[0 to 63] default "") else ((vars.sender) default "")),
  "REF2": (if(sizeOf((vars.receiver default []) joinBy ",") > 64) ((vars.receiver default []) joinBy ",")[0 to 63] else ((vars.receiver default []) joinBy ",")) default "",
  "REF3":  if((sub != "") and (sub != null)) ((sub default "") ++ "-FileName:" ++ (file default "") ++ "-Error:" ++ (err default "")) else ("FileName:" ++ (file default "") ++ "-Error:" ++ (err default ""))
}]]></ee:set-payload>
			</ee:message>
		</ee:transform>
		<ee:transform doc:name="errorLogTrackingQueueRequest" doc:id="a29774ba-e6c7-4602-ab8a-a7a5656a38a6" >
			<ee:message >
				<ee:set-payload ><![CDATA[%dw 2.0
output text/plain
var logTrack= valuesOf(payload) joinBy  "|"
---
"BEGIN-TRACK" ++ '\n' ++ logTrack ++ '\n' ++ "END-TRACK" ++ '\r\n']]></ee:set-payload>
			</ee:message>
		</ee:transform>
		<logger level="INFO" doc:name="infoLog" doc:id="51534e00-7ec8-4f6f-a517-95a404414b4e" message="UUID::#[vars.uuid], Failure log message::#[payload]" />
		<ibm-mq:publish doc:name="publishLogTrack" doc:id="282f98c8-c169-4269-9059-a4882844bb98" config-ref="IBM_MQ_Config" destination="${secure::mq.logtrack.queue}" >
			<ibm-mq:message sendContentType="false" sendEncoding="false" />
		</ibm-mq:publish>
		<logger level="INFO" doc:name="infoLog" doc:id="f512c4f9-9549-4ab8-b4a8-5cb32c676878" message="UUID::#[vars.uuid], Failure log message has been published." />
	</flow>
</mule>
