<?xml version="1.0" encoding="UTF-8"?>

<mule xmlns:email="http://www.mulesoft.org/schema/mule/email" xmlns:salesforce="http://www.mulesoft.org/schema/mule/salesforce"
	xmlns:ee="http://www.mulesoft.org/schema/mule/ee/core"
	xmlns:http="http://www.mulesoft.org/schema/mule/http" xmlns="http://www.mulesoft.org/schema/mule/core" xmlns:doc="http://www.mulesoft.org/schema/mule/documentation" xmlns:xsi="http://www.w3.org/2001/XMLSchema-instance" xsi:schemaLocation="http://www.mulesoft.org/schema/mule/core http://www.mulesoft.org/schema/mule/core/current/mule.xsd
http://www.mulesoft.org/schema/mule/http http://www.mulesoft.org/schema/mule/http/current/mule-http.xsd
http://www.mulesoft.org/schema/mule/ee/core http://www.mulesoft.org/schema/mule/ee/core/current/mule-ee.xsd
http://www.mulesoft.org/schema/mule/salesforce http://www.mulesoft.org/schema/mule/salesforce/current/mule-salesforce.xsd
http://www.mulesoft.org/schema/mule/email http://www.mulesoft.org/schema/mule/email/current/mule-email.xsd">
	<flow name="hospital_dbflowFlow" doc:id="50ab6181-d3a9-4c4d-b297-5a7abce60a3e" >
		<http:listener doc:name="Listener" doc:id="8e96bc0f-94f6-4621-ae34-f575c3f74020" config-ref="HTTP_Listener_config" path="/notification" />
		<logger level="INFO" doc:name="Logger" doc:id="d570ea1f-c520-486b-acec-93aba21bde61" message='"START"' />
		<flow-ref doc:name="hospital_SRC_db_flow" doc:id="dda0c6bf-2cf4-4383-b82e-506e31b9deda" name="hospital_SRC_db_flow" />
		<ee:transform doc:name='mapping into salesforce format("__c")' doc:id="d559b733-ee58-4aa2-af64-16da0b2832e3" >
			<ee:message >
				<ee:set-payload ><![CDATA[%dw 2.0
output application/java
---
payload map ((item, index) -> {
    
        patient_id__c: item.patient_id,
        first_name__c: item.first_name,
        last_name__c: item.last_name,
        date_of_birth__c: item.date_of_birth,
        gender__c: item.gender,
        phone_number__c: item.phone_number,
        email__c: item.email,
        address__c: item.address,
        city__c: item.city,
        state__c: item.state,
        zip_code__c: item.zip_code,
        emergency_contact_name__c: item.emergency_contact_name,
        emergency_contact_phone__c: item.emergency_contact_phone,
        insurance_provider__c: item.insurance_provider,
        insurance_policy_number__c: item.insurance_policy_number,
        primary_physician__c: item.primary_physician,
        date_of_registration__c: item.date_of_registration,
        medical_history__c :item.medical_history,
        allergies__c: item.allergies,
        current_medications__c: item.current_medications
    
})]]></ee:set-payload>
			</ee:message>
		</ee:transform>
		<salesforce:upsert objectType="HOSPITAL__c" externalIdFieldName="Id" doc:id="634f96d3-225a-42f1-a93e-a0713888b685" config-ref="Salesforce_Config" doc:name="Upsert" />
		<logger level="INFO" doc:name="Logger1" doc:id="a5b10e37-c372-46a0-9d1f-9d0e3a76bf69" message="#[payload]" />
		<flow-ref doc:name="hospital_tgt-salesforce-flow" doc:id="90fe626f-c9bd-4f56-8134-ec767ef0dddd" name="hospital_tgt-salesforce-flow" />
		<ee:transform doc:name="Query of Salesforce Hospital Object" doc:id="2efb3473-2a57-4822-b541-7033142bc0c7" >
			<ee:message >
				<ee:set-payload ><![CDATA[%dw 2.0
output application/json
---
payload
]]></ee:set-payload>
			</ee:message>
		</ee:transform>
		<email:send doc:id="452a0c27-1341-4618-9960-fdb3c522bd1a" config-ref="Email_SMTP" fromAddress="mohammadt.in@mouritech.com" subject='#["Health Checkup Alert" ++ payload."patient_id__c"]' doc:name="Alert_Notification " />
		<logger level="INFO" doc:name="Logger2" doc:id="7f9f3847-877f-4123-ad64-574f8cf5c778" message="#[payload]" />
	</flow>
</mule>
