<?xml version="1.0" encoding="UTF-8"?>
<mule xmlns:ee="http://www.mulesoft.org/schema/mule/ee/core"
	xmlns:doc="http://www.mulesoft.org/schema/mule/documentation" xmlns="http://www.mulesoft.org/schema/mule/core" xmlns:apikit="http://www.mulesoft.org/schema/mule/mule-apikit" xmlns:http="http://www.mulesoft.org/schema/mule/http" xmlns:xsi="http://www.w3.org/2001/XMLSchema-instance" xsi:schemaLocation="http://www.mulesoft.org/schema/mule/core http://www.mulesoft.org/schema/mule/core/current/mule.xsd http://www.mulesoft.org/schema/mule/http http://www.mulesoft.org/schema/mule/http/current/mule-http.xsd http://www.mulesoft.org/schema/mule/mule-apikit http://www.mulesoft.org/schema/mule/mule-apikit/current/mule-apikit.xsd ">
	<flow name="api-main">
        <http:listener path="${secure::api.https.path}" config-ref="Sys-Api-Bw-Listener-Config">
            <http:response statusCode="#[vars.httpStatus default 200]">
                <http:headers><![CDATA[#[vars.outboundHeaders default {}]]]></http:headers>
            </http:response>
            <http:error-response statusCode="#[vars.httpStatus default 500]">
                <http:body><![CDATA[#[payload]]]></http:body>
                <http:headers><![CDATA[#[vars.outboundHeaders default {}]]]></http:headers>
            </http:error-response>
        </http:listener>
        <set-variable value="#[attributes.Headers.uuid default uuid()]" doc:name="UUID" doc:id="425ce63f-5e82-4d60-a8c3-910074cff636" variableName="uuid"/>
		<apikit:router config-ref="Router"/>
        <error-handler>
            <on-error-propagate type="APIKIT:BAD_REQUEST">
                <ee:transform xmlns:ee="http://www.mulesoft.org/schema/mule/ee/core" xsi:schemaLocation="http://www.mulesoft.org/schema/mule/ee/core http://www.mulesoft.org/schema/mule/ee/core/current/mule-ee.xsd" doc:name="badRequest">
                    <ee:message>
                        <ee:set-payload><![CDATA[%dw 2.0
output application/json
---
{   
    uuid: vars.uuid,
	status:"Error",
	errorCode : 400,
	errorMessage: if(error.description == null)"Bad request"else error.description,
	errorType: error.errorType.namespace ++ ":" ++ error.errorType.identifier
}]]></ee:set-payload>
                    </ee:message>
                    <ee:variables>
                        <ee:set-variable variableName="httpStatus"><![CDATA[400]]></ee:set-variable>
                    </ee:variables>
                </ee:transform>
            </on-error-propagate>
            <on-error-propagate type="APIKIT:NOT_FOUND">
                <ee:transform xmlns:ee="http://www.mulesoft.org/schema/mule/ee/core" xsi:schemaLocation="http://www.mulesoft.org/schema/mule/ee/core http://www.mulesoft.org/schema/mule/ee/core/current/mule-ee.xsd" doc:name="resourceNotFound">
                    <ee:message>
                        <ee:set-payload><![CDATA[%dw 2.0
output application/json
---
{   
    uuid: vars.uuid,
	status:"Error",
	errorCode : 404,
	errorMessage: if(error.description == null)"Resource not found" else error.description,
	errorType: error.errorType.namespace ++ ":" ++ error.errorType.identifier
}]]></ee:set-payload>
                    </ee:message>
                    <ee:variables>
                        <ee:set-variable variableName="httpStatus"><![CDATA[404]]></ee:set-variable>
                    </ee:variables>
                </ee:transform>
            </on-error-propagate>
            <on-error-propagate type="APIKIT:METHOD_NOT_ALLOWED">
                <ee:transform xmlns:ee="http://www.mulesoft.org/schema/mule/ee/core" xsi:schemaLocation="http://www.mulesoft.org/schema/mule/ee/core http://www.mulesoft.org/schema/mule/ee/core/current/mule-ee.xsd" doc:name="methodNotAllowed">
                    <ee:message>
                        <ee:set-payload><![CDATA[%dw 2.0
output application/json
---
{   
    uuid: vars.uuid,
	status:"Error",
	errorCode : 405,
	errorMessage: "Method not allowed",
	errorType: error.errorType.namespace ++ ":" ++ error.errorType.identifier
}]]></ee:set-payload>
                    </ee:message>
                    <ee:variables>
                        <ee:set-variable variableName="httpStatus"><![CDATA[405]]></ee:set-variable>
                    </ee:variables>
                </ee:transform>
            </on-error-propagate>
            <on-error-propagate type="APIKIT:NOT_ACCEPTABLE">
                <ee:transform xmlns:ee="http://www.mulesoft.org/schema/mule/ee/core" xsi:schemaLocation="http://www.mulesoft.org/schema/mule/ee/core http://www.mulesoft.org/schema/mule/ee/core/current/mule-ee.xsd" doc:name="notAcceptable">
                    <ee:message>
                        <ee:set-payload><![CDATA[%dw 2.0
output application/json
---
{   
    uuid: vars.uuid,
	status:"Error",
	errorCode : 406,
	errorMessage: if(error.description == null)"Not acceptable" else error.description,
	errorType: error.errorType.namespace ++ ":" ++ error.errorType.identifier
}]]></ee:set-payload>
                    </ee:message>
                    <ee:variables>
                        <ee:set-variable variableName="httpStatus"><![CDATA[406]]></ee:set-variable>
                    </ee:variables>
                </ee:transform>
            </on-error-propagate>
            <on-error-propagate type="APIKIT:UNSUPPORTED_MEDIA_TYPE">
                <ee:transform xmlns:ee="http://www.mulesoft.org/schema/mule/ee/core" xsi:schemaLocation="http://www.mulesoft.org/schema/mule/ee/core http://www.mulesoft.org/schema/mule/ee/core/current/mule-ee.xsd" doc:name="unsupportedMediaType">
                    <ee:message>
                        <ee:set-payload><![CDATA[%dw 2.0
output application/json
---
{   
    uuid: vars.uuid,
	status:"Error",
	errorCode : 415,
	errorMessage: if(error.description == null)"Unsupported media type" else error.description,
	errorType: error.errorType.namespace ++ ":" ++ error.errorType.identifier
}]]></ee:set-payload>
                    </ee:message>
                    <ee:variables>
                        <ee:set-variable variableName="httpStatus"><![CDATA[415]]></ee:set-variable>
                    </ee:variables>
                </ee:transform>
            </on-error-propagate>
            <on-error-propagate type="APIKIT:NOT_IMPLEMENTED">
                <ee:transform xmlns:ee="http://www.mulesoft.org/schema/mule/ee/core" xsi:schemaLocation="http://www.mulesoft.org/schema/mule/ee/core http://www.mulesoft.org/schema/mule/ee/core/current/mule-ee.xsd" doc:name="notImplemented">
                    <ee:message>
                        <ee:set-payload><![CDATA[%dw 2.0
output application/json
---
{   
    uuid: vars.uuid,
	status:"Error",
	errorCode : 501,
	errorMessage: if(error.description == null)"Not Implemented" else error.description,
	errorType: error.errorType.namespace ++ ":" ++ error.errorType.identifier
}]]></ee:set-payload>
                    </ee:message>
                    <ee:variables>
                        <ee:set-variable variableName="httpStatus"><![CDATA[501]]></ee:set-variable>
                    </ee:variables>
                </ee:transform>
            </on-error-propagate>
			<on-error-propagate enableNotifications="true" logException="true" doc:name="On Error Propagate" doc:id="d94f0214-ee67-40c1-a831-c1b0889de2e4" type="ANY">
				<ee:transform doc:name="anyError" doc:id="f18f7817-f04b-4825-b016-18bd9b4e3e62" >
					<ee:message >
						<ee:set-payload ><![CDATA[%dw 2.0
output application/json
---
{
	uuid: vars.uuid,
	status:"Error",
	errorCode : if(error.cause.errorMessage.attributes.statusCode != null) error.cause.errorMessage.attributes.statusCode else 500,
	errorMessage: if(error.muleMessage.payload.error.message.value != null) error.muleMessage.payload.error.message.value else (error.description),	
	
	// if(error.muleMessage.payload != null)  error.muleMessage.payload else (error.description),

	errorType: error.errorType.namespace ++ ":" ++ error.errorType.identifier,
	failureMessage: vars.failurePayload default "",
	"errorInfo": vars.errorInfo
}]]></ee:set-payload>
					</ee:message>
					<ee:variables >
						<ee:set-variable variableName="httpStatus" ><![CDATA[error.cause.errorMessage.attributes.statusCode default 500]]></ee:set-variable>
					</ee:variables>
				</ee:transform>
			</on-error-propagate>            
        </error-handler>
    </flow>
    <flow name="api-console">
        <http:listener path="${secure::api.https.console}" config-ref="Sys-Api-Bw-Listener-Config">
            <http:response statusCode="#[vars.httpStatus default 200]">
                <http:headers><![CDATA[#[vars.outboundHeaders default {}]]]></http:headers>
            </http:response>
            <http:error-response statusCode="#[vars.httpStatus default 500]">
                <http:body><![CDATA[#[payload]]]></http:body>
                <http:headers><![CDATA[#[vars.outboundHeaders default {}]]]></http:headers>
            </http:error-response>
        </http:listener>
        <apikit:console config-ref="Router"/>
        <error-handler>
            <on-error-propagate type="APIKIT:NOT_FOUND">
                <ee:transform xmlns:ee="http://www.mulesoft.org/schema/mule/ee/core" xsi:schemaLocation="
http://www.mulesoft.org/schema/mule/mule-apikit http://www.mulesoft.org/schema/mule/mule-apikit/current/mule-apikit.xsd http://www.mulesoft.org/schema/mule/ee/core http://www.mulesoft.org/schema/mule/ee/core/current/mule-ee.xsd" doc:name="notFound">
                    <ee:message>
                        <ee:set-payload><![CDATA[%dw 2.0
output application/json
---
{message: "Resource not found"}]]></ee:set-payload>
                    </ee:message>
                    <ee:variables>
                        <ee:set-variable variableName="httpStatus">404</ee:set-variable>
                    </ee:variables>
                </ee:transform>
            </on-error-propagate>
        </error-handler>
    </flow>
</mule>
