<?xml version="1.0" encoding="UTF-8"?>

<mule xmlns:email="http://www.mulesoft.org/schema/mule/email" xmlns:tls="http://www.mulesoft.org/schema/mule/tls"
	xmlns:apikit="http://www.mulesoft.org/schema/mule/mule-apikit"
	xmlns:api-gateway="http://www.mulesoft.org/schema/mule/api-gateway" xmlns:secure-properties="http://www.mulesoft.org/schema/mule/secure-properties" xmlns:http="http://www.mulesoft.org/schema/mule/http" xmlns="http://www.mulesoft.org/schema/mule/core" xmlns:doc="http://www.mulesoft.org/schema/mule/documentation" xmlns:xsi="http://www.w3.org/2001/XMLSchema-instance" xsi:schemaLocation="http://www.mulesoft.org/schema/mule/core http://www.mulesoft.org/schema/mule/core/current/mule.xsd
http://www.mulesoft.org/schema/mule/http http://www.mulesoft.org/schema/mule/http/current/mule-http.xsd
http://www.mulesoft.org/schema/mule/secure-properties http://www.mulesoft.org/schema/mule/secure-properties/current/mule-secure-properties.xsd
http://www.mulesoft.org/schema/mule/api-gateway http://www.mulesoft.org/schema/mule/api-gateway/current/mule-api-gateway.xsd
http://www.mulesoft.org/schema/mule/mule-apikit http://www.mulesoft.org/schema/mule/mule-apikit/current/mule-apikit.xsd
http://www.mulesoft.org/schema/mule/tls http://www.mulesoft.org/schema/mule/tls/current/mule-tls.xsd
http://www.mulesoft.org/schema/mule/email http://www.mulesoft.org/schema/mule/email/current/mule-email.xsd">
	<http:listener-config name="Sys-Api-Bw-Listener-Config" doc:name="HTTP Listener config" doc:id="1e22e1ac-cd08-4010-a232-59011700324a" >
		<http:listener-connection host="${secure::api.https.host}" port="${secure::api.https.port}" protocol="HTTPS">
			<tls:context >
				<tls:key-store type="jks" path="mykeystore.jks" keyPassword="${secure::api.https.keyStoreKeyPassword}" password="${secure::api.https.keyStorePassword}"/>
			</tls:context>
		</http:listener-connection>
	</http:listener-config>
	<secure-properties:config name="Secure_Properties_Config" doc:name="Secure Properties Config" doc:id="5aca285f-1921-4389-be42-6e96d8bc30d7" file="env\mule-sys-api-bw-${mule.env}.yaml" key="${property.key}">
		<secure-properties:encrypt algorithm="Blowfish" />
	</secure-properties:config>
 <api-gateway:autodiscovery apiId="${secure::api.https.autodiscovery.id}" doc:name="API Autodiscovery" doc:id="6b74e7a3-6f48-49e8-bd70-e90b8b0eb236" flowRef="api-main" ignoreBasePath="true"/>
	<http:request-config name="BW-HTTP_Request_configuration" doc:name="HTTP Request configuration" doc:id="3b16c5e6-b1c7-461d-b617-a8477f1e1be2" responseTimeout="${secure::bw.response.timeOut}">
		<http:request-connection host="${secure::bw.http.host}" port="${secure::bw.http.port}" protocol="${secure::bw.protocol}">
			<http:authentication >
				<http:basic-authentication username="${secure::bw.username}" password="${secure::bw.password}" />
			</http:authentication>
		</http:request-connection>
	</http:request-config>
	<http:request-config name="Invoice_HTTP_Request_configuration" doc:name="HTTP Request configuration" doc:id="e4beb63e-cf68-4730-a857-dc697e2f0e85" responseTimeout="${secure::bw.response.timeOut}">
		<http:request-connection host="${secure::bw.http.host}" port="${secure::bw.http.port}" protocol="${secure::bw.protocol}">
			<http:authentication >
				<http:basic-authentication username="${secure::bw.username}" password="${secure::bw.password}" />
			</http:authentication>
		</http:request-connection>
	</http:request-config>
	<apikit:config outboundHeadersMapName="outboundHeadersMapName" httpStatusVarName="httpStatus" doc:name="Router" doc:id="e10407fb-b79f-47be-ae7d-ca8886347819" name="Router" api="api\api.raml" >
		<apikit:flow-mappings >
			<apikit:flow-mapping resource="/invoices" action="get" flow-ref="invoiceFlow" />
			<apikit:flow-mapping resource="/case" action="post" content-type="application/json" flow-ref="caseFlow" />
			<apikit:flow-mapping resource="/opportunities" action="post" content-type="application/json" flow-ref="opportunitiesFlow" />
			<apikit:flow-mapping resource="/contacts" action="post" content-type="application/json" flow-ref="contactsFlow" />
			<apikit:flow-mapping resource="/contactRole" action="post" content-type="application/json" flow-ref="contactRoleFlow" />
			<apikit:flow-mapping resource="/event" action="post" content-type="application/json" flow-ref="eventFlow" />
			<apikit:flow-mapping resource="/task" action="post" content-type="application/json" flow-ref="taskFlow" />
			<apikit:flow-mapping resource="/ping" action="get" flow-ref="pingOperation" />
		</apikit:flow-mappings>
	</apikit:config>
	<configuration doc:name="Configuration" doc:id="43518e22-3ed8-494d-b3e1-e86e6e36136e" defaultErrorHandler-ref="globalErrorError_Handler" />
	<!-- <http:listener-config name="HTTP_Listener_config" doc:name="HTTP Listener config" doc:id="a7dead68-eb93-4a0e-adfd-2f4d4bb2e9ac" >
		<http:listener-connection host="0.0.0.0" port="8082" />
	</http:listener-config> -->
</mule>
