<?xml version="1.0" encoding="UTF-8"?>

<mule xmlns:email="http://www.mulesoft.org/schema/mule/email" xmlns:http="http://www.mulesoft.org/schema/mule/http"
	xmlns:ee="http://www.mulesoft.org/schema/mule/ee/core"
	xmlns="http://www.mulesoft.org/schema/mule/core" xmlns:doc="http://www.mulesoft.org/schema/mule/documentation" xmlns:xsi="http://www.w3.org/2001/XMLSchema-instance" xsi:schemaLocation="http://www.mulesoft.org/schema/mule/core http://www.mulesoft.org/schema/mule/core/current/mule.xsd
http://www.mulesoft.org/schema/mule/ee/core http://www.mulesoft.org/schema/mule/ee/core/current/mule-ee.xsd
http://www.mulesoft.org/schema/mule/http http://www.mulesoft.org/schema/mule/http/current/mule-http.xsd
http://www.mulesoft.org/schema/mule/email http://www.mulesoft.org/schema/mule/email/current/mule-email.xsd">
	<flow name="contactsFlow" doc:id="9b110546-a6a5-4c20-adf8-c04176732fee" >
		<ee:transform doc:name="contactBwMapping" doc:id="db5abef3-2ec7-484e-a56d-ce8aaa5b84c4" >
			<ee:message >
				<ee:set-payload resource="dwl/contactsBwRequest.dwl" />
			</ee:message>
			<ee:variables >
				<ee:set-variable variableName="failurePayload" ><![CDATA[%dw 2.0
output application/json
---
{
 "d" : {
    "ZFLAG" : "X",
	"ConH_ConINav" :payload default[] map  {
    "ZSORGANIZ" : $.zSorganIz default "",
    "ZDNTCALL": $.zDntCall default "",
    "ZDUPLCAT": $.zDuplcat default "",
    "ZCTEMAIL": $.zCteMail  default "",
    "ZEXCLMAR": $.zExclMar  default "",
    "ZEXCLSUR": $.zExclSur default "",
    "ZCTFSTNAM": $.zCtsfstNam default "",
    "ZCSTCNTCT": $.zCstCntCt default "",
    "ZJOBFUN": $.zJobFun default "",
    "ZJOBLVL": $.zJobLvl default "",
    "ZCTLSTNAM": $.zCtLstNam default "",
    "ZLSTUPBY": $.zLstupBy default "",
    "ZLEADSRC": $.zLeadSrc default "",
    "ZMARKSTG": $.zMarkStg default "",
    "ZPHONE": $.zPhone default "",
    "ZUSR_TYP": $.zUsrTyp default "",
    "ZNEXTSUR": $.zNextSur default "",
    "ZNPSPUINL": $.zNpSpuInl default "",
    "ZCTWKPHN": $.zCtWkPhn default "",
    "ZPREFCOM": $.zPrefCom default "",
    "ZLANG": $.zLang default "",
    "ZLOC_REGN": $.zLocRegn default "",
    "ZCTPERTIT": $.zCtPertit default "",
    "ZINACFLAG": $.zInacFlag default "",
    "ZSUBREGN": $.zSubRegn default "",
    "ZCTJOBTIT": $.zCtJobTit default "",
    "ZLSTUPDTS": $.zLstupDts default ""
                 //($.zLstupDts as DateTime) as DateTime{format:'yyyyMMddHHmmss'} default ""
}
}
}]]></ee:set-variable>
			</ee:variables>
		</ee:transform>
		<logger level="INFO" doc:name="contactBwFlowInfoLog" doc:id="2822b15e-c21c-47b4-aaef-c1b889465931" message="#[vars.uuid]:::::uniqueId::#[payload..ZCSTCNTCT]:::::contactsBw flow started"/>
		<logger level="DEBUG" doc:name="contactBwRequestDebugLog" doc:id="c893c4c4-935d-49f2-a118-f8aaf6c9f650" message="#[vars.uuid]:::::uniqueId:::#[payload..ZCSTCNTCT]:::::contactBw Request:::#[payload]" category="com.aperture.mule4.contactsFlow"/>
		<until-successful maxRetries="3" doc:name="Until Successful" doc:id="63e87ca4-9ab1-40c2-a3bd-2b4898a8aea5" millisBetweenRetries="10000">
			<try doc:name="Try" doc:id="cf0529dc-4843-4705-90bc-1739894aef04">
			<http:request method="POST" doc:name="contactBwRequest" doc:id="cda6b50e-1b94-46d0-a7a3-eba81492adc4" config-ref="BW-HTTP_Request_configuration" path="${secure::bw.http.contacts.path}">
			<http:headers><![CDATA[#[output application/java
---
{
	"Accept" : p('secure::bw.Content-Type'),
	"Content-Type" : p('secure::bw.Content-Type'),
	"X-Requested-With" : p('secure::bw.Accept')
}]]]></http:headers>
		</http:request>
				<error-handler >
					<on-error-propagate enableNotifications="true" logException="true" doc:name="On Error Propagate" doc:id="f0d9153a-e760-4077-93a8-bf03b7ae895e" >
						<ee:transform doc:name="Transform Message" doc:id="d5c8b0cc-586e-49cb-9d9b-3836388ccb2c" >
							<ee:message >
							</ee:message>
							<ee:variables >
								<ee:set-variable variableName="errorMessage" ><![CDATA[%dw 2.0
output application/json
---
{
  "status": "Error",
  "statusCode":if(error.cause.errorMessage.attributes.statusCode != null) error.cause.errorMessage.attributes.statusCode else 500,
  "errorMessage": if(error.muleMessage.typedValue.error.message != null) (error.muleMessage.typedValue.error.message) else error.description,
  "errorType": error.errorType.namespace ++ ":" ++ error.errorType.identifier,
  objectName:"contacts"
}]]></ee:set-variable>
							</ee:variables>
						</ee:transform>
					</on-error-propagate>
				</error-handler>
		</try>
		</until-successful>
		<logger level="DEBUG" doc:name="contactsBwResponseDebugLog" doc:id="72bb86c5-334a-44b2-97ca-baa957560cd6" message="#[vars.uuid]::::uniqueId:::#[payload..ZCSTCNTCT]::::bwContact response::::#[payload]" category="com.aperture.mule4.contactsFlow"/>
		<logger level="INFO" doc:name="contactBwResponseInfoLog" doc:id="bdb9b487-56f2-4e48-81aa-3ceb3d1f57b2" message="#[vars.uuid]::uniqueId:::#[payload..ZCSTCNTCT]:::::bwContact response received"/>
		<ee:transform doc:name="contactBwResponseMapping" doc:id="f202a9f8-2d88-444f-9160-0f33c10b5a47" >
			<ee:message >
				<ee:set-payload resource="dwl/contactBwResponse.dwl" />
			</ee:message>
		</ee:transform>
		<error-handler ref="globalErrorError_Handler" />
	</flow>
	<flow name="opportunitiesFlow" doc:id="444140d7-da4a-4e36-a7ba-488a7544d8e5" >
		<ee:transform doc:name="opportunitiesBwMapping" doc:id="0c37537a-5b0d-4b26-9b21-6d786ff15fd7" >
			<ee:message >
				<ee:set-payload resource="dwl/opportunitiesBwRequest.dwl" />
			</ee:message>
			<ee:variables >
				<ee:set-variable variableName="failurePayload" ><![CDATA[%dw 2.0
output application/json
---
{
 "d" : {
    "ZFLAG" : "X",
	"OppH_OppINav":payload default[] map  {
    "ZPARTNER":$.zPartner default "",
	"ZACCNTID":$.zAccntId default "",
	"ZACTFDAT":$.zActfDat default "",
	"ZACTFRDT":$.zActFrDt default "",
	"ZPRIMADVC":$.zPrimaDvc default "",
	"ZAGATCUR":$.zAgatCur default "",
	"ZAMOUNT":$.zAmount default "",
	"ZCLDAT":$.zClDat default "",
	"ZCLSRSN":$.zClSrsn default "",
	"ZCURRENCY":$.zCurrency default "",
	"ZFSHIPDT":$.zFshipDt default "",
	"ZFRAMPDT":$.zFramPdt default "",
	"ZOPPRID":$.zOpprid default "",
	"ZINTCON":$.zIntCon default "",
	"ZLEADSRC":$.zLeadSrc default "",
	"ZNAME4":$.zName4 default "",
	"ZS_SOURCE":$.zSsource default "",
	"ZSPROBABL":$.zSProbabl default "",
	"ZRISKOL":$.zRiskol default "" ,
	"ZROIANC":$.zRoianc default "" ,
	"ZSTGNM":$.zStgNm default "",
	"ZSUPCHP":$.zSupChp default "",
	"ZOPPQTY":$.zOppQty default "",
	"ZOPPTYPE":$.zOppType default "",
	"ZWINBAK":$.zWinBak default "" ,
    "ZLSTUPDTS": $.zLstUpdts default ""
}
}
}
]]></ee:set-variable>
			</ee:variables>
		</ee:transform>
		<logger level="INFO" doc:name="opportunitiesBwInfoLog" doc:id="347631cc-85ae-4df6-8369-2ed93fe94e3a" message="#[vars.uuid]::::uniqueId:::#[payload..ZOPPRID]::::opportunitiesBw flow started"/>
		<logger level="DEBUG" doc:name="opportunitiesBwRequestDbeugLog" doc:id="742235fd-8872-4d36-83e2-30fabb52c35d" message="#[vars.uuid]:::uniqueId::#[payload..ZOPPRID]::::opportunitiesBwRequest::::#[payload]" category="com.aperture.mule4.opportunitiesFlow"/>
		<until-successful maxRetries="3" doc:name="Until Successful" doc:id="f1b6d153-a1a9-47f9-9c34-421839735977" millisBetweenRetries="10000">
			<try doc:name="Try" doc:id="2bc2b937-a9c0-4518-b32f-65099cedf060">
			<http:request method="POST" doc:name="opportunitiesBwRequest" doc:id="03af9b83-e2e8-4c70-a1e8-cec794d11878" config-ref="BW-HTTP_Request_configuration" path="${secure::bw.http.opportunity.path}">
			<http:headers><![CDATA[#[output application/java
---
{
	"Accept" : p('secure::bw.Accept'),
	"Content-Type" : p('secure::bw.Content-Type'),
	"X-Requested-With" : p('secure::bw.X-Requested-With')
}]]]></http:headers>
		</http:request>
				<error-handler >
					<on-error-propagate enableNotifications="true" logException="true" doc:name="On Error Propagate" doc:id="31fd5a16-a8f8-4e53-b4b1-5aa217c38318" >
						<ee:transform doc:name="Transform Message" doc:id="e2207f90-52c3-46d7-9f78-e7deeff894d2" >
							<ee:message >
							</ee:message>
							<ee:variables >
								<ee:set-variable variableName="errorMessage" ><![CDATA[%dw 2.0
output application/json
---
{
  "status": "Error",
  "statusCode":if(error.cause.errorMessage.attributes.statusCode != null) error.cause.errorMessage.attributes.statusCode else 500,
  "errorMessage": if(error.muleMessage.typedValue.error.message != null) (error.muleMessage.typedValue.error.message) else error.description,
  "errorType": error.errorType.namespace ++ ":" ++ error.errorType.identifier,
  objectName:"opportunities"
}]]></ee:set-variable>
							</ee:variables>
						</ee:transform>
					</on-error-propagate>
				</error-handler>
		</try>
		</until-successful>
		<logger level="INFO" doc:name="opportunitiesBwResponseInfoLog" doc:id="d17322f5-8f37-4ea3-abc5-911249ab95b6" message="#[vars.uuid]::::uniqueId::#[payload..ZOPPRID]::opportunitiesBw response received"/>
		<logger level="DEBUG" doc:name="opportunitiesBwResponseDbeugLog" doc:id="5eae0132-dc17-4525-8287-93a7fc69ad82" message="#[vars.uuid]::::uniqueId::#[payload..ZOPPRID]:::opportunitiesBw response:::#[payload]" category="com.aperture.mule4.opportunitiesFlow"/>
		<ee:transform doc:name="opportunitiesResponseMapping" doc:id="76ad5dc5-7ed3-4de2-9d75-eda189cb2d67" >
			<ee:message >
				<ee:set-payload resource="dwl/opportunitiesResponse.dwl" />
			</ee:message>
		</ee:transform>
		<error-handler ref="globalErrorError_Handler" />
	</flow>
	<flow name="caseFlow" doc:id="f520a8e3-0116-45cc-9d3b-4f33a8de8b5b" >
		<ee:transform doc:name="caseBwMapping" doc:id="c203d952-7661-4319-8196-4ad1e8789e3d" >
			<ee:message >
				<ee:set-payload resource="dwl/caseBwRequest.dwl" />
			</ee:message>
			<ee:variables >
				<ee:set-variable variableName="failurePayload" ><![CDATA[%dw 2.0
output application/json
---
{
 "d" : {
    "ZCASEID" : "X",
    "CaseH_CaseINav" :payload default[] map  {
    "ZACCNTID":$.zaccntID default "",
    "ZRTCAUSE":$.zRtCause default "",
    "ZAPLSTAT":$.zAplStat default "",
    "ZBUS_UNIT":$.zBusUnit default "",
    "ZCSENUMB":$.zCseNumb default "",
    "ZCSEPRIOR":$.zCsePrior default "",
    "ZSCATEGRY":$.zScategry default "",
    "ZCAUSEBY":$.zCauseBy default "",
    "ZUPDATDTE":$.zUpdatDte default "",
    "ZLSTCHGTM":$.zLstchgtm default "",
    "ZCSTCNTCT":$.zCstcntct default "",
    "ZREQDELDT":$.zReqDeldt default "",
    "ZTCDELDOC":$.zTcdelDoc default "",
    "ZPARTNER":$.zPartner default "",
    "ZCASEID":$.zCaseId default "",
    "ZCLSDOPN":$.zClsOpn default "",
    "ZLEVEL":$.zLevel default "",
    "ZDROPLIVE":$.zDropLive default "",
    "ZMACHINE":$.zMachine default "",
    "ZORIGIN":$.zOrigin default "",
    "ZOWNERID":$.zOwnerId default "",
    "ZPRIORITY":$.zPriority default "",
    "ZPRDGROUP":$.zPrdGroup default "",
    "ZCSREASN":$.zCsrEasn default "",
    "ZSFRTYPID":$.zSfrTypId default "",
    "ZLOC_REGN":$.zLocRegn default "",
    "ZRCAUSEO":$.zRcauseo default "",
    "ZSHIFT":$.zShift default "",
    "ZSRSYSTM":$.zSrSystm default "",
    "ZSTATUS":$.zStatus default "",
    "ZSUBCTEG":$.zSubcTeg default "",
    "ZSUBTYPE":$.zSubType default "",
    "ZTRUKNLD":$.zTrukNld default "",
    "ZTYPE":$.zType default "",
    "ZVANFLAT":$.zVanFlat default "",
    "ZPRUNOUT":$.zPrunOut default "",
    "ZTRIGERID":$.zTrigerid default "",
    "ZSFAPHID":$.zSfaphId default "",
    "ZCALSCRPT":$.zCalScrpt default "",
    "ZTHDPRTY":$.zThdPrty default "",
    "ZEFFSTDT":$.zEffstdt default "",
    "ZORGQUE":$.zOrgque default "",
    //"ZAGEDAYS":$.AgeDays__c default "",
    "ZPRNTCSE":$.zPrntCse default "",
    "ZSFPROD":$.zSfProd default "",
    "Z3PSYSTM":$.z3PSystm default "",
    "ZLSTUPDTS": $.zLstupDts default "",
                 //($.zLstupDts as DateTime) as DateTime{format:'yyyyMMddHHmmss'} default ""
     "ZCREATEDON":$.zCreateDon default "",
     "ZCREA_TIME":$.zCreaTime default ""            
    }
 }
}

]]></ee:set-variable>
			</ee:variables>
		</ee:transform>
		<logger level="INFO" doc:name="caseBwFlowInfoLog" doc:id="4ec6da02-e391-489e-916f-978ccfd11794" message="#[vars.uuid]:::::uniqueId::#[payload..ZCASEID]::caseBw flow started"/>
		<logger level="DEBUG" doc:name="caseBwRequestDebugLog" doc:id="be005f6c-e751-486d-b155-e33deb2b7350" message="#vars.uuid]::::uniqueId::#[payload..ZCASEID]:::caseBw request:::#[payload]" category="com.aperture.mule4.caseFlow"/>
		<until-successful maxRetries="3" doc:name="Until Successful" doc:id="39459063-a777-4426-8365-7b99b68d0b87" millisBetweenRetries="10000">
			<try doc:name="Try" doc:id="7d3e0b27-a26c-43b6-935c-423a505ffe56">
			<http:request method="POST" doc:name="caseBwRequest" doc:id="6f1d373e-93b2-446f-88a1-e08d09dc3db9" config-ref="BW-HTTP_Request_configuration" path="${secure::bw.http.case.path}">
			<http:headers><![CDATA[#[output application/java
---
{
	"Accept" : p('secure::bw.Accept'),
	"Content-Type" : p('secure::bw.Content-Type'),
	"X-Requested-With" : p('secure::bw.X-Requested-With')
}]]]></http:headers>
		</http:request>
				<error-handler >
					<on-error-propagate enableNotifications="true" logException="true" doc:name="On Error Propagate" doc:id="a451c348-4228-465b-b745-4fe827b8d087" >
						<ee:transform doc:name="errorMessage" doc:id="84b67b4f-0418-4a9c-a2ac-2b71aad47a1b" >
							<ee:message />
							<ee:variables >
								<ee:set-variable variableName="errorMessage" ><![CDATA[%dw 2.0
output application/json
---
{
  "status": "Error",
  "statusCode":if(error.cause.errorMessage.attributes.statusCode != null) error.cause.errorMessage.attributes.statusCode else 500,
  "errorMessage": if(error.muleMessage.typedValue.error.message != null) (error.muleMessage.typedValue.error.message) else error.description,
  "errorType": error.errorType.namespace ++ ":" ++ error.errorType.identifier,
  objectName:"case"
}]]></ee:set-variable>
							</ee:variables>
						</ee:transform>
					</on-error-propagate>
				</error-handler>
		</try>
		</until-successful>
		<logger level="INFO" doc:name="caseBwResponseInfoLog" doc:id="ebe69321-b76e-4765-bbb2-a16ba2fa353b" message="#[vars.uuid]:::::uniqueId:::#[payload..ZCASEID]:::::caseBw Response received"/>
		<logger level="DEBUG" doc:name="caseBwResponseDebugLog" doc:id="2abe1db1-3175-4658-81cd-2f1c3d82f3ef" message="#[vars.uuid]::uniqueId::::#[payload..ZCASEID]::::::casebw response::::#[payload]" category="com.aperture.mule4.caseFlow"/>
		<ee:transform doc:name="caseBwResponseMapping" doc:id="04531de1-213b-4ef7-9ea3-72cec79ef17c" >
			<ee:message >
				<ee:set-payload resource="dwl/caseResponse.dwl" />
			</ee:message>
		</ee:transform>
		<error-handler ref="globalErrorError_Handler" />
	</flow>
	<flow name="contactRoleFlow" doc:id="cb5cf467-1021-4659-b5a3-025041c195d8" >
		<ee:transform doc:name="contactRoleBwMapping" doc:id="a400fe40-ac4e-42d6-8a79-9cb2da547b3f" >
			<ee:message >
				<ee:set-payload resource="dwl/contactRoleBwRequest.dwl" />
			</ee:message>
			<ee:variables >
				<ee:set-variable variableName="failurePayload" ><![CDATA[%dw 2.0
output application/json
---
{
 "d" : {
    "ZACCCNTID" : "X",
	"AccCncTH_AccCncTINav": payload default[] map  {
	"ZACCNTID":$.zAccntId default "",
	"ZCSTCNTCT":$.zCstCntCt default "",
	"ZEND_DATE":$.zEndDate default "",
	"ZACCCNTID":$.zAccCntId default "",
	"ZCNTROLE":$.zCntRole default "",
	"ZEFFSTDT":$.zEffStdt default "",
    "ZLSTUPDTS": $.zLstUpdts default ""
	
	
}
}
}]]></ee:set-variable>
			</ee:variables>
		</ee:transform>
		<logger level="INFO" doc:name="contactRoleFlowInfoLog" doc:id="742d36d5-b176-4196-b82a-068f94749b1a" message="#[vars.uuid]::::uniqueId::#[payload..ZACCCNTID]::contactRole flow started"/>
		<logger level="DEBUG" doc:name="contactRoleDebugLog" doc:id="2b19502d-e4de-420f-876c-e3e1c8a75aeb" message="#[vars.uuid]::::::uniqueId:::#[payload..ZACCCNTID]:::::contactRoleBw request::#[payload]" category="com.aperture.mule4.contactRoleFlow"/>
		<until-successful maxRetries="3" doc:name="Until Successful" doc:id="9bc516ef-92dd-40e2-b8d0-a9fb1704b05d" millisBetweenRetries="10000">
			<try doc:name="Try" doc:id="b50912f1-1809-480a-bf02-d2a36b535c85">
			<http:request method="POST" doc:name="contactRoleBwRequest" doc:id="a6d0d4d3-a823-421b-aafc-8f61c4f34dbe" config-ref="BW-HTTP_Request_configuration" path="${secure::bw.http.contactRoll.path}">
			<http:headers><![CDATA[#[output application/java
---
{
	"Accept" : p('secure::bw.Accept'),
	"Content-Type" : p('secure::bw.Content-Type'),
	"X-Requested-With" : p('secure::bw.X-Requested-With')
}]]]></http:headers>
		</http:request>
				<error-handler >
					<on-error-propagate enableNotifications="true" logException="true" doc:name="On Error Propagate" doc:id="94556f41-267f-440b-9566-2cf670271b15" >
						<ee:transform doc:name="Transform Message" doc:id="4f08f8da-ed53-4d56-b71b-dacc869b7a91" >
							<ee:message >
							</ee:message>
							<ee:variables >
								<ee:set-variable variableName="errorMessage" ><![CDATA[%dw 2.0
output application/json
---
{
  "status": "Error",
  "statusCode":if(error.cause.errorMessage.attributes.statusCode != null) error.cause.errorMessage.attributes.statusCode else 500,
  "errorMessage": if(error.muleMessage.typedValue.error.message != null) (error.muleMessage.typedValue.error.message) else error.description,
  "errorType": error.errorType.namespace ++ ":" ++ error.errorType.identifier,
  objectName:"contactRole"
}]]></ee:set-variable>
							</ee:variables>
						</ee:transform>
					</on-error-propagate>
				</error-handler>
		</try>
		</until-successful>
		<logger level="INFO" doc:name="contactRoleBwResponseInfoLog" doc:id="3fbcb9ca-f8e7-4bdb-80af-b829d93e3225" message="#[vars.uuid]:::uniqueId:::#[payload..ZACCCNTID]:::contactRole response received"/>
		<logger level="DEBUG" doc:name="contactRoleBwResponseDebugLog" doc:id="6fc8ac6a-7468-47be-a243-bc5ee4ce420b" message="#[vars.uuid]::::uniqueId:::#[payload..ZACCCNTID]::::::contactRole response::#[payload]" category="com.aperture.mule4.contactRoleFlow"/>
		<ee:transform doc:name="contactRoleResponseMapping" doc:id="32a9f4f1-8caa-4edf-9d3a-91c68613d258" >
			<ee:message >
				<ee:set-payload resource="dwl/contactRoleResponse.dwl" />
			</ee:message>
		</ee:transform>
		<error-handler ref="globalErrorError_Handler" />
	</flow>
	<flow name="eventFlow" doc:id="cf94b685-0d35-4328-ad16-f3a2862fd4fd" >
		<ee:transform doc:name="eventBwMapping" doc:id="8d2e90a5-542f-4a35-aea9-0784d8d8604f" >
			<ee:message >
				<ee:set-payload resource="dwl/eventBwRequest.dwl" />
			</ee:message>
			<ee:variables >
				<ee:set-variable variableName="failurePayload" ><![CDATA[%dw 2.0
output application/json
---
{
 "d" : {
    "ZFLAG" : "X",
	"ActH_ActINav":payload default[] map  {
	"ZACTYDAT":$.zAcTyDat default "",
	"ZSCOMDATE":$.zScomDate default "",
	"ZACTVTYID":$.zActVtyId default "",
	"ZOWNERID":$.zOwnerId default "",
	"ZACTRESN":$.zAcTresn default "",
	"ZSRSYSTM":$.zSrSystm default "",
	"ZSTATUS":$.zStatus default "",
	// "ZEMLSUBJ":$.zSubject default "",
	"ZSUBJECT":$.zSubject default "",	
	"ZTOPIC":$.zTopic default "",
	"ZTYPE":$.zType default "",
	"ZWHATID":$.zWhatId default "",
	"ZWHOID":$.zWhoId default "",
	"ZCREATEBY":$.zCreateBy default "",
	"ZSACTTYPE":$.zSactType default "",
	"ZCRTDATE":$.zCrtDate default "",
	"ZPRIORITY":$.zPriority default "",
	"ZLSTUPDTS": $.zLstUpdts default ""
}
}
}]]></ee:set-variable>
			</ee:variables>
		</ee:transform>
		<logger level="INFO" doc:name="eventFlowInfoLog" doc:id="4be2669e-9ce6-430a-a1a9-dfa20316d5d3" message="#[vars.uuid]:::::uniqueId:::#[payload..ZACTVTYID]:eventFlow started"/>
		<logger level="DEBUG" doc:name="eventFlowRequestDebugLog" doc:id="19da115a-7bfe-4fc2-898c-b64340b69596" message="#[vars.uuid]:::::uniqueId:::#[payload..ZACTVTYID]:::::eventFlow Request:::#[payload]" category="com.aperture.mule4.eventFlow"/>
		<until-successful maxRetries="3" doc:name="Until Successful" doc:id="faefda03-3e2e-4fbd-a20e-232261b8dfed" millisBetweenRetries="10000">
			<try doc:name="Try" doc:id="5059415d-6cbd-4a84-8eec-4785c80d015a">
			<http:request method="POST" doc:name="eventBwRequest" doc:id="18266d9c-5873-483a-bc4c-41e9555059a5" config-ref="BW-HTTP_Request_configuration" path="${secure::bw.http.activities.path}">
			<http:headers><![CDATA[#[output application/java
---
{
	"Accept" : p('secure::bw.Accept'),
	"Content-Type" : p('secure::bw.Content-Type'),
	"X-Requested-With" : p('secure::bw.X-Requested-With')
}]]]></http:headers>
		</http:request>
				<error-handler >
					<on-error-propagate enableNotifications="true" logException="true" doc:name="On Error Propagate" doc:id="25e3510c-1748-44b3-9845-4842ba5bc7cf" >
						<ee:transform doc:name="Transform Message" doc:id="0293a0c7-f285-4753-8388-8ea55b153661" >
							<ee:message >
							</ee:message>
							<ee:variables >
								<ee:set-variable variableName="errorMessage" ><![CDATA[%dw 2.0
output application/json
---
{
  "status": "Error",
  "statusCode":if(error.cause.errorMessage.attributes.statusCode != null) error.cause.errorMessage.attributes.statusCode else 500,
  "errorMessage": if(error.muleMessage.typedValue.error.message != null) (error.muleMessage.typedValue.error.message) else error.description,
  "errorType": error.errorType.namespace ++ ":" ++ error.errorType.identifier,
  objectName:"event"
}]]></ee:set-variable>
							</ee:variables>
						</ee:transform>
					</on-error-propagate>
				</error-handler>
		</try>
		</until-successful>
		<logger level="INFO" doc:name="eventResponseInfoLog" doc:id="a3b0f8f7-56e9-47f2-a5ec-e2be5bf710f8" message="#[vars.uuid]:::::uniqueId:::#[payload..ZACTVTYID]:::::eventBw response received"/>
		<logger level="DEBUG" doc:name="eventResponseDebugLog" doc:id="554dfb7e-3334-4ebe-9e31-692161820170" message="#[vars.uuid]:::::uniqueId:::#[payload..ZACTVTYID]:::::eventBw response:::#[payload]" category="com.aperture.mule4.eventFlow"/>
		<ee:transform doc:name="eventDWResponseMapping" doc:id="a088dda9-8c69-44cc-b077-b76e07a3e5c0" >
			<ee:message >
				<ee:set-payload resource="dwl/eventResponse.dwl" />
			</ee:message>
		</ee:transform>
		<error-handler ref="globalErrorError_Handler" />
	</flow>
	<flow name="taskFlow" doc:id="59e64648-1a6e-4c41-8d60-aa7bd8d785fe" >
		<ee:transform doc:name="taskBwMapping" doc:id="fade719a-2850-47a1-a648-66ca14aa7c10" >
			<ee:message >
				<ee:set-payload resource="dwl/taskBwRequest.dwl" />
			</ee:message>
			<ee:variables >
				<ee:set-variable variableName="failurePayload" ><![CDATA[%dw 2.0
output application/json
---
{
 "d" : {
    "ZFLAG" : "X",
	"ActH_ActINav":payload default[] map  {
	"ZACTYDAT":$.zActyDat default "",
	"ZSCOMDATE":$.zScomDate default "",
	"ZACTVTYID":$.zActvtyId default "",
	"ZOWNERID":$.zOwnerId default "",
	"ZACTRESN":$.zAcTresn default "",
	"ZSRSYSTM":$.zSrSystm default "",
	"ZSTATUS":$.zStatus default "",
//	"ZEMLSUBJ":$.zSubject default "",
	"ZSUBJECT":$.zSubject default "",
	"ZTOPIC":$.zTopic default "",
	"ZTYPE":$.zType default "",
	"ZWHATID":$.zWhatId default "",
	"ZWHOID":$.zWhoId default "",
	"ZCREATEBY":$.zCreateBy default "",
	"ZSACTTYPE":$.zSactType default "",
	"ZCRTDATE":$.zCrtDate default "",
	"ZPRIORITY":$.zPriority default "",
	"ZLSTUPDTS": $.zLstUpdts default ""
}
}
}]]></ee:set-variable>
			</ee:variables>
		</ee:transform>
		<logger level="INFO" doc:name="taskFlowInfoLog" doc:id="38719f12-5920-4cf7-a0ab-26d38b5eadcd" message="#[vars.uuid]::::::uniqueId::#[payload..ZACTVTYID]::::taskBwFlow Started"/>
		<logger level="DEBUG" doc:name="taskFlowRequestDebugLog" doc:id="7b163aec-766d-423d-bd30-15b48e81d303" message="#[vars.uuid]::uniqueId::#[payload..ZACTVTYID]:::::taskBw request:::#[payload]" category="com.aperture.mule4.taskFlow"/>
		<until-successful maxRetries="3" doc:name="Until Successful" doc:id="4d33e5aa-77b9-4f58-ace2-2267a3e5944d" millisBetweenRetries="10000">
			<try doc:name="Try" doc:id="22751825-ce6e-48e7-ab79-dbf9620d1161">
			<http:request method="POST" doc:name="taskBwRequest" doc:id="482bddff-7701-4e47-a862-ae544a3e021f" config-ref="BW-HTTP_Request_configuration" path="${secure::bw.http.activities.path}">
			<http:headers><![CDATA[#[output application/java
---
{
	"Accept" : p('secure::bw.Accept'),
	"Content-Type" : p('secure::bw.Content-Type'),
	"X-Requested-With" : p('secure::bw.X-Requested-With')
}]]]></http:headers>
		</http:request>
				<error-handler >
					<on-error-propagate enableNotifications="true" logException="true" doc:name="On Error Propagate" doc:id="b066dd3b-84e3-4e3d-b4df-87b5751489c8" >
						<ee:transform doc:name="Transform Message" doc:id="5ac0bd3a-80ef-4270-8d9d-64320178cc79" >
							<ee:message >
							</ee:message>
							<ee:variables >
								<ee:set-variable variableName="errorMessage" ><![CDATA[%dw 2.0
output application/json
---
{
  "status": "Error",
  "statusCode":if(error.cause.errorMessage.attributes.statusCode != null) error.cause.errorMessage.attributes.statusCode else 500,
  "errorMessage": if(error.muleMessage.typedValue.error.message != null) (error.muleMessage.typedValue.error.message) else error.description,
  "errorType": error.errorType.namespace ++ ":" ++ error.errorType.identifier,
  objectName:"task"
}]]></ee:set-variable>
							</ee:variables>
						</ee:transform>
					</on-error-propagate>
				</error-handler>
		</try>
		</until-successful>
		<logger level="INFO" doc:name="taskResponseInfoLog" doc:id="0e6ad77a-5842-4008-9a64-358b29e4af14" message="#[vars.uuid]:::uniqueId:::#[payload..ZACTVTYID]::::taskResponse received"/>
		<logger level="DEBUG" doc:name="taskResponseDebugLog" doc:id="882a7cf0-fdf0-45fe-9072-02163b0c0ce6" message="#[vars.uuid]::::uniqueId::#[payload..ZACTVTYID]:::taskBw Response:::#[payload]" category="com.aperture.mule4.taskFlow"/>
		<ee:transform doc:name="taskResponseMapping" doc:id="c61849d3-c99c-4900-abdb-5a6c0484788f" >
			<ee:message >
				<ee:set-payload resource="dwl/taskResponse.dwl" />
			</ee:message>
		</ee:transform>
		<error-handler ref="globalErrorError_Handler" />
	</flow>
	<flow name="pingOperation" doc:id="dd3fb9d8-3457-492a-a836-485e5f432355" >
		<http:request method="GET" doc:name="requestToBw" doc:id="2b7eb494-352f-47ed-a07e-e74c70ab2694" config-ref="BW-HTTP_Request_configuration" path="${secure::bw.http.path.ping}">
			<http:headers ><![CDATA[#[output application/java
---
{
	"X-Requested-With" : p('secure::bw.X-Requested-With'),
	"Content-Type"  : p('secure::bw.Content-Type'),
	"Accept": p('secure::bw.Accept')
}]]]></http:headers>
			<http:query-params ><![CDATA[#[output application/java
---
{
	"\$filter" : p('secure::bw.filter')
}]]]></http:query-params>
		</http:request>
		<ee:transform doc:name="pingOperationStatus" doc:id="e35b0405-03f0-4374-bd67-2790b7292a13" >
			<ee:message >
				<ee:set-payload ><![CDATA[%dw 2.0
output application/json
---
{
	"status":"success"
}]]></ee:set-payload>
			</ee:message>
		</ee:transform>
		<error-handler >
			<on-error-continue enableNotifications="true" logException="true" doc:name="On Error Continue" doc:id="fc1a484e-6feb-4c3f-a770-2745efc70c90" >
				<!-- <email:send doc:name="sendEmailToBW Team" doc:id="1706d55d-e80b-495a-9b5b-f52c0c2e4ebc" config-ref="Email_SMTP" fromAddress="${secure::smtp.from}" subject="{secure::smtp.ping.subject}" toAddresses="#[p('secure::smtp.sf.to') splitBy (',')]">
					<email:body contentType="text/plain">
						<email:content><![CDATA[#["BW System is Down/Not Responding"]]]></email:content>
					</email:body>
				</email:send> -->
				<ee:transform doc:name="pingOperationStatus" doc:id="329b3b97-2496-4df5-a242-ce1dee289e9f" >
					<ee:message >
						<ee:set-payload ><![CDATA[%dw 2.0
output application/json
---
{
	"status":"fail"
}]]></ee:set-payload>
					</ee:message>
					<ee:variables >
						<ee:set-variable variableName="httpStatus" ><![CDATA[400]]></ee:set-variable>
					</ee:variables>
				</ee:transform>
			</on-error-continue>
		</error-handler>
	</flow>
</mule>
