<?xml version="1.0" encoding="UTF-8"?>

<mule xmlns:email="http://www.mulesoft.org/schema/mule/email" xmlns:ee="http://www.mulesoft.org/schema/mule/ee/core"
	xmlns="http://www.mulesoft.org/schema/mule/core"
	xmlns:doc="http://www.mulesoft.org/schema/mule/documentation" xmlns:xsi="http://www.w3.org/2001/XMLSchema-instance" xsi:schemaLocation="http://www.mulesoft.org/schema/mule/core http://www.mulesoft.org/schema/mule/core/current/mule.xsd
http://www.mulesoft.org/schema/mule/ee/core http://www.mulesoft.org/schema/mule/ee/core/current/mule-ee.xsd
http://www.mulesoft.org/schema/mule/email http://www.mulesoft.org/schema/mule/email/current/mule-email.xsd">
	<error-handler name="globalErrorError_Handler" doc:id="8ae81f16-1dcc-4a2a-bece-d1c2a6810dbb" >
		<on-error-propagate enableNotifications="true" logException="true" doc:name="On Error Propagate" doc:id="565b4429-dcc3-4386-bf93-d989fda926de" when='#[error.exception.cause.cause."type" == "TIMEOUT" or error.exception.cause.cause."type" == "BAD_GATEWAY" or error.exception.cause.cause."type" == "CONNECTIVITY" or error.exception.cause.cause."type" == "RETRY_EXHAUSTED"]'>
			<logger level="INFO" doc:name="errorInfoLog" doc:id="866e873a-d2be-490e-942f-7dc21116b869" message="UUID:::#[vars.UUID]::ErrorMessage_Log::::::::::#[vars.errorMessage.errorMessage]" />
			<ee:transform doc:name="errorInfo" doc:id="7e22f1e6-2e87-4d32-924f-779bc535a108" >
				<ee:message />
				<ee:variables >
					<ee:set-variable variableName="errorInfo" ><![CDATA[%dw 2.0
output application/json
---
{
  "status": "Error",
  "statusCode": 500,
  "errorMessage": vars.errorMessage.errorMessage,
  "errorType": vars.errorMessage.errorType,
  objectName: vars.errorMessage.objectName
}]]></ee:set-variable>
				</ee:variables>
			</ee:transform>
			<!-- <ee:transform doc:name="setEmailContent" doc:id="b4e72c30-8d5f-4b6a-849d-012d73b9924a" >
				<ee:message />
				<ee:variables >
					<ee:set-variable variableName="emailContent" ><![CDATA[%dw 2.0
output application/java
-&#45;&#45;
"Hi Team, DataExtract-SF (" ++ vars.errorMessage.objectName ++ ")-BW integration got failed while connecting to BW System." ]]></ee:set-variable>
				</ee:variables>
			</ee:transform> -->
			<!-- <email:send doc:name="sendEmailToBW Team" doc:id="2954dac9-d6d8-4a28-a465-fdba985c5248" config-ref="Email_SMTP" fromAddress="${secure::smtp.from}" subject="${secure::smtp.bw.subject}" toAddresses="#[p('secure::smtp.bw.to') splitBy (',')]" >
				<email:body contentType="text/plain" />
			</email:send> -->
		</on-error-propagate>
		<on-error-propagate enableNotifications="true" logException="true" doc:name="On Error Propagate" doc:id="aa1a7363-fed8-4562-90b8-b95be839b46a" type="ANY">
			<logger level="INFO" doc:name="errorMessageInfoLog" doc:id="31cfd205-86e6-4faa-8256-bb795dce04cc" message="UUID:::#[vars.UUID]::ErrorMessage_Log::::::::::#[vars.errorMessage.errorMessage]" />
			<ee:transform doc:name="errorInfo" doc:id="012e3cc5-51ea-4500-b984-404e35622280" >
				<ee:message />
				<ee:variables >
					<ee:set-variable variableName="errorInfo" ><![CDATA[%dw 2.0
output application/json
---
{
  "status": "Error",
  "statusCode": 400,
  "errorMessage": vars.errorMessage.errorMessage,
  "errorType": vars.errorMessage.errorType,
  objectName: vars.errorMessage.objectName
}]]></ee:set-variable>
				</ee:variables>
			</ee:transform>
			<!-- <ee:transform doc:name="setEmailContent" doc:id="fc55a93a-8f54-4752-a7ad-7bb7adbb0f22" >
				<ee:message />
				<ee:variables >
					<ee:set-variable variableName="emailContent" ><![CDATA[%dw 2.0
output application/json
-&#45;&#45;

{
content: "Hi Team, DataExtract-SF (" ++ vars.errorMessage.objectName ++ ")-BW integration got failed due to business error" ,
attachment:"failed records are: " ++ (vars.sfId joinBy ",")
}]]></ee:set-variable>
				</ee:variables>
			</ee:transform> -->
			<!-- <email:send doc:name="sendEmailToBW Team" doc:id="3651b809-4b3c-463c-942a-ea0866c54e78" config-ref="Email_SMTP" fromAddress="${secure::smtp.from}" subject="${secure::smtp.bw.subject}" toAddresses="#[p('secure::smtp.bw.to') splitBy (',')]" >
				<email:body contentType="text/plain" >
					<email:content ><![CDATA[#[vars.emailContent.content]]]></email:content>
				</email:body>
				<email:attachments ><![CDATA[#[{
(p('secure::smtp.fileName')):vars.emailContent.attachment

}]]]></email:attachments>
			</email:send> -->
		</on-error-propagate>
	</error-handler>
</mule>
