<?xml version="1.0" encoding="UTF-8"?>

<mule xmlns:ee="http://www.mulesoft.org/schema/mule/ee/core" xmlns:http="http://www.mulesoft.org/schema/mule/http"
	xmlns="http://www.mulesoft.org/schema/mule/core"
	xmlns:doc="http://www.mulesoft.org/schema/mule/documentation" xmlns:xsi="http://www.w3.org/2001/XMLSchema-instance" xsi:schemaLocation="http://www.mulesoft.org/schema/mule/core http://www.mulesoft.org/schema/mule/core/current/mule.xsd
http://www.mulesoft.org/schema/mule/http http://www.mulesoft.org/schema/mule/http/current/mule-http.xsd
http://www.mulesoft.org/schema/mule/ee/core http://www.mulesoft.org/schema/mule/ee/core/current/mule-ee.xsd">
	<flow name="invoiceFlow" doc:id="cbb554a9-5c38-4d96-bac2-17f77ada2d45" >
		<logger level="INFO" doc:name="invoiceInfoLog" doc:id="4490e70e-5e36-4882-9f07-cd533cfbbcc3" message="#[vars.uuid]:::invoiceFlowStarted" />
		<ee:transform doc:name="headersValues" doc:id="ad2ce43c-cc6e-45bc-b9e8-1c03d6f0d347" >
			<ee:message >
			</ee:message>
			<ee:variables >
				<ee:set-variable resource="dwl/headersValues.dwl" variableName="headersValues" />
			</ee:variables>
		</ee:transform>
		<ee:transform doc:name="customFilter" doc:id="a600bfe9-e97c-4426-88bd-c4971511b3e2" >
			<ee:message >
			</ee:message>
			<ee:variables >
				<ee:set-variable resource="dwl/customFilter.dwl" variableName="filter" />
			</ee:variables>
		</ee:transform>
		<http:request method="GET" doc:name="bwInvoiceRequest" doc:id="8263be01-d811-4771-9507-a6f901ce4dca" config-ref="Invoice_HTTP_Request_configuration" path="${secure::bw.http.path.invoice}" >
			<http:headers ><![CDATA[#[output application/java
---
{
	'X-Requested-With' : p('secure::bw.X-Requested-With'),
	"Accept" : p('secure::bw.Content-Type'),
	'Content-Type' : p('secure::bw.Content-Type')
}]]]></http:headers>
			<http:query-params ><![CDATA[#[output application/java
---
{
	"\$orderBy" : attributes.Headers.orderBy,
	"\$format" : attributes.Headers.format,
	"\$filter" : vars.filter,
	"\$skip" : attributes.Headers.skip,
	"\$top" : attributes.Headers.top,
	"\$select" : attributes.Headers.select,
	"\$inlinecount" : attributes.Headers.inlinecount
}]]]></http:query-params>
		</http:request>
		<ee:transform doc:name="invoiceResponseMapping" doc:id="14571837-9f3b-4042-9b3f-f98610501c45" >
			<ee:message >
				<ee:set-payload resource="dwl/invoiceResponse.dwl" />
			</ee:message>
		</ee:transform>
		<logger level="DEBUG" doc:name="invoiceResponseDebugLog" doc:id="009c55cd-bea8-416b-9199-fedacc8094de" message="#[vars.uuid]::uniqueId:::#[payload.d..zDebitor]::::::InvoiceSuccessResponseFromBw::::::#[payload]" category="com.aperture.mule4.invoiceFlow"/>
		<logger level="INFO" doc:name="invoiceResponseInfoLog" doc:id="24f9dd87-0ca7-4eca-a8df-f516dc6bcad1" message="#[vars.uuid]:::::uniqueId:::#[payload.d..zDebitor]:::::invoice success response received"/>
	</flow>
	
</mule>
