<?xml version="1.0" encoding="UTF-8"?>

<mule xmlns:http="http://www.mulesoft.org/schema/mule/http" xmlns:ee="http://www.mulesoft.org/schema/mule/ee/core"
	xmlns:salesforce="http://www.mulesoft.org/schema/mule/salesforce"
	xmlns="http://www.mulesoft.org/schema/mule/core" xmlns:doc="http://www.mulesoft.org/schema/mule/documentation" xmlns:xsi="http://www.w3.org/2001/XMLSchema-instance" xsi:schemaLocation="http://www.mulesoft.org/schema/mule/core http://www.mulesoft.org/schema/mule/core/current/mule.xsd
http://www.mulesoft.org/schema/mule/salesforce http://www.mulesoft.org/schema/mule/salesforce/current/mule-salesforce.xsd
http://www.mulesoft.org/schema/mule/ee/core http://www.mulesoft.org/schema/mule/ee/core/current/mule-ee.xsd
http://www.mulesoft.org/schema/mule/http http://www.mulesoft.org/schema/mule/http/current/mule-http.xsd">
	<!-- <http:request-config name="SAP_Dummy_Request_configuration" doc:name="HTTP Request configuration" doc:id="1b8315ae-964e-4864-b544-643cc75ad29e" >
		<http:request-connection protocol="${secure::sap.https.protocol1}" host="${secure::sap.https.host1}" port="${secure::sap.https.port1}" />
	</http:request-config> -->
	<flow name="customers" doc:id="4d0f36ab-805f-47f0-ba83-c9b1fb4b0996">
		
		<salesforce:replay-channel-listener streamingChannel="/event/ActivateLocation__e" replayOption="FROM_REPLAY_ID" doc:name="Replay channel listener" doc:id="29e149e4-3150-474a-b65e-25e54534c6cd" config-ref="Salesforce_Config_Proc" autoReplay="true" replayId="-1"/>
		<!-- <http:listener doc:name="Listener" doc:id="a8ae4466-44a9-4764-8340-46b0e93a0c54" config-ref="HTTP_Listener_config" path="/customerCreate"/> -->
		<ee:transform doc:name="payload" doc:id="40bb6f21-0c82-4b3c-a2bb-2a1f100b6b98" >
			<ee:message >
				<ee:set-payload ><![CDATA[%dw 2.0
output application/json
---
payload]]></ee:set-payload>
			</ee:message>
		</ee:transform>
		<set-variable value="#[uuid()]" doc:name="UUID" doc:id="db4c808e-ac6f-42d9-aefb-8f4d824a2485" variableName="UUID" />
		<logger level="INFO" doc:name="infoLogger" doc:id="665a7ce3-0476-45e8-af7e-c2708c24172f" message="incoming request for ActivateLocation :: uuid :#[vars.UUID] id:#[vars.dbId]"/>
		<logger level="DEBUG" doc:name="requestDebugLog" doc:id="594404cf-7e6d-4b7a-b178-72c426863f8a" message="create customer sap request payload SF :: UUID::#[vars.UUID] ::#[payload]  " category="com.aperture.mule4.accountCreate"/>
		<ee:transform doc:name="customerCreateRequest" doc:id="0a53dc7f-90c8-4ba4-be5e-8174e3b5e64a" >
			<ee:message >
				<ee:set-payload ><![CDATA[%dw 2.0
output application/json
fun dynamicFields(input1) = (input1 != null and input1 != "" )
---
{
d: {
customer: payload.data."payload".GlobalId__c,
action: "I",
country: payload.data."payload".BillingCountryCode__c,
name1: if(sizeOf(payload.data."payload".AccountName__c) > 34)payload.data."payload".AccountName__c[0 to 34] else payload.data."payload".AccountName__c,
name2: payload.data."payload".AccountName__c[35 to -1],
name3: payload.data."payload".LegalName__c,
city: payload.data."payload".BillingCity__c,
postalCode: payload.data."payload".BillingPostalCode__c,
region: payload.data."payload".BillingStateCode__c,
street1: payload.data."payload".Street1__c,
street2: payload.data."payload".Street2__c,
street3: payload.data."payload".Street3__c,
street4: payload.data."payload".Street4__c,
street5: payload.data."payload".Street5__c,
custAcctGrp: payload.data."payload".AccountGroup__c,
//custCondGrp5:payload.data."payload".SendtoBXB__c,
//custCondGrp1:payload.data."payload".CommercialReviewType__c,
taxNum1: payload.data."payload".CompanyRegistrationNo__c,
taxNum2: payload.data."payload".TaxNumber2__c,
taxNumber3: payload.data."payload".TaxNumber3__c,
taxNumber4: payload.data."payload".TaxNumber4__c,
taxNumber5: payload.data."payload".TaxNumber5__c,
vatRegNo: payload.data."payload".VATRegno__c,
houseNumber: payload.data."payload".HouseNumber1__c,
houseNumber2: payload.data."payload".HouseNumber2__c,
district: payload.data."payload".DistrictCounty__c,
poBox: payload.data."payload".POBox__c,
poBoxPcode: payload.data."payload".POBoxPostalCode__c,
poBoxCity: payload.data."payload".POBoxOtherCity__c,
//PoBoxCountry: payload.data."payload".POBoxOtherCountry__c,
telephone: payload.data."payload".Phone__c,
fax: payload.data."payload".Fax__c,
industryKey: if(payload.data."payload".Industry__c != null) payload.data."payload".Industry__c[0 to 3] else "",
name4: payload.data."payload".CustomerOwnID__c,
//channel: payload.data."payload".Channel__c,
industryCode1:payload.data."payload".BramblesBusinessUnit__c,
//industryType:payload.data."payload".IndustryType__c,
(groupB:(payload.data."payload".IndustryType__c splitBy  " -")[0]) if(dynamicFields(payload.data."payload".IndustryType__c)) ,
(channelSf: p("secure::channelSf." ++ payload.data."payload".Channel__c)) if(dynamicFields(payload.data."payload".Channel__c)),
(locationType: p("secure::locationType." ++ payload.data."payload".LocationType__c)) if(dynamicFields(payload.data."payload".LocationType__c)),
(locationSize:  p("secure::locationSize." ++ payload.data."payload".LocationSize__c)) if(dynamicFields(payload.data."payload".LocationSize__c)),
(businessSystem: p("secure::businessSystem." ++ payload.data."payload".BusinessSystem__c)) if(dynamicFields(payload.data."payload".BusinessSystem__c)),
customerCompanyData: {
results: [{
companyCode: payload.data."payload".CompanyCode__c[0 to 3],
custUser: payload.data."payload".DebtGroupId__c
}] filter ($!={})
},
customerSalesDataSet: {
results: [{
salesOrg: payload.data."payload".CompanyCode__c[0 to 3],
distrChannel: "10",
division: payload.data."payload".Division__c,
poRequired: if(payload.data."payload".PORequired__c == false) " " else "X"
}]filter ($!={})
},
customerTextSet: {
results: [({
textId: "Z002",
textLine: (payload.data.payload.Logistics_Instr__c default "") 
}),
({
textId: "Z005",
textLine: (payload.data.payload.VanFlatbed__c default "")
}) ,
({
textId: "Z019",
textLine: (payload.data.payload.DUNSNumber__c default "")
}) ,
({
textId: "Z018",
textLine: payload.data.payload.VehicleType__c default ""
}) ,
({
textId: "Z017",
textLine: payload.data.payload.LiveDrop__c default ""
}) ,
({
textId: "Z016",
textLine: payload.data.payload.VendorCode__c default ""
}),
({
textId: "Z024",
textLine: if(payload.data.payload.HideFromMyCHEP__c == false) " " else "X"
}),
        ({
          "textId": "Z014",
          "textLine": payload.data.payload.BlanketPONumber__c default ""
        })
]
}
}
}
]]></ee:set-payload>
			</ee:message>
			<ee:variables >
				<ee:set-variable variableName="errorSystem" ><![CDATA[%dw 2.0
output application/json
---
"sap"]]></ee:set-variable>
				<ee:set-variable variableName="originalPayload" ><![CDATA[%dw 2.0
output application/json
---
payload]]></ee:set-variable>
				<ee:set-variable variableName="interfaceName" ><![CDATA[%dw 2.0
output application/java
---
"aperture-sf-sap-account-create"]]></ee:set-variable>
				<ee:set-variable variableName="caseId" ><![CDATA[%dw 2.0
output application/json
---
payload.data."payload".SFAccountId__c]]></ee:set-variable>
				<ee:set-variable variableName="actionFlag" ><![CDATA[%dw 2.0
output application/java
---
"I"]]></ee:set-variable>
				<ee:set-variable variableName="accountId" ><![CDATA[%dw 2.0
output application/json
---
payload.data."payload".SFAccountId__c]]></ee:set-variable>
				<ee:set-variable variableName="dbId" ><![CDATA[%dw 2.0
output application/json
---
payload.data."payload".GlobalId__c]]></ee:set-variable>
				<ee:set-variable variableName="companyCode" ><![CDATA[%dw 2.0
output application/json
---
payload.data."payload".CompanyCode__c]]></ee:set-variable>
				<ee:set-variable variableName="chatterPostBody" ><![CDATA[%dw 2.0
output application/java
---
"Successfully created to SAP"]]></ee:set-variable>
			
</ee:variables>
		</ee:transform>
		<logger level="INFO" doc:name="infoLog" doc:id="b0eb69f7-3967-4dd0-a535-dfddc2ea753a" message="before custome create sap request :: uuid :#[vars.UUID] id:#[vars.dbId]"/>
		<logger level="DEBUG" doc:name="debugLog" doc:id="e59d51d6-4131-4380-9bbb-41234552c2b6" message="uuid :#[vars.UUID] id:#[vars.dbId] create customer sap request payload:#[payload] " category="com.aperture.mule4.accountCreate"/>
		<http:request method="POST" doc:name="requestToSap" doc:id="191dc24c-abe4-48b0-b646-62fd4108bed6" config-ref="Sap_Request_configuration" path="${secure::sap.https.customerJourney.path}" >
			<http:headers ><![CDATA[#[output application/java
---
{
	uuid : vars.uuid,
   "client_secret" : p('secure::sap.client.secret'),
	"client_id" : p('secure::sap.client.id')
	
}]]]></http:headers>
		</http:request>
		<logger level="INFO" doc:name="infoLog" doc:id="52804503-e98e-4d0f-82df-45e122ac9dd7" message="sap success response after customer create  :: uuid :#[vars.UUID] id:#[vars.dbId] customer:#[payload.d.customer]"/>
		<flow-ref doc:name="invokeChatterPost" doc:id="f0857742-bc7d-4052-972c-c7cd3601c641" name="chatterPostFlow" />
		<async doc:name="Async" doc:id="02e7ef58-086f-4bcf-b825-3aaa0a49d893">
			<flow-ref doc:name="successResponseToDbFlow" doc:id="ebcae783-98bc-4278-a1fb-e1ea8c0656e2" name="successResponseToDbFlow" />
		
</async>
		<try doc:name="Try" doc:id="a3cf570c-118a-4e40-997c-fb195542d6fe" >
			
			<ee:transform doc:name="successPayloadFromSap" doc:id="7e3ff303-0c3e-4c84-aa6c-cd57c4779859" >
				<ee:message >
				</ee:message>
				<ee:variables >
					<ee:set-variable variableName="locationCreationStatus" ><![CDATA[%dw 2.0
output application/java
---
[{
	"Id": vars.originalPayload.data."payload".SFAccountId__c,
	"LocationCreationStatus__c": "Synced",
	"DateJoinedPool__c": now() as String {format:"yyyy-MM-dd"} as Date
}]]]></ee:set-variable>
					<ee:set-variable variableName="interfaceName" ><![CDATA[%dw 2.0
output application/java
---
"aperture-sf-sap-contact-create"]]></ee:set-variable>
				</ee:variables>
			</ee:transform>
			<logger level="INFO" doc:name="logInfo" doc:id="671b5f1f-6c2e-4c5d-8227-04e4c1e179c6" message="customer create before salesforce update :: UUID::#[vars.UUID] id :#[vars.dbId]" />
			<logger level="DEBUG" doc:name="debugLog" doc:id="dd57b2f6-37a5-4582-b086-d9e9534ab65b" message="customer create before salesforce update :: UUID::#[vars.UUID] id :#[vars.dbId] customer create Data before Salesforce status update:#[payload]" category="com.aperture.mule4.accountCreate"/>
			<salesforce:update type="Account" doc:name="updateAccountLocation" doc:id="e99e9566-e572-4985-8f1f-3c0a09bfc945" config-ref="Salesforce_Config_Proc">
				<salesforce:records><![CDATA[#[vars.locationCreationStatus]]]></salesforce:records>
			</salesforce:update>
			<flow-ref doc:name="contactOperations" doc:id="9daf00f5-74ae-480a-bee0-465a1534f6fa" name="contactOperations"/>
			<ee:transform doc:name="payload" doc:id="fcf51206-6e11-41f5-ac18-a04c5ba953b4" >
				<ee:message >
					<ee:set-payload ><![CDATA[%dw 2.0
output application/json
---
payload]]></ee:set-payload>
				</ee:message>
			</ee:transform>
			<logger level="INFO" doc:name="infoLog" doc:id="5c2bf631-4352-46dd-a604-1c884013895f" message="response for customer create after contact operations :: UUID::#[vars.UUID] dbId: #[vars.dbId] "/>
			<logger level="DEBUG" doc:name="debugLog" doc:id="25d5868d-9c79-4a1d-b539-d3b7069dfc86" message="UUID::#[vars.UUID] dbId: #[vars.dbId] customer create data after contact operations:#[payload]" category="com.aperture.mule4.accountCreate"/>
			<error-handler >
				<on-error-continue enableNotifications="true" logException="true" doc:name="On Error Continue" doc:id="d02eb3b8-ce10-462f-ba57-b44ace96c963" >
					<logger level="INFO" doc:name="infoLogErrorResponse" doc:id="5ee716c3-a5aa-4a9b-ae40-b3b9d9ee8b4b" message="UUID:: #[vars.UUID] Location create status update failed:#[vars.locationCreationStatus]" />
				
</on-error-continue>
			</error-handler>
		</try>
		<logger level="INFO" doc:name="logInfoLocationActivation" doc:id="bbc36cf4-2960-4540-98d0-5ce299523b19" message="customer create success response :: UUID::#[vars.UUID] dbId: #[vars.dbId] " />
		<logger level="DEBUG" doc:name="debugLog" doc:id="de57c78e-acaf-4893-803d-78be28f50833" message="UUID::#[vars.UUID] dbId: #[vars.dbId] Success response from customer create salesforce:::#[payload]" category="com.aperture.mule4.accountCreate"/>
		<error-handler >
			<!-- <on-error-continue enableNotifications="true" logException="true" doc:name="On Error Continue" doc:id="1666c58d-4955-45b4-af71-a5d0afaf5af1" when='((error.muleMessage.payload."errorMessage" contains "Customer alredy exist" ) == true)'>
				<logger level="INFO" doc:name="Logger" doc:id="7cf4ced0-4701-492d-8833-2213f815fc9f" message="customer already exists for accountId: #[vars.accountId]" />
			</on-error-continue> -->
			<on-error-continue enableNotifications="true" logException="true" doc:name="On Error continue" doc:id="596db20d-3ddf-43a7-9c58-1e1d727c7e4b" when="#[((error.cause.errorMessage.attributes.statusCode default 500) &gt;= 500) or (error.cause.errorMessage.attributes.statusCode == 401)]">
				<flow-ref doc:name="ibmPublishCommonFlow" doc:id="b5cb82db-9428-46c4-a8e7-0236b1136285" name="ibmPublishCommonFlow"/>
				<logger level="INFO" doc:name="infoLog" doc:id="5b2daef0-99db-4dd2-8e79-ddb4c5e247ca" message="payload published to queue :: uuid:#[vars.UUID]" />
			</on-error-continue>
			<on-error-continue enableNotifications="true" logException="true" doc:name="On Error Continue" doc:id="e0ef7c60-b0c0-498e-8fdd-f759568377bd" >
				<try doc:name="Try" doc:id="813062fd-1d8e-4745-a633-5b99223591d3" >
					
					<ee:transform doc:name="cancelSundryErrorResponse" doc:id="28d8b2db-bb98-40ff-b7be-239d8bb27822" >
						<ee:message />
						<ee:variables >
							<ee:set-variable variableName="chatterPostBody" ><![CDATA[%dw 2.0
output application/java
---
"Location record creation in SAP has failed with the following reason : " ++ ( if(error.muleMessage.payload != null)error.muleMessage.payload."errorMessage" else "SAP error details not found") ++ ". If you are not able to correct the data error and retrigger the creation, then please get in touch with the CRM team for resolution of the issue."]]></ee:set-variable>
							<ee:set-variable variableName="failurePayload" ><![CDATA[%dw 2.0
output application/json
---
if(error.muleMessage.payload.failureMessage != null) error.muleMessage.payload.failureMessage  else error.description default ""]]></ee:set-variable>
						
</ee:variables>
					</ee:transform>
					<salesforce:query doc:name="locationCreationStatusQuery" doc:id="a180caa6-ae2b-4909-99d9-94f22e20df73" config-ref="Salesforce_Config_Proc" target="locationCreationStatus">
						<salesforce:salesforce-query><![CDATA[select LocationCreationStatus__c FROM Account WHERE Id = :id]]></salesforce:salesforce-query>
						<salesforce:parameters><![CDATA[#[output application/java
---
{
	"id" : "'" ++ vars.accountId ++"'"
}]]]></salesforce:parameters>
					</salesforce:query>
					<ee:transform doc:name="queryPayload" doc:id="394f134c-5819-4788-b137-4ab89e844fa1">
						<ee:message />
						<ee:variables>
							<ee:set-variable variableName="locationCreationStatus"><![CDATA[%dw 2.0
output application/json
---
vars.locationCreationStatus]]></ee:set-variable>
						</ee:variables>
					</ee:transform>
					<logger level="INFO" doc:name="infoLog" doc:id="7b167c55-ded2-45b3-9427-52463e9a9064" message="uuid :#[vars.UUID] id:#[vars.dbId], locationCreationStatus  :#[vars.locationCreationStatus.LocationCreationStatus__c[0]]"/>
					<logger level="DEBUG" doc:name="debugLog" doc:id="a420d3f6-2c16-491b-93d1-22a8065414c0" message="uuid :#[vars.UUID] id:#[vars.dbId] location query response for customer create #[payload]" category="com.aperture.mule4.accountCreate"/>
					<choice doc:name="Choice" doc:id="7a46a964-7e48-4bf1-9fbe-c80710a65e0e" >
						<when expression='#[vars.locationCreationStatus.LocationCreationStatus__c[0] != "Synced"]'>
							<ee:transform doc:name="failedCaseId" doc:id="c2f9dac7-3abd-4503-865b-c571f61b2d77">
						<ee:message>
							<ee:set-payload><![CDATA[%dw 2.0
output application/json
---
[{
	"Id": vars.originalPayload.data."payload".SFAccountId__c,
	"LocationCreationStatus__c": "Failed"
}]]]></ee:set-payload>
						</ee:message>
					</ee:transform>
							<logger level="INFO" doc:name="infoLog" doc:id="f676be62-f485-46b3-9227-b4b29633ee71" message="before salesforce account update in Error Handler:: uuid :#[vars.UUID] id:#[vars.dbId] accountId :#[vars.accountId]"/>
							<logger level="DEBUG" doc:name="debugLog" doc:id="caae21d2-a7dd-4912-9da4-ddcf838857e5" message="uuid :#[vars.UUID] id:#[vars.dbId],accountId :#[vars.accountId]  Data in Error Handler before Salesforce update:#[payload]" category="com.aperture.mule4.accountCreate"/>
							<salesforce:update type="Account" doc:name="failedCaseIdUpdate" doc:id="fab26bc0-ced6-44a9-b6dd-1827468b136b" config-ref="Salesforce_Config_Proc" />
							<ee:transform doc:name="payload" doc:id="95093218-a1e5-4e14-a37d-875daee8cb41">
						<ee:message>
							<ee:set-payload><![CDATA[%dw 2.0
output application/json
---
payload]]></ee:set-payload>
						</ee:message>
					</ee:transform>
							<logger level="INFO" doc:name="infoLog" doc:id="652c6d04-0b8a-42ce-b368-d861df2b104f" message="success response from salesforce account update in Error Handler :: uuid :#[vars.UUID] id:#[vars.dbId],accountId :#[vars.accountId]"/>
							<logger level="DEBUG" doc:name="debugLog" doc:id="d22b54e3-911d-4b30-b15a-ce2186c689e1" message="uuid :#[vars.UUID] id:#[vars.dbId],accountId :#[vars.accountId] Data in Error Handler after Salesforce account Update:#[payload]" category="com.aperture.mule4.accountCreate"/>
						</when>
						<otherwise >
							<logger level="INFO" doc:name="infoLog" doc:id="c7c967aa-94af-4976-a1b2-f041141ec851" message="uuid :#[vars.UUID] id:#[vars.dbId] accountId :#[vars.accountId] customer already exists for following account #[vars.accountId]" />
							<logger level="DEBUG" doc:name="debugLog" doc:id="32482435-8509-436c-aefe-eff27d31eaf2" message="customer already exists for the account ::  uuid :#[vars.UUID] id:#[vars.dbId] accountId :#[vars.accountId], locationCreationStatus  :#[vars.locationCreationStatus.LocationCreationStatus__c[0]]" category="com.aperture.mule4.accountCreate"/>
						</otherwise>
					</choice>
					<error-handler >
						<on-error-continue enableNotifications="true" logException="true" doc:name="On Error Continue" doc:id="10867f5d-4a82-4cb8-9fa8-7f1235e895e2" >
							<logger level="INFO" doc:name="infoLog" doc:id="45c27d11-c7ba-4cb0-9374-195e702dc413" message="uuid : #[vars.UUID] location status update failed" />
						</on-error-continue>
					</error-handler>
				</try>
				<logger level="INFO" doc:name="infoLogCaseId" doc:id="dc1843a5-1b88-4971-9450-2c2e410e3dfc" message="uuid :#[vars.UUID] id:#[vars.dbId],accountId :#[vars.accountId] Failed caseId" />
				<logger level="ERROR" doc:name="debugLogCaseId" doc:id="099c117f-bbe5-4785-a22d-b739e3fb8e71" message="UUID::#[vars.UUID] Failed caseId:: #[vars.caseId]" category="com.aperture.mule4.cancelFailureCaseId" />
				<logger level="INFO" doc:name="infoLogchatterPostError" doc:id="b9cdc4b9-e1c9-4a72-bcda-06524f982979" message="create customer Error with following caseId #[vars.caseId]  UUID::#[vars.UUID]" />
				<logger level="DEBUG" doc:name="debugLogchatterPostError" doc:id="2610ed60-d2f2-4696-96d0-597005550570" message="create customer Error with following caseId #[vars.caseId] UUID::#[vars.UUID]  #[vars.chatterPostBody]" category="com.aperture.mule4.chatterpostError"/>
				<flow-ref doc:name="invokeChatterPost" doc:id="19bc517f-d3a0-459d-b685-be7167a0009d" name="chatterPostFlow" />
				<logger level="INFO" doc:name="chatterPostInfoLog" doc:id="1312de9a-8221-4c9f-8533-579be5f88094" message="UUID:::#[vars.uuid]:::success response from chatterPost  " />
				<logger level="DEBUG" doc:name="chatterPostDebugLog" doc:id="356f02c1-382b-4c3e-b461-98fc13cf793f" message="UUID::#[vars.uuid]:::response from chatterPost #[payload]" category="com.aperture.mule4.cancelChatterPost" />
				<flow-ref doc:name="dbCancelErrorSundryOrderFlow" doc:id="b29aa52b-cc4e-49d4-98a2-78c5dd0d07b3" name="errorResponseToDbFlow" />
			</on-error-continue>
			
		
</error-handler>
	</flow>
	<flow name="customersUpdate" doc:id="61de1151-ee94-4436-8070-1ad27f7fce08">
		
		<salesforce:replay-channel-listener streamingChannel="/event/AccountUpdated__e" replayOption="FROM_REPLAY_ID" doc:name="Replay channel listener" doc:id="10d37b29-b62a-4847-adbd-533b3e36e407" config-ref="Salesforce_Config_Proc" autoReplay="true" replayId="-1"/>
		<!-- <http:listener doc:name="Listener" doc:id="740a7597-b908-43ea-8343-9ae47a96877d" config-ref="HTTP_Listener_config" path="/customerUpdate"/> -->
		<ee:transform doc:name="payload" doc:id="b0cba20e-a904-4d26-b26d-1ea76c3daff3" >
			<ee:message >
				<ee:set-payload ><![CDATA[%dw 2.0
output application/json
---
payload]]></ee:set-payload>
			</ee:message>
			<ee:variables >
				<ee:set-variable variableName="errorSystem" ><![CDATA[%dw 2.0
output application/json
---
"sap"]]></ee:set-variable>
				<ee:set-variable variableName="originalPayload" ><![CDATA[%dw 2.0
output application/json
---
payload]]></ee:set-variable>
				<ee:set-variable variableName="interfaceName" ><![CDATA[%dw 2.0
output application/java
---
"aperture-sf-sap-account-update"]]></ee:set-variable>
				<ee:set-variable variableName="caseId" ><![CDATA[%dw 2.0
output application/json
---
payload.data.payload.SFAccountId__c]]></ee:set-variable>
				<ee:set-variable variableName="accountId" ><![CDATA[%dw 2.0
output application/json
---
payload.data.payload.SFAccountId__c]]></ee:set-variable>
				<ee:set-variable variableName="actionFlag" ><![CDATA[%dw 2.0
output application/java
---
"U"]]></ee:set-variable>
				<ee:set-variable variableName="dbId" ><![CDATA[%dw 2.0
output application/json
---
payload.data."payload".GlobalId__c]]></ee:set-variable>
				<ee:set-variable variableName="chatterPostBody" ><![CDATA[%dw 2.0
output application/java
---
"Successfully updated to SAP"]]></ee:set-variable>
			
</ee:variables>
		</ee:transform>
		<set-variable value="#[uuid()]" doc:name="UUID" doc:id="bede2c88-3e9f-452f-9b6a-2631daec7ab0" variableName="uuid"/>
		<logger level="INFO" doc:name="requestInfoLog" doc:id="a3faf775-e9ce-4be9-baa7-1f1bb00425e3" message=" Incoming request for Update customer :: UUID : #[vars.uuid] id : #[vars.dbId]"/>
		<logger level="DEBUG" doc:name="debugRequestLog" doc:id="0a26c547-d6f7-48fd-a893-5efc2452e06b" message="UUID : #[vars.uuid] id : #[vars.dbId] Incoming request from AccountUpdated topic::::#[payload]" category="com.aperture.mule4.accountUpdate"/>
		<ee:transform doc:name="customerUpdateRequest" doc:id="c8436246-bfe0-49f6-bbab-e4ffcd3c912e" >
			<ee:message >
				<ee:set-payload ><![CDATA[%dw 2.0
output application/json
fun dynamicFields(input1) = (input1 != null and input1 != "" )
---
{
d: {
customer: payload.data."payload".GlobalId__c default "",
action: "U",
country: payload.data."payload".BillingCountryCode__c default "",
name1: if(sizeOf(payload.data."payload".AccountName__c) > 34)payload.data."payload".AccountName__c[0 to 34] else payload.data."payload".AccountName__c default "",
name2: payload.data."payload".AccountName__c[35 to -1] default "",
//name3: payload.data."payload".LegalName__c,
city: payload.data."payload".BillingCity__c default "",
postalCode: payload.data."payload".BillingPostalCode__c default "",
region: payload.data."payload".BillingStateCode__c default "",
street1: payload.data."payload".Street1__c default "",
street2: payload.data."payload".Street2__c default "",
street3: payload.data."payload".Street3__c default "",
street4: payload.data."payload".Street4__c default "",
street5: payload.data."payload".Street5__c default "",
//custAcctGrp: payload.data."payload".AccountGroup__c,
//custCondGrp5:payload.data."payload".SendtoBXB__c,
//custCondGrp1:payload.data."payload".CommercialReviewType__c,
//taxNum1: payload.data."payload".CompanyRegistrationNo__c,
//taxNum2: payload.data."payload".TaxNumber2__c,
//taxNumber3: payload.data."payload".TaxNumber3__c,
//taxNumber4: payload.data."payload".TaxNumber4__c,
//taxNumber5: payload.data."payload".TaxNumber5__c,
//vatRegNo: payload.data."payload".VATRegno__c,
houseNumber: payload.data."payload".HouseNumber1__c default "",
houseNumber2: payload.data."payload".HouseNumber2__c default "",
district: payload.data."payload".DistrictCounty__c default "",
poBox: payload.data."payload".POBox__c default "",
poBoxPcode: payload.data."payload".POBoxPostalCode__c default "",
poBoxCity: payload.data."payload".POBoxOtherCity__c default "",
//PoBoxCountry: payload.data."payload".POBoxOtherCountry__c,
telephone: payload.data."payload".Phone__c default "",
fax: payload.data."payload".Fax__c default "",
industryKey: if(payload.data."payload".Industry__c != null) payload.data."payload".Industry__c[0 to 3] else "",
//name4: payload.data."payload".CustomerOwnID__c,
//channel: payload.data."payload".Channel__c,
//industryCode1:payload.data."payload".BramblesBusinessUnit__c,
//industryType:payload.data."payload".IndustryType__c,
groupB:((payload.data."payload".IndustryType__c default "") splitBy " -")[0],
channelSf: p("secure::channelSf." ++ payload.data."payload".Channel__c) default "",
locationType: p("secure::locationType." ++ payload.data."payload".LocationType__c) default "",
locationSize: p("secure::locationSize." ++ payload.data."payload".LocationSize__c) default "",
businessSystem: p("secure::businessSystem." ++ payload.data."payload".BusinessSystem__c) default "",
customerCompanyData: {
results: [{
companyCode: null
}] filter ($!={})
},
customerSalesDataSet: {
results: [{
salesOrg: null,
distrChannel: "10",
//division: payload.data."payload".Division__c,
poRequired: if(payload.data."payload".PORequired__c == false) " " else "X"
}]filter ($!={})
},
customerTextSet: {
results: [ /* ({
textId: "Z002",
textLine: (payload.data.payload.Logistics_Instr__c default "")
}),
({
textId: "Z005",
textLine: (payload.data.payload.VanFlatbed__c default "")
}) ,
({
textId: "Z018",
textLine: payload.data.payload.VehicleType__c default ""
}) ,
({
textId: "Z017",
textLine: payload.data.payload.LiveDrop__c default ""
}) , */
({
textId: "Z019",
textLine: (payload.data.payload.DUNSNumber__c default "")
}) ,
({
textId: "Z024",
textLine: if(payload.data.payload.HideFromMyCHEP__c == false) " " else "X"
})
]
}
}
}]]></ee:set-payload>
			</ee:message>
		</ee:transform>
		<logger level="INFO" doc:name="infoLog" doc:id="8f8c2c2b-4079-4217-a900-87135bc00127" message="UUID : #[vars.uuid] id : #[vars.dbId] customer update request payload to sap :#[payload]"/>
		<logger level="DEBUG" doc:name="debugLog" doc:id="c43f70d4-e9a3-4c9c-9379-00966de8258b" message="UUID : #[vars.uuid] id : #[vars.dbId] Update customer sap request payload:#[payload] " category="com.aperture.mule4.accountUpdate"/>
		<http:request method="POST" doc:name="requestToSap" doc:id="89a3d5cd-88cf-47c5-8f98-7c5e0c473b39" config-ref="Sap_Request_configuration" path="${secure::sap.https.customerJourney.path}" >
			<http:headers ><![CDATA[#[output application/java
---
{
	uuid : vars.uuid,
   "client_secret" : p('secure::sap.client.secret'),
	"client_id" : p('secure::sap.client.id')
	
}]]]></http:headers>
		</http:request>
		<logger level="INFO" doc:name="infoLog" doc:id="f18a4919-3ae3-4529-906c-63ddb1b62984" message="UUID : #[vars.uuid] id : #[vars.dbId] customerId from sap Response Payload :::#[payload.d.customer]" />
		<flow-ref doc:name="invokeChatterPost" doc:id="f6eca6e1-c7fa-4a13-8f87-daa9e03a710a" name="chatterPostFlow" />
		<async doc:name="Async" doc:id="be4c0625-1d00-422f-b560-33a5c68dab55" >
			<flow-ref doc:name="successResponseToDbFlow" doc:id="d636f18c-d77d-4378-9ea4-17c66feb67be" name="successResponseToDbFlow"/>
		</async>
		<ee:transform doc:name="payload" doc:id="248bc24c-ae10-4cbc-8c8f-7371b895f066" >
			<ee:message >
				<ee:set-payload ><![CDATA[%dw 2.0
output application/json
---
payload]]></ee:set-payload>
			</ee:message>
		</ee:transform>
		<!-- <try doc:name="Try" doc:id="3d613612-4ff1-4276-acda-cf5f30e0e987" >
			
			<ee:transform doc:name="successPayloadFromSap" doc:id="311ca822-ad16-446e-8053-661e98e10d89" >
				<ee:message >
				</ee:message>
				<ee:variables >
					<ee:set-variable variableName="locationCreationStatus" ><![CDATA[%dw 2.0
output application/json
-&#45;&#45;
[{
	"Id": vars.originalPayload.data."payload".SFAccountId__c,
	"LocationCreationStatus__c": "Synced"
}]]]></ee:set-variable>
				</ee:variables>
			</ee:transform>
			<logger level="INFO" doc:name="logInfo" doc:id="be3142e9-1662-4dc8-9b44-c0530e4bcc96" message="UUID::#[vars.uuid] customer update Data before Salesforce status update:#[payload]" />
			<salesforce:update type="Account" doc:name="updateAccountLocation" doc:id="a683670e-8da1-401d-8ac1-20ea2a6f5144" config-ref="Salesforce_Config_Proc" >
				<salesforce:records ><![CDATA[#[vars.locationCreationStatus]]]></salesforce:records>
			</salesforce:update>
			<ee:transform doc:name="payload" doc:id="89449e99-ef04-456f-9211-edd86b1aedad" >
				<ee:message >
					<ee:set-payload ><![CDATA[%dw 2.0
output application/json
-&#45;&#45;
payload]]></ee:set-payload>
				</ee:message>
			</ee:transform>
			<logger level="INFO" doc:name="infoLog" doc:id="b8a893fa-aad1-4ef5-9727-9222459ab12b" message="UUID::#[vars.uuid] customer update Data after Salesforce status update:#[payload]" />
			<error-handler >
				<on-error-continue enableNotifications="true" logException="true" doc:name="On Error Continue" doc:id="053c92e3-f369-4972-b8a1-5950022ffa75" >
					<logger level="INFO" doc:name="infoLogErrorResponse" doc:id="95373fac-66aa-4aec-b309-c728e92acdc4" message="UUID:: #[vars.uuid] Location update status failed:#[payload]" />
				</on-error-continue>
			</error-handler>
		</try> -->
		<logger level="DEBUG" doc:name="debugLogLocationActivation" doc:id="a498dbcc-97c6-4c70-bf21-e5f837a03176" message="UUID : #[vars.uuid] id : #[vars.dbId] Sap success response from customer update :::#[payload]" category="com.aperture.mule4.accountUpdate"/>
		<error-handler >
		
			<on-error-continue enableNotifications="true" logException="true" doc:name="On Error continue" doc:id="55a670f2-776a-4cb2-92c1-22f585431cd6" when="#[((error.cause.errorMessage.attributes.statusCode default 500) &gt;= 500) or (error.cause.errorMessage.attributes.statusCode == 401)]">
							<flow-ref doc:name="ibmPublishCommonFlow" doc:id="3972effe-2a16-4168-9a8d-00220869351e" name="ibmPublishCommonFlow"/>
							<logger level="INFO" doc:name="infoLog" doc:id="0b66aaa2-804f-4db3-82bd-a289b11288c2" message=" UUID : #[vars.uuid] id : #[vars.dbId] payload published to queue" />
						
			</on-error-continue>
			<on-error-continue enableNotifications="true" logException="true" doc:name="On Error Continue" doc:id="47b579e0-99a0-4a94-a080-b91cb14e9a3d" >
				<ee:transform doc:name="cancelSundryErrorResponse" doc:id="2c9e4618-ce37-4626-b7ea-5fb3bfe4f51c">
						<ee:message />
						<ee:variables>
							<ee:set-variable variableName="chatterPostBody"><![CDATA[%dw 2.0
output application/java
---
"Location record update in SAP has failed with the following reason : " ++ ( if(error.muleMessage.payload != null)error.muleMessage.payload."errorMessage" default "error not found" else "SAP error details not found") ++ ". If you are not able to correct the data error and retrigger the creation, then please get in touch with the CRM team for resolution of the issue."]]></ee:set-variable>
						<ee:set-variable variableName="failurePayload" ><![CDATA[%dw 2.0
output application/json
---
if(error.muleMessage.payload.failureMessage != null) error.muleMessage.payload.failureMessage  else error.description default ""]]></ee:set-variable>
						
</ee:variables>
					</ee:transform>
				<!-- <try doc:name="Try" doc:id="c518bab1-43d7-4e4e-93fa-17f0c60e1be3" >
					<ee:transform doc:name="failedCaseId" doc:id="0a41d465-11b3-4e8e-bba3-f20aa094c269" >
						<ee:message >
							<ee:set-payload ><![CDATA[%dw 2.0
output application/json
-&#45;&#45;
[{
	"Id": vars.originalPayload.data."payload".SFAccountId__c,
	"LocationCreationStatus__c": "Failed"
}]]]></ee:set-payload>
						</ee:message>
					</ee:transform>
					<logger level="INFO" doc:name="infoLog" doc:id="be19df11-94fc-486e-8e97-411f64b6b9e2" message="Data in Error Handler before Salesforce update:#[payload]" />
					<salesforce:update type="Account" doc:name="failedCaseIdUpdate" doc:id="f09f31a3-3aca-4d28-a989-c482af513398" config-ref="Salesforce_Config_Proc" />
					<ee:transform doc:name="payload" doc:id="85c9a871-3b0b-4c7d-a943-19d69ba17011" >
						<ee:message >
							<ee:set-payload ><![CDATA[%dw 2.0
output application/json
-&#45;&#45;
payload]]></ee:set-payload>
						</ee:message>
					</ee:transform>
					<logger level="INFO" doc:name="salesforceErrorResponseinfoLog" doc:id="b97f11b0-3f63-4ce6-8ee8-b381182031b5" message="Data in Error Handler after Salesforce Update:#[payload]" />
					<error-handler >
						<on-error-continue enableNotifications="true" logException="true" doc:name="On Error Continue" doc:id="61d92623-f141-4166-bce9-04b056d7fcb6" >
							<logger level="INFO" doc:name="statusInfoLogger" doc:id="d890e715-3589-4c48-964b-30a39c410dc2" message="location status update  failed" />
						</on-error-continue>
					</error-handler>
				</try> -->
				<logger level="INFO" doc:name="infoLogCaseId" doc:id="2cbb6e89-01a5-420c-a7a9-acf8ee22348e" message=" UUID : #[vars.uuid] id : #[vars.dbId] Failed SFAccountId:: #[vars.caseId]" />
				<logger level="ERROR" doc:name="debugLogCaseId" doc:id="431f00a1-5513-4fef-8240-8b12ad508f07" message=" UUID : #[vars.uuid] id : #[vars.dbId] Failed SFAccountId:: #[vars.caseId]" category="com.aperture.mule4.cancelFailureCaseId" />
				<logger level="DEBUG" doc:name="debugLogchatterPostError" doc:id="6fbb22c0-aa2e-410f-86bc-30a3c5ec04f1" message=" UUID : #[vars.uuid] id : #[vars.dbId] update customer Error with following SFAccountId #[vars.caseId]#[vars.chatterPostBody]" category="com.aperture.mule4.chatterpostError"/>
				<flow-ref doc:name="invokeChatterPost" doc:id="9100be3f-9ab5-4818-86b8-4484addbac91" name="chatterPostFlow" />
				<logger level="INFO" doc:name="chatterPostInfoLog" doc:id="3c975fc4-5f1d-4ba4-8046-f8911ed9cd1a" message=" UUID : #[vars.uuid] id : #[vars.dbId]:::response from chatterPost " />
				<logger level="DEBUG" doc:name="chatterPostDebugLog" doc:id="8d313760-d255-484c-af30-fe56c0e96265" message="UUID : #[vars.uuid] id : #[vars.dbId]:::response from chatterPost #[payload]" category="com.aperture.mule4.cancelChatterPost" />
				<try doc:name="Try" doc:id="1c1f04e1-389b-42de-8820-a8a5295f4ba9" >
					<flow-ref doc:name="invokeGetGlidFlow" doc:id="5c946748-baf9-4202-8676-147d460fc608" name="getGlidIdFlow" target="companyCode" targetValue="#[payload.accountCompanyCode[0]]"/>
					<flow-ref doc:name="dbCancelErrorSundryOrderFlow" doc:id="e34c4c04-3f78-4339-b457-3686d40f7bf9" name="errorResponseToDbFlow" />
					<error-handler >
						<on-error-continue enableNotifications="true" logException="true" doc:name="On Error Continue" doc:id="8a7619a5-23cf-4d6f-a88b-6b5166107c41" >
							<logger level="INFO" doc:name="infoLog" doc:id="ba60b041-2ca3-422e-afd4-141de4fd26b6" message="UUID : #[vars.uuid] id : #[vars.dbId] Issue in Database or Salesforce companyCode"/>
						</on-error-continue>
					</error-handler>
				</try>
			</on-error-continue>
		</error-handler>
	</flow>
</mule>
