<?xml version="1.0" encoding="UTF-8"?>

<mule xmlns:http="http://www.mulesoft.org/schema/mule/http" xmlns:ee="http://www.mulesoft.org/schema/mule/ee/core"
	xmlns:salesforce="http://www.mulesoft.org/schema/mule/salesforce"
	xmlns="http://www.mulesoft.org/schema/mule/core" xmlns:doc="http://www.mulesoft.org/schema/mule/documentation" xmlns:xsi="http://www.w3.org/2001/XMLSchema-instance" xsi:schemaLocation="http://www.mulesoft.org/schema/mule/core http://www.mulesoft.org/schema/mule/core/current/mule.xsd
http://www.mulesoft.org/schema/mule/salesforce http://www.mulesoft.org/schema/mule/salesforce/current/mule-salesforce.xsd
http://www.mulesoft.org/schema/mule/ee/core http://www.mulesoft.org/schema/mule/ee/core/current/mule-ee.xsd
http://www.mulesoft.org/schema/mule/http http://www.mulesoft.org/schema/mule/http/current/mule-http.xsd">
	<flow name="headerFlow" doc:id="36f0eec0-893d-432c-90af-2c02b25f5991" initialState="stopped">
		<salesforce:replay-channel-listener streamingChannel="/event/AuditPlanHeaderCreated__e" replayOption="FROM_REPLAY_ID" doc:name="Replay channel listener" doc:id="15472afb-67aa-4628-8f50-ad9dc8a43657" config-ref="Salesforce_Config_Proc" autoReplay="true" replayId="-1"/>
		<!-- <http:listener doc:name="Listener" doc:id="7536595e-0885-432e-8e4d-30a29de55050" config-ref="HTTP_Listener_config" path="/headerCreate"/> -->
		<set-variable value="#[uuid()]" doc:name="UUID" doc:id="ce39b00d-47c8-4b01-b40a-1daba8936c42" variableName="uuid" />
		<ee:transform doc:name="payload" doc:id="7e1424de-60ac-4f2b-bf39-17d1965cad43" >
			<ee:message >
				<ee:set-payload ><![CDATA[%dw 2.0
output application/json
---
payload]]></ee:set-payload>
			</ee:message>
<ee:variables >
				<ee:set-variable variableName="errorSystem" ><![CDATA[%dw 2.0
output application/json
---
"sap"]]></ee:set-variable>
				<ee:set-variable variableName="originalPayload" ><![CDATA[%dw 2.0
output application/json
---
payload]]></ee:set-variable>
				<ee:set-variable variableName="interfaceName" ><![CDATA[%dw 2.0
output application/java
---
"aperture-sf-sap-APH-create"]]></ee:set-variable>
				<ee:set-variable variableName="caseId" ><![CDATA[%dw 2.0
output application/json
---
payload.data."payload".SalesforceId__c]]></ee:set-variable>
				<ee:set-variable variableName="companyCode" ><![CDATA[%dw 2.0
output application/json
---
payload.data."payload".CompanyCode__c]]></ee:set-variable>
				<ee:set-variable variableName="dbId" ><![CDATA[%dw 2.0
output application/json
---
payload.data."payload".Id__c]]></ee:set-variable>
				<ee:set-variable variableName="actionFlag" ><![CDATA[%dw 2.0
output application/json
---
"I"]]></ee:set-variable>
			
</ee:variables>
		</ee:transform>
		<logger level="INFO" doc:name="infoLog" doc:id="71c7b266-8758-48c3-b245-0786076be7d6" message="incoming request for APH create :: UUID : #[vars.uuid] id : #[vars.dbId] "/>
		<logger level="DEBUG" doc:name="requestDebugLog" doc:id="085fb9c2-0775-4925-8e4b-45d019f691c4" message="UUID : #[vars.uuid] id : #[vars.dbId] Incoming request from APH create topic::: #[payload]" category="com.aperture.mule4.createAPH"/>
		<ee:transform doc:name="headerRequest" doc:id="dbde4851-006d-4f3b-9f9a-0935e72f5813" >
			<ee:message >
				<ee:set-payload ><![CDATA[%dw 2.0
output application/json skipNullOn= "everywhere"
fun convertToTimeStamp(unixTimeStamp) = "/Date(" ++ ((unixTimeStamp as String {format: "yyyy-MM-dd'T'HH:mm:ss'Z'"}
as DateTime as Number {unit: "milliseconds"}) as String) ++ ")/"
---
{
d:
 {
glid:payload.data."payload".Glid__c,
createdOn:if(payload.data."payload".CreatedDate__c != null and payload.data."payload".CreatedDate__c !="") convertToTimeStamp(payload.data."payload".CreatedDate__c ) else payload.data."payload".CreatedDate__c default null,
auditSouce: if(payload.data."payload".AuditSource__c =="Planned") "01" else if(payload.data."payload".AuditSource__c =="Ad-Hoc") "02" else null,
changedOn:if(payload.data."payload".LastModifiedDate__c != null and payload.data."payload".LastModifiedDate__c !="") convertToTimeStamp(payload.data."payload".LastModifiedDate__c ) else payload.data."payload".LastModifiedDate__c default null,
action: "I",
headerId: payload.data."payload".Id__c,
headerName: payload.data."payload".HeaderName__c,
plndStartDate: if(payload.data."payload".PlannedCountStartDate__c != null and payload.data."payload".PlannedCountStartDate__c != "")convertToTimeStamp(payload.data."payload".PlannedCountStartDate__c as Date{format:"yyyy-M-dd"} as String {format:"yyyy-MM-dd'T'00:00:00'Z'"}) else payload.data."payload".PlannedCountStartDate__c default null,
account: payload.data."payload".Account__c,
plndEndDate: if(payload.data."payload".PlannedCountEndDate__c != null and payload.data."payload".PlannedCountEndDate__c != "")convertToTimeStamp(payload.data."payload".PlannedCountEndDate__c as Date{format: "yyyy-M-dd"} as String {format: "yyyy-MM-dd'T'00:00:00'Z'"}) else payload.data."payload".PlannedCountEndDate__c default null,
auditOwner: payload.data."payload".AuditOwner__c,
auditType: if(payload.data."payload".AuditType__c =="Physical") "01" else if(payload.data."payload".AuditType__c =="Statistical") "02" else null,
countType: if(payload.data."payload".CountType__c =="CHEP-Staff") "01" else if(payload.data."payload".CountType__c =="Statistical") "02" else if(payload.data."payload".CountType__c =="Self-Count") "03" else if(payload.data."payload".CountType__c =="Third-Party") "04" else null,
schStartDate: if(payload.data."payload".ScheduledCountEndDate__c != null and payload.data."payload".ScheduledCountEndDate__c != "")convertToTimeStamp(payload.data."payload".ScheduledCountEndDate__c as Date{format: "yyyy-MM-dd"} as String {format: "yyyy-MM-dd'T'00:00:00'Z'"}) else payload.data."payload".ScheduledCountEndDate__c default null,
schEndDate: if(payload.data."payload".ScheduledCountStartDate__c != null and payload.data."payload".ScheduledCountStartDate__c != "")convertToTimeStamp(payload.data."payload".ScheduledCountStartDate__c as Date{format: "yyyy-MM-dd"} as String {format: "yyyy-MM-dd'T'00:00:00'Z'"}) else payload.data."payload".ScheduledCountStartDate__c default null,
actStartDate: if(payload.data."payload".ActualCountStartDate__c != null and payload.data."payload".ActualCountStartDate__c != "")convertToTimeStamp(payload.data."payload".ActualCountStartDate__c as Date{format: "yyyy-MM-dd"} as String {format: "yyyy-MM-dd'T'00:00:00'Z'"}) else payload.data."payload".ActualCountStartDate__c default null,
actualEndDate: if(payload.data."payload".ActualCountEndDate__c != null and payload.data."payload".ActualCountEndDate__c != "")convertToTimeStamp(payload.data."payload".ActualCountEndDate__c as Date{format: "yyyy-MM-dd"} as String {format: "yyyy-MM-dd'T'00:00:00'Z'"}) else payload.data."payload".ActualCountEndDate__c default null,
fiscalYear: payload.data."payload".FiscalYear__c replace "FY" with ("20"),
status: if(payload.data."payload".Status__c =="Planned") "01" else if(payload.data."payload".Status__c =="Scheduled") "02" else if(payload.data."payload".Status__c =="Audit Started") "03" else if(payload.data."payload".Status__c =="Count Submitted") "04" else if(payload.data."payload".Status__c =="Count Completed") "05" else if(payload.data."payload".Status__c =="Reconciliation") "06" else if(payload.data."payload".Status__c =="Negotiation") "07" else if(payload.data."payload".Status__c =="Pending Authorization") "08" else if(payload.data."payload".Status__c =="Authorized") "09" else if(payload.data."payload".Status__c =="Pending Invoice") "10" else if(payload.data."payload".Status__c =="Pending Transactions") "11" else if(payload.data."payload".Status__c =="Complete") "12" else if(payload.data."payload".Status__c =="Excluded") "13" else if(payload.data."payload".Status__c =="Cancelled") "14" else if(payload.data."payload".Status__c =="Recount") "15" else null,
createLocations: payload.data."payload".createLocations,
email: if(payload.data."payload".email =="true") "X" else null,
createdBy: payload.data."payload".CreatedById__c,
changedBy: payload.data."payload".LastModifiedById__c,
companyCode: payload.data."payload".CompanyCode__c[0 to 3],
salesforceId: payload.data."payload".SalesforceId__c,
stockTyp: if(payload.data."payload".StockType__c =="Processed Stock") "01" else if(payload.data."payload".StockType__c =="Real Stock") "02"  else null

}
}]]></ee:set-payload>
			</ee:message>
		</ee:transform>
		<logger level="INFO" doc:name="infoLog" doc:id="599b0de3-d5ca-4b92-8def-ec962f9d0411" message="request to sap APH create :: UUID : #[vars.uuid] id : #[vars.dbId]  "/>
		<logger level="DEBUG" doc:name="debugLogHeaderReq" doc:id="1f3eab10-8e9b-4e9d-a04b-4782cb20b338" message="UUID : #[vars.uuid] id : #[vars.dbId] APH create sap request ::#[payload]" category="com.aperture.mule4.createAPH"/>
		<http:request method="POST" doc:name="invokeHeadersRequestToSap" doc:id="a218f9ad-f910-417d-93c8-504a86e8e10f" config-ref="Sap_Request_configuration" path="${secure::sap.https.auditHeader.path}" >
			<http:headers ><![CDATA[#[output application/java
---
{
	uuid : vars.uuid,
   "client_secret" : p('secure::sap.client.secret'),
	"client_id" : p('secure::sap.client.id')
	
}]]]></http:headers>
		</http:request>
		<logger level="INFO" doc:name="infoLog" doc:id="cae52d72-f77d-4dfe-8981-35e92099238e" message="success response for APH create from sap :: UUID : #[vars.uuid] id : #[vars.dbId] "/>
		<logger level="DEBUG" doc:name="debugLogHeaderRes" doc:id="3fdcd895-de07-4db2-9416-f15261300c08" message="UUID : #[vars.uuid] id : #[vars.dbId]  Success Response for APH create From Sap::#[payload]" category="com.aperture.mule4.createAPH"/>
		<error-handler >
			<on-error-continue enableNotifications="true" logException="true" doc:name="On Error continue" doc:id="87935851-063a-4df1-b366-ba012baa8fc0" when="#[((error.cause.errorMessage.attributes.statusCode default 500) &gt;= 500) or (error.cause.errorMessage.attributes.statusCode == 401)]">
				<flow-ref doc:name="ibmPublishCommonFlow" doc:id="0a939884-cbef-4a6f-99b5-fba6fce59a37" name="ibmPublishCommonFlow"/>
				<logger level="INFO" doc:name="infoLog" doc:id="bfc4bd8f-f969-4a3b-8974-743ba442f514" message="UUID : #[vars.uuid] id : #[vars.dbId] payload published to queue"/>
			</on-error-continue>
			<on-error-continue enableNotifications="true" logException="true" doc:name="On Error Continue" doc:id="53f08eec-da7d-49d1-bcff-7fafdbc77e52" type="ANY" >
				<logger level="INFO" doc:name="LogCaseId" doc:id="32380cf2-8451-43e3-a79a-56aeffd808e9" message="UUID : #[vars.uuid] id : #[vars.dbId] Failed Id:: #[vars.caseId]" />
				<logger level="ERROR" doc:name="errorLogCaseId" doc:id="9205995b-048a-47d6-b68f-10d365117a2a" message="UUID::#[vars.uuid] Failed Id:: #[vars.caseId]" category="com.aperture.mule4.approveFailureCaseId" />
				<ee:transform doc:name="approvalSundryErrorResponse" doc:id="c4976bf8-cdcd-4ce9-bd65-1889af910093" >
					<ee:message />
					<ee:variables >
						<ee:set-variable variableName="chatterPostBody" ><![CDATA[%dw 2.0
output application/java
---
"APH record create in SAP has failed with the following reason : " ++ ( if(error.muleMessage.payload != null)error.muleMessage.payload."errorMessage" default "error not found" else "SAP error details not found") ++ ". If you are not able to correct the data error and retrigger the creation, then please get in touch with the CRM team for resolution of the issue."]]></ee:set-variable>
					</ee:variables>
				</ee:transform>
				<logger level="INFO" doc:name="infoLogChatterPostError" doc:id="2e7f8e21-25c4-400e-9e4b-1c8fc7e6888d" message="UUID : #[vars.uuid] id : #[vars.dbId] chatterPost Error message APH create  with following Id #[vars.caseId]  #[vars.chatterPostBody]"/>
				<logger level="DEBUG" doc:name="debugLogchatterPostError" doc:id="1ff1147e-9187-4c82-8060-45ccc3ef6508" message="UUID : #[vars.uuid] id : #[vars.dbId] chatterPost Error message APH create  with following Id #[vars.caseId] #[vars.chatterPostBody]" category="com.aperture.mule4.chatterpostError" />
				<flow-ref doc:name="invokeChatterPost" doc:id="1788c38d-d667-42ab-8706-d4126b8da0a2" name="chatterPostFlow" />
				<logger level="INFO" doc:name="chatterPostInfoLog" doc:id="aae2882e-d50a-4c62-844f-7ebf2e278383" message="UUID:::#[vars.uuid]:::response from chatterPost for APH create" />
				<logger level="DEBUG" doc:name="chatterPosDebugLog" doc:id="ec210bd8-4255-45f1-8047-2631613b10be" message="UUID:::#[vars.uuid]:::response from chatterPost for APH create :::#[payload]" category="com.aperture.mule4.approvalChatterPost" />
				<flow-ref doc:name="dbApproveErrorSundryOrderFlow" doc:id="93d0fb9c-282f-43bf-8abf-c5c61ec528d7" name="errorResponseToDbFlow" />
			</on-error-continue>
		</error-handler>
	</flow>
	<flow name="locationFlow" doc:id="d3e83372-3dbc-4cc3-834f-610e9b7c5ca8" initialState="stopped">
		<salesforce:replay-channel-listener streamingChannel="/event/AuditPlanAccountCreated__e" replayOption="FROM_REPLAY_ID" doc:name="Replay channel listener" doc:id="20d13f63-44a9-401e-a039-2eab2c4b2e1f" config-ref="Salesforce_Config_Proc" autoReplay="true" replayId="-1"/>
		<!-- <http:listener doc:name="Listener" doc:id="bab1e3b9-76ef-4513-a5cc-57cf99a04808" config-ref="HTTP_Listener_config" path="/locationCreate"/> -->
		<ee:transform doc:name="payload" doc:id="ab6d9c5f-89e5-4b48-b898-3bea16eec659" >
			<ee:message >
				<ee:set-payload ><![CDATA[%dw 2.0
output application/json
---
payload]]></ee:set-payload>
			</ee:message>
<ee:variables >
				<ee:set-variable variableName="errorSystem" ><![CDATA[%dw 2.0
output application/json
---
"sap"]]></ee:set-variable>
				<ee:set-variable variableName="originalPayload" ><![CDATA[%dw 2.0
output application/json
---
payload]]></ee:set-variable>
				<ee:set-variable variableName="interfaceName" ><![CDATA[%dw 2.0
output application/java
---
"aperture-sf-sap-APA-create"]]></ee:set-variable>
				<ee:set-variable variableName="caseId" ><![CDATA[%dw 2.0
output application/json
---
payload.data."payload".SalesforceId__c]]></ee:set-variable>
				<ee:set-variable variableName="globalId" ><![CDATA[%dw 2.0
output application/json
---
payload.data."payload".Glid__c]]></ee:set-variable>
				<ee:set-variable variableName="dbId" ><![CDATA[%dw 2.0
output application/json
---
payload.data."payload".Id__c]]></ee:set-variable>
				<ee:set-variable variableName="customId" ><![CDATA[%dw 2.0
output application/json
---
payload.data."payload".AuditPlanHeader__c]]></ee:set-variable>
				<ee:set-variable variableName="actionFlag" ><![CDATA[%dw 2.0
output application/json
---
"I"]]></ee:set-variable>
			
</ee:variables>
		</ee:transform>
		<set-variable value="#[uuid()]" doc:name="UUID" doc:id="0d214bf1-5171-4f62-a5bf-a30b14adbbc1" variableName="uuid" />
		<logger level="INFO" doc:name="infoLog" doc:id="63fbc7e5-ce33-4de7-ba03-c642ae3ca9d8" message="incoming request for APA create :: UUID : #[vars.uuid] id : #[vars.dbId]"/>
		<logger level="DEBUG" doc:name="requestInfoLog" doc:id="de092010-936c-4a89-a808-9fc0082b2276" message="UUID : #[vars.uuid] id : #[vars.dbId] incoming request payload for APA create ::  #[payload]" category="com.aperture.mule4.createAPA"/>
		<ee:transform doc:name="locationRequest" doc:id="2ab7c73a-584a-4f3a-8e1e-7625207ee7db" >
			<ee:message >
				<ee:set-payload ><![CDATA[%dw 2.0
output application/json skipNullOn= "everywhere"
fun convertToTimeStamp(unixTimeStamp) = "/Date(" ++ ((unixTimeStamp as String {format: "yyyy-MM-dd'T'HH:mm:ss'Z'"}
as DateTime as Number {unit: "milliseconds"}) as String) ++ ")/"
---
{
	d: {
		headerId: payload.data."payload".AuditPlanHeader__c,
		auditItemSet: {
			results: [{
				auditType: if(payload.data."payload".AuditType__c =="Physical") "01" else if(payload.data."payload".AuditType__c =="Statistical") "02" else null,
				action: "I",
				headerId: payload.data."payload".AuditPlanHeader__c,
				countDate: payload.data."payload".CountDate__c default null,
				locationId: payload.data."payload".Id__c ,
				glid: payload.data."payload".Glid__c,
				countType: if(payload.data."payload".CountType__c =="CHEP-Staff") "01" else if(payload.data."payload".CountType__c =="Statistical") "02" else if(payload.data."payload".CountType__c =="Self-Count") "03" else if(payload.data."payload".CountType__c =="Third-Party") "04" else null,
				status:  if(payload.data."payload".Status__c =="Planned") "01" else if(payload.data."payload".Status__c =="Scheduled") "02" else if(payload.data."payload".Status__c =="Audit Started") "03" else if(payload.data."payload".Status__c =="Count Submitted") "04" else if(payload.data."payload".Status__c =="Count Completed") "05" else if(payload.data."payload".Status__c =="Reconciliation") "06" else if(payload.data."payload".Status__c =="Negotiation") "07" else if(payload.data."payload".Status__c =="Pending Authorization") "08" else if(payload.data."payload".Status__c =="Authorized") "09" else if(payload.data."payload".Status__c =="Pending Invoice") "10" else if(payload.data."payload".Status__c =="Pending Transactions") "11" else if(payload.data."payload".Status__c =="Complete") "12" else if(payload.data."payload".Status__c =="Excluded") "13" else if(payload.data."payload".Status__c =="Cancelled") "14" else if(payload.data."payload".Status__c =="Recount") "15" else null,
				schStartDate: if(payload.data."payload".ScheduledCountStartDate__c != null and payload.data."payload".ScheduledCountStartDate__c !="")  convertToTimeStamp(payload.data."payload".ScheduledCountStartDate__c as Date{format: "yyyy-MM-dd"} as String {format: "yyyy-MM-dd'T'00:00:00'Z'"})  else payload.data."payload".ScheduledCountStartDate__c default null,
				schEndDate: if(payload.data."payload".ScheduledCountEndDate__c != null and payload.data."payload".ScheduledCountEndDate__c !="")   convertToTimeStamp(payload.data."payload".ScheduledCountEndDate__c as Date{format: "yyyy-MM-dd"} as String {format: "yyyy-MM-dd'T'00:00:00'Z'"}) else payload.data."payload".ScheduledCountEndDate__c default null,
				createdBy: payload.data."payload".CreatedById__c,
				createdOn: if(payload.data."payload".CreatedDate__c != null and payload.data."payload".CreatedDate__c !="") convertToTimeStamp(payload.data."payload".CreatedDate__c) else payload.data."payload".CreatedDate__c default null,
				changedBy: payload.data."payload".LastModifiedById__c,
				changedOn: if(payload.data."payload".LastModifiedDate__c != null and payload.data."payload".LastModifiedDate__c !="")   convertToTimeStamp(payload.data."payload".LastModifiedDate__c) else payload.data."payload".LastModifiedDate__c default null,
				salesforceId: payload.data."payload".SalesforceId__c
			}]
		}
	}
}]]></ee:set-payload>
			</ee:message>
		</ee:transform>
		<logger level="INFO" doc:name="infoLog" doc:id="16986e25-7193-4131-86da-a38277055775" message="APA create request :: UUID : #[vars.uuid] id : #[vars.dbId]"/>
		<logger level="DEBUG" doc:name="debugLogLocationReq" doc:id="7460b0b4-eb94-4894-95fa-5f5808d397c1" message="UUID : #[vars.uuid] id : #[vars.dbId]  APA create Request to sap::#[payload]  " category="com.aperture.mule4.createAPA"/>
		<http:request method="POST" doc:name="invokeLocationsRequestToSap" doc:id="39dc5378-2192-4dd6-b7aa-8311198a970a" config-ref="Sap_Request_configuration" path="${secure::sap.https.auditMaster.path}" >
			<http:headers ><![CDATA[#[output application/java
---
{
	uuid : vars.uuid,
   "client_secret" : p('secure::sap.client.secret'),
	"client_id" : p('secure::sap.client.id')
	
}]]]></http:headers>
		</http:request>
		<logger level="INFO" doc:name="infoLog" doc:id="1a7f9346-09d2-4696-bf36-695366aa7e15" message="success Response for APA create from sap :: UUID : #[vars.uuid] id : #[vars.dbId]"/>
		<logger level="DEBUG" doc:name="debugLogLcoationRes" doc:id="5b33fd16-67e9-404a-853c-6b0f6909e551" message="UUID : #[vars.uuid] id : #[vars.dbId], Locations Success Response From Sap::#[payload]" category="com.aperture.mule4.createAPA"/>
		<error-handler >
			<on-error-continue enableNotifications="true" logException="true" doc:name="On Error continue" doc:id="5cb0f821-6115-44b7-a6ce-0f0ea8217c93" when="#[((error.cause.errorMessage.attributes.statusCode default 500) &gt;= 500) or (error.cause.errorMessage.attributes.statusCode == 401)]">
				<flow-ref doc:name="ibmPublishCommonFlow" doc:id="857a0c76-f45b-4bd1-b493-49537f1b34e1" name="ibmPublishCommonFlow"/>
				<logger level="INFO" doc:name="infoLog" doc:id="d533b953-887e-489f-a9b9-aadcb96706ed" message="UUID : #[vars.uuid] payload published to queue" />
			</on-error-continue>
			<on-error-continue enableNotifications="true" logException="true" doc:name="On Error Continue" doc:id="c37ee916-5989-4362-885a-239062fbbeff" type="ANY" >
				<logger level="INFO" doc:name="LogCaseId" doc:id="1e7195d5-21e4-43af-a65f-9f08ae3e8167" message="UUID : #[vars.uuid] id : #[vars.dbId] Failed Id : #[vars.caseId]" />
				<logger level="ERROR" doc:name="CaseId" doc:id="a8a9debc-3798-478f-a1d8-87d2ade310e2" message="UUID::#[vars.uuid] Failed Id:: #[vars.caseId]" category="com.aperture.mule4.approveFailureCaseId" />
<try doc:name="Try" doc:id="3e862ad7-dca0-488f-9222-70a502fcc737">
					<http:request method="GET" doc:name="requestToSf" doc:id="ae0de932-0a17-4add-ac65-52aed4b54835" config-ref="SF_CONFIG_Request_configuration" path="${secure::salesforce.https.path.getAccount}" targetValue="#[payload.companyCode[0]]" target="companyCode">
						<http:headers><![CDATA[#[output application/java
---
{
	uuid : vars.uuid,
   "client_secret" : p('secure::salesforce.client.secret'),
	"client_id" : p('secure::salesforce.client.id')
	
}]]]></http:headers>
						<http:query-params><![CDATA[#[output application/java
---
{
	soqlQueryCondition : "Id IN(SELECT Account__c from AuditPlanAccount__c where id ='" ++ vars.caseId ++ "')"
}]]]></http:query-params>
					</http:request>
					<logger level="INFO" doc:name="infoLog" doc:id="de438470-7d29-4528-98dc-84b1a78287c1" message="UUID : #[vars.uuid] id : #[vars.dbId] salesforce Id for get request :#[vars.SalesforceId]" />
					<logger level="DEBUG" doc:name="debugLog" doc:id="f28f44a5-4d59-4ebd-a301-38ec94d9a8dc" message="response payload from account in APA create:: UUID : #[vars.uuid] id : #[vars.dbId]  Payload is #[payload]" category="com.aperture.mule4.createAPA"/>
					<error-handler>
						<on-error-continue enableNotifications="true" logException="true" doc:name="On Error Continue" doc:id="8eb8c625-220b-43b1-a427-9a8b3a92bf9c">
							<logger level="INFO" doc:name="infoLog" doc:id="fd4237a4-e843-4993-b5a6-f6fb1afd3b72" message="UUID::#[vars.uuid], failed Id in get account request :: #[vars.salesforceId]" />
						</on-error-continue>
					</error-handler>
				</try>				
				<ee:transform doc:name="approvalSundryErrorResponse" doc:id="fc08b734-5d7d-450a-b6f4-da1729eb2637" >
					<ee:message />
					<ee:variables >
						<ee:set-variable variableName="chatterPostBody" ><![CDATA[%dw 2.0
output application/java
---
"APA record create in SAP has failed with the following reason : " ++ ( if(error.muleMessage.payload != null)error.muleMessage.payload."errorMessage" default "error not found" else "SAP error details not found") ++ ". If you are not able to correct the data error and retrigger the creation, then please get in touch with the CRM team for resolution of the issue."]]></ee:set-variable>
					</ee:variables>
				</ee:transform>
				<logger level="INFO" doc:name="infoLogChatterPostError " doc:id="df3bc52d-0b0b-4094-b647-4d44a2d60d0d" message="UUID : #[vars.uuid] id : #[vars.dbId] chatterPost Error message APA create with following Id #[vars.caseId] #[vars.chatterPostBody] " />
				<logger level="DEBUG" doc:name="debugLogChatterPostError" doc:id="9ceb5ac3-9c2c-45a8-a97e-cb0cc7a230ff" message="UUID : #[vars.uuid] id : #[vars.dbId] chatterPost Error message APA create with following Id #[vars.caseId] #[vars.chatterPostBody] " category="com.aperture.mule4.chatterpostError" />
				<flow-ref doc:name="invokeChatterPost" doc:id="f1009de9-0dca-4e3a-9bc8-1a3f82b01c39" name="chatterPostFlow" />
				<logger level="INFO" doc:name="chatterPostInfoLog" doc:id="bfa68b19-cad9-49c4-9185-5ab057b1e265" message="UUID:::#[vars.uuid]:::response from chatterPost for APA create " />
				<logger level="DEBUG" doc:name="chatterPosDebugLog" doc:id="0cf654f2-08d5-485e-a3bf-3b352042628f" message="UUID:::#[vars.uuid]:::response from chatterPost for APA create:::#[payload]" category="com.aperture.mule4.approvalChatterPost" />
				<flow-ref doc:name="dbApproveErrorSundryOrderFlow" doc:id="6bbf7891-8fe0-4764-bfbd-49f016258e45" name="errorResponseToDbFlow" />
			</on-error-continue>
		</error-handler>
	</flow>
	<flow name="headerUpdateFlow" doc:id="1e4957b5-a827-4306-8255-b5c792b0f6df" initialState="stopped">
		<!-- <http:listener doc:name="Listener" doc:id="7e9ec1ab-db0a-4616-bddf-bce775485388" config-ref="HTTP_Listener_config" path="/headerUpdate"/> -->
		<salesforce:replay-channel-listener streamingChannel="/event/AuditPlanHeaderUpdated__e" replayOption="FROM_REPLAY_ID" doc:name="Replay channel listener" doc:id="19d674ef-4543-4bc3-aa64-b6912350f8a5" config-ref="Salesforce_Config_Proc" autoReplay="true" replayId="-1"/>
		<set-variable value="#[uuid()]" doc:name="UUID" doc:id="8984ff5a-acfb-40eb-baae-ec011fd27345" variableName="uuid" />
		<ee:transform doc:name="payload" doc:id="2a3889b2-37ac-4267-a5ec-51721f330cc9" >
			<ee:message >
				<ee:set-payload ><![CDATA[%dw 2.0
output application/json
---
payload]]></ee:set-payload>
			</ee:message>
<ee:variables >
				<ee:set-variable variableName="errorSystem" ><![CDATA[%dw 2.0
output application/json
---
"sap"]]></ee:set-variable>
				<ee:set-variable variableName="originalPayload" ><![CDATA[%dw 2.0
output application/json
---
payload]]></ee:set-variable>
				<ee:set-variable variableName="interfaceName" ><![CDATA[%dw 2.0
output application/java
---
"aperture-sf-sap-APH-update"]]></ee:set-variable>
				<ee:set-variable variableName="caseId" ><![CDATA[%dw 2.0
output application/json
---
payload.data."payload".SalesforceId__c]]></ee:set-variable>
				<ee:set-variable variableName="globalId" ><![CDATA[%dw 2.0
output application/json
---
payload.data."payload".Glid__c]]></ee:set-variable>
				<ee:set-variable variableName="companyCode" ><![CDATA[%dw 2.0
output application/json
---
payload.data."payload".CompanyCode__c]]></ee:set-variable>
				<ee:set-variable variableName="dbId" ><![CDATA[%dw 2.0
output application/json
---
payload.data."payload".Id__c]]></ee:set-variable>
				<ee:set-variable variableName="actionFlag" ><![CDATA[%dw 2.0
output application/json
---
"U"]]></ee:set-variable>
			
</ee:variables>
		</ee:transform>
		<logger level="INFO" doc:name="infoLog" doc:id="667af220-e662-4362-a446-e66f7ee6c3b1" message="incoming request for APH update :: UUID : #[vars.uuid] id : #[vars.dbId] "/>
		<logger level="DEBUG" doc:name="requestDebugLog" doc:id="445df339-2737-4216-92a5-7c52b48db29d" message="UUID : #[vars.uuid] id : #[vars.dbId] Incoming request from update APH topic::: #[payload]" category="com.aperture.mule4.updateAPH"/>
		<ee:transform doc:name="headerRequest" doc:id="fd8ed445-7a3e-4ba2-b47b-da039f7ac772" >
			<ee:message >
				<ee:set-payload ><![CDATA[%dw 2.0
output application/json skipNullOn= "everywhere"
fun convertToTimeStamp(unixTimeStamp) = "/Date(" ++ ((unixTimeStamp as String {format: "yyyy-MM-dd'T'HH:mm:ss'Z'"}
as DateTime as Number {unit: "milliseconds"}) as String) ++ ")/"
---
{
d:
 {
glid:payload.data."payload".Glid__c,
createdOn:if(payload.data."payload".CreatedDate__c != null and payload.data."payload".CreatedDate__c !="") convertToTimeStamp(payload.data."payload".CreatedDate__c ) else payload.data."payload".CreatedDate__c default null,
auditSouce: if(payload.data."payload".AuditSource__c =="Planned") "01" else if(payload.data."payload".AuditSource__c =="Ad-Hoc") "02" else null,
changedOn:if(payload.data."payload".LastModifiedDate__c != null and payload.data."payload".LastModifiedDate__c !="") convertToTimeStamp(payload.data."payload".LastModifiedDate__c ) else payload.data."payload".LastModifiedDate__c default null,
action: "U",
headerId: payload.data."payload".Id__c,
headerName: payload.data."payload".HeaderName__c,
plndStartDate: if(payload.data."payload".PlannedCountStartDate__c != null and payload.data."payload".PlannedCountStartDate__c != "")convertToTimeStamp(payload.data."payload".PlannedCountStartDate__c as Date{format:"yyyy-M-dd"} as String {format:"yyyy-MM-dd'T'00:00:00'Z'"}) else payload.data."payload".PlannedCountStartDate__c default null,
account: payload.data."payload".Account__c,
plndEndDate: if(payload.data."payload".PlannedCountEndDate__c != null and payload.data."payload".PlannedCountEndDate__c != "")convertToTimeStamp(payload.data."payload".PlannedCountEndDate__c as Date{format: "yyyy-M-dd"} as String {format: "yyyy-MM-dd'T'00:00:00'Z'"}) else payload.data."payload".PlannedCountEndDate__c default null,
auditOwner: payload.data."payload".AuditOwner__c,
auditType: if(payload.data."payload".AuditType__c =="Physical") "01" else if(payload.data."payload".AuditType__c =="Statistical") "02" else null,
countType: if(payload.data."payload".CountType__c =="CHEP-Staff") "01" else if(payload.data."payload".CountType__c =="Statistical") "02" else if(payload.data."payload".CountType__c =="Self-Count") "03" else if(payload.data."payload".CountType__c =="Third-Party") "04" else null,
schStartDate: if(payload.data."payload".ScheduledCountEndDate__c != null and payload.data."payload".ScheduledCountEndDate__c != "")convertToTimeStamp(payload.data."payload".ScheduledCountEndDate__c as Date{format: "yyyy-MM-dd"} as String {format: "yyyy-MM-dd'T'00:00:00'Z'"}) else payload.data."payload".ScheduledCountEndDate__c default null,
schEndDate: if(payload.data."payload".ScheduledCountStartDate__c != null and payload.data."payload".ScheduledCountStartDate__c != "")convertToTimeStamp(payload.data."payload".ScheduledCountStartDate__c as Date{format: "yyyy-MM-dd"} as String {format: "yyyy-MM-dd'T'00:00:00'Z'"}) else payload.data."payload".ScheduledCountStartDate__c default null,
actStartDate: if(payload.data."payload".ActualCountStartDate__c != null and payload.data."payload".ActualCountStartDate__c != "")convertToTimeStamp(payload.data."payload".ActualCountStartDate__c as Date{format: "yyyy-MM-dd"} as String {format: "yyyy-MM-dd'T'00:00:00'Z'"}) else payload.data."payload".ActualCountStartDate__c default null,
actualEndDate: if(payload.data."payload".ActualCountEndDate__c != null and payload.data."payload".ActualCountEndDate__c != "")convertToTimeStamp(payload.data."payload".ActualCountEndDate__c as Date{format: "yyyy-MM-dd"} as String {format: "yyyy-MM-dd'T'00:00:00'Z'"}) else payload.data."payload".ActualCountEndDate__c default null,
fiscalYear: payload.data."payload".FiscalYear__c replace "FY" with ("20"),
status: if(payload.data."payload".Status__c =="Planned") "01" else if(payload.data."payload".Status__c =="Scheduled") "02" else if(payload.data."payload".Status__c =="Audit Started") "03" else if(payload.data."payload".Status__c =="Count Submitted") "04" else if(payload.data."payload".Status__c =="Count Completed") "05" else if(payload.data."payload".Status__c =="Reconciliation") "06" else if(payload.data."payload".Status__c =="Negotiation") "07" else if(payload.data."payload".Status__c =="Pending Authorization") "08" else if(payload.data."payload".Status__c =="Authorized") "09" else if(payload.data."payload".Status__c =="Pending Invoice") "10" else if(payload.data."payload".Status__c =="Pending Transactions") "11" else if(payload.data."payload".Status__c =="Complete") "12" else if(payload.data."payload".Status__c =="Excluded") "13" else if(payload.data."payload".Status__c =="Cancelled") "14" else if(payload.data."payload".Status__c =="Recount") "15" else null,
createLocations: payload.data."payload".createLocations,
email: if(payload.data."payload".email =="true") "X" else null,
createdBy: payload.data."payload".CreatedById__c,
changedBy: payload.data."payload".LastModifiedById__c,
companyCode: payload.data."payload".CompanyCode__c[0 to 3],
salesforceId: payload.data."payload".SalesforceId__c,
stockTyp: if(payload.data."payload".StockType__c =="Processed Stock") "01" else if(payload.data."payload".StockType__c =="Real Stock") "02"  else null

}
}]]></ee:set-payload>
			</ee:message>
			<ee:variables >
				<ee:set-variable variableName="auditHeaderId" ><![CDATA[%dw 2.0
output application/json
---
payload.data."payload".Id__c]]></ee:set-variable>
				<ee:set-variable variableName="status" ><![CDATA[%dw 2.0
output application/json
---
payload.data."payload".Status__c]]></ee:set-variable>
			</ee:variables>
		</ee:transform>
		<logger level="INFO" doc:name="infoLog" doc:id="a1f1b70f-97a8-4225-afc4-2bfd1df55fac" message="update APH request to sap :: UUID : #[vars.uuid] id : #[vars.dbId]"/>
		<logger level="DEBUG" doc:name="debugLogHeaderReq" doc:id="88f8df5e-7bc1-45cf-adbf-5b0f6e7b0bac" message="UUID : #[vars.uuid] id : #[vars.dbId] Before update APH Request to sap::#[payload]" category="com.aperture.mule4.updateAPH"/>
		<http:request method="POST" doc:name="invokeHeadersRequestToSap" doc:id="bd43e5ff-bf5e-41d6-a95f-046871f52be8" config-ref="Sap_Request_configuration" path="${secure::sap.https.auditHeader.path}" >
			<http:headers ><![CDATA[#[output application/java
---
{
	uuid : vars.uuid,
   "client_secret" : p('secure::sap.client.secret'),
	"client_id" : p('secure::sap.client.id')
	
}]]]></http:headers>
		</http:request>
		<logger level="INFO" doc:name="infoLog" doc:id="724e15f4-f718-4e63-aaa6-2e2e368b9ce1" message="success response from sap for APH update :: UUID : #[vars.uuid] id : #[vars.dbId] "/>
		<logger level="DEBUG" doc:name="debugLogHeaderRes" doc:id="992bb70a-a50d-4f2f-8e73-1999daf13414" message="UUID : #[vars.uuid] id : #[vars.dbId] update APH Success Response From Sap::#[payload]" category="com.aperture.mule4.updateAPH"/>
		<async doc:name="Async" doc:id="b1242b60-0b1e-4605-a2af-30adf9962bfa" >
			<flow-ref doc:name="summery" doc:id="cdf4b639-9d1d-4a3b-9f8c-fd72a8097e73" name="summery"/>
		</async>
		<error-handler >
			<on-error-continue enableNotifications="true" logException="true" doc:name="On Error continue" doc:id="2096b2f1-69eb-46da-8314-78e80d567f6b" when="#[((error.cause.errorMessage.attributes.statusCode default 500) &gt;= 500) or (error.cause.errorMessage.attributes.statusCode == 401)]">
				<flow-ref doc:name="ibmPublishCommonFlow" doc:id="3a11592a-6687-4e86-aa15-7aa4f23c927e" name="ibmPublishCommonFlow"/>
				<logger level="INFO" doc:name="infoLog" doc:id="a0ada26d-aca2-498c-b28d-9094488342af" message="payload published to queue" />
			</on-error-continue>
			<on-error-continue enableNotifications="true" logException="true" doc:name="On Error Continue" doc:id="6f2f9ddd-30e6-4d4a-8831-6b9b48ace632" type="ANY" >
				<logger level="INFO" doc:name="LogCaseId" doc:id="f703fc33-d50e-48b1-9014-03fff979b8c6" message="UUID::#[vars.uuid] Failed caseId" />
				<logger level="ERROR" doc:name="CaseId" doc:id="ac9ad3e0-611b-468d-bbe3-e51a07ee438c" message="UUID::#[vars.uuid] Failed caseId:: #[vars.caseId]" category="com.aperture.mule4.approveFailureCaseId" />
				<ee:transform doc:name="approvalSundryErrorResponse" doc:id="8d0d15de-590e-41ad-8f80-235204a7aa2e" >
					<ee:message />
					<ee:variables >
						<ee:set-variable variableName="chatterPostBody" ><![CDATA[%dw 2.0
output application/java
---
"APH record update in SAP has failed with the following reason : " ++ ( if(error.muleMessage.payload != null)error.muleMessage.payload."errorMessage" default "error not found" else "SAP error details not found") ++ ". If you are not able to correct the data error and retrigger the creation, then please get in touch with the CRM team for resolution of the issue."]]></ee:set-variable>
					</ee:variables>
				</ee:transform>
				<logger level="INFO" doc:name="infoLogChatterPostError" doc:id="847e72fd-279e-40aa-b5a7-883542af187b" message="chatterPost Error message APH update with following caseId #[vars.caseId] #[vars.chatterPostBody]" />
				<logger level="DEBUG" doc:name="debugLogChatterPostError" doc:id="9aea4b99-a78d-4d41-96b6-fe0669128ef6" message="chatterPost Error message APH update with following caseId #[vars.caseId] #[vars.chatterPostBody]" category="com.aperture.mule4.chatterpostError" />
				<flow-ref doc:name="invokeChatterPost" doc:id="37ef9707-907d-45e5-9406-796b86af01ec" name="chatterPostFlow" />
				<logger level="INFO" doc:name="chatterPostInfoLog" doc:id="ac4c8878-3085-449d-ae6f-ca47506df08b" message="UUID:::#[vars.uuid]:::response from chatterPost recieved #[payload]" />
				<logger level="DEBUG" doc:name="chatterPosDebugLog" doc:id="a2642dfb-4b18-422a-9b98-c29d0ce3dde3" message="UUID:::#[vars.uuid]:::response from chatterPost:::#[payload]" category="com.aperture.mule4.approvalChatterPost" />
				<flow-ref doc:name="dbApproveErrorSundryOrderFlow" doc:id="5db12c87-97c4-4889-960d-f72c16573415" name="errorResponseToDbFlow" />
			</on-error-continue>
		</error-handler>
	</flow>
	<flow name="locationFlowUpdate" doc:id="a25598e6-e81c-405e-87f8-4ff6526e554c" initialState="stopped">
		<!-- <http:listener doc:name="Listener" doc:id="b1207123-df5a-4c69-ab05-1e37ec7171e2" config-ref="HTTP_Listener_config" path="/locationUpdate"/>	 -->
		<salesforce:replay-channel-listener doc:name="Replay channel listener" doc:id="fc2c2c3d-9e87-42ec-a1a1-fd99cc95e55a" config-ref="Salesforce_Config_Proc" replayOption="FROM_REPLAY_ID" autoReplay="true" streamingChannel="/event/AuditPlanAccountUpdated__e" replayId="-1"/>
		<ee:transform doc:name="payload" doc:id="be057e58-561b-4912-a95f-e038bbe28664" >
			<ee:message >
				<ee:set-payload ><![CDATA[%dw 2.0
output application/json
---
payload]]></ee:set-payload>
			</ee:message>
			<ee:variables >
				<ee:set-variable variableName="errorSystem" ><![CDATA[%dw 2.0
output application/json
---
"sap"]]></ee:set-variable>
				<ee:set-variable variableName="originalPayload" ><![CDATA[%dw 2.0
output application/json
---
payload]]></ee:set-variable>
				<ee:set-variable variableName="interfaceName" ><![CDATA[%dw 2.0
output application/java
---
"aperture-sf-sap-APA-update"]]></ee:set-variable>
				<ee:set-variable variableName="caseId" ><![CDATA[%dw 2.0
output application/json
---
payload.data."payload".SalesforceId__c]]></ee:set-variable>
				<ee:set-variable variableName="dbId" ><![CDATA[%dw 2.0
output application/json
---
payload.data."payload".Id__c]]></ee:set-variable>
				<ee:set-variable variableName="customId" ><![CDATA[%dw 2.0
output application/json
---
payload.data."payload".AuditPlanHeader__c]]></ee:set-variable>
				<ee:set-variable variableName="actionFlag" ><![CDATA[%dw 2.0
output application/json
---
"I"]]></ee:set-variable>
			
</ee:variables>
		</ee:transform>
		<set-variable value="#[uuid()]" doc:name="UUID" doc:id="f58ca978-03bf-4e7a-ada2-2da30a14cfb0" variableName="uuid" />
		<logger level="INFO" doc:name="infoLog" doc:id="80dc222d-2411-46f6-994c-94ed05aec4ed" message="incoming request for APA update :: UUID : #[vars.uuid] id : #[vars.dbId] "/>
		<logger level="DEBUG" doc:name="requestDebugLog" doc:id="5b8dfd70-3a28-45dc-b4fa-de06c4c8e9ca" message="UUID : #[vars.uuid] id : #[vars.dbId]  APA update request payload for sap #[payload]" category="com.aperture.mule4.updateAPA"/>
		<ee:transform doc:name="locationRequest" doc:id="9323918e-761c-4efa-811f-db59d77a82fb" >
			<ee:message >
				<ee:set-payload ><![CDATA[%dw 2.0
output application/json skipNullOn= "everywhere"
fun convertToTimeStamp(unixTimeStamp) = "/Date(" ++ ((unixTimeStamp as String {format: "yyyy-MM-dd'T'HH:mm:ss'Z'"}
as DateTime as Number {unit: "milliseconds"}) as String) ++ ")/"
---
{
	d: {
		headerId: payload.data."payload".AuditPlanHeader__c,
		auditItemSet: {
			results: [{
				auditType: if(payload.data."payload".AuditType__c =="Physical") "01" else if(payload.data."payload".AuditType__c =="Statistical") "02" else null,
				action: "U",
				headerId: payload.data."payload".AuditPlanHeader__c,
				countDate: payload.data."payload".CountDate__c default null,
				locationId: payload.data."payload".Id__c ,
				glid: payload.data."payload".Glid__c,
				countType: if(payload.data."payload".CountType__c =="CHEP-Staff") "01" else if(payload.data."payload".CountType__c =="Statistical") "02" else if(payload.data."payload".CountType__c =="Self-Count") "03" else if(payload.data."payload".CountType__c =="Third-Party") "04" else null,
				status:  if(payload.data."payload".Status__c =="Planned") "01" else if(payload.data."payload".Status__c =="Scheduled") "02" else if(payload.data."payload".Status__c =="Audit Started") "03" else if(payload.data."payload".Status__c =="Count Submitted") "04" else if(payload.data."payload".Status__c =="Count Completed") "05" else if(payload.data."payload".Status__c =="Reconciliation") "06" else if(payload.data."payload".Status__c =="Negotiation") "07" else if(payload.data."payload".Status__c =="Pending Authorization") "08" else if(payload.data."payload".Status__c =="Authorized") "09" else if(payload.data."payload".Status__c =="Pending Invoice") "10" else if(payload.data."payload".Status__c =="Pending Transactions") "11" else if(payload.data."payload".Status__c =="Complete") "12" else if(payload.data."payload".Status__c =="Excluded") "13" else if(payload.data."payload".Status__c =="Cancelled") "14" else if(payload.data."payload".Status__c =="Recount") "15" else null,
				schStartDate: if(payload.data."payload".ScheduledCountStartDate__c != null and payload.data."payload".ScheduledCountStartDate__c !="")  convertToTimeStamp(payload.data."payload".ScheduledCountStartDate__c as Date{format: "yyyy-MM-dd"} as String {format: "yyyy-MM-dd'T'00:00:00'Z'"})  else payload.data."payload".ScheduledCountStartDate__c default null,
				schEndDate: if(payload.data."payload".ScheduledCountEndDate__c != null and payload.data."payload".ScheduledCountEndDate__c !="")   convertToTimeStamp(payload.data."payload".ScheduledCountEndDate__c as Date{format: "yyyy-MM-dd"} as String {format: "yyyy-MM-dd'T'00:00:00'Z'"}) else payload.data."payload".ScheduledCountEndDate__c default null,
				createdBy: payload.data."payload".CreatedById__c,
				createdOn: if(payload.data."payload".CreatedDate__c != null and payload.data."payload".CreatedDate__c !="") convertToTimeStamp(payload.data."payload".CreatedDate__c) else payload.data."payload".CreatedDate__c default null,
				changedBy: payload.data."payload".LastModifiedById__c,
				changedOn: if(payload.data."payload".LastModifiedDate__c != null and payload.data."payload".LastModifiedDate__c !="")   convertToTimeStamp(payload.data."payload".LastModifiedDate__c) else payload.data."payload".LastModifiedDate__c default null,
				salesforceId: payload.data."payload".SalesforceId__c
			}]
		}
	}
}]]></ee:set-payload>
			</ee:message>
		</ee:transform>
		<logger level="INFO" doc:name="infoLog" doc:id="205d1e03-bd99-4ab8-a706-43dd65ee1a73" message="APA update request before sap :: UUID : #[vars.uuid] id : #[vars.dbId]"/>
		<logger level="DEBUG" doc:name="debugLogLocationReq" doc:id="851b1ddb-578a-41f9-968b-57ba0f45e4fb" message=" UUID : #[vars.uuid] id : #[vars.dbId]  APA update request payload before sap Request::#[payload]  " category="com.aperture.mule4.updateAPA"/>
		<http:request method="POST" doc:name="invokeLocationsRequestToSap" doc:id="caab7e45-3b6e-4444-89bf-cd22a1fdb8c9" config-ref="Sap_Request_configuration" path="${secure::sap.https.auditMaster.path}" >
			<http:headers ><![CDATA[#[output application/java
---
{
	uuid : vars.uuid,
   "client_secret" : p('secure::sap.client.secret'),
	"client_id" : p('secure::sap.client.id')
	
}]]]></http:headers>
		</http:request>
		<logger level="INFO" doc:name="infoLog" doc:id="cf2aa192-d0c3-428e-a59a-5ab880ee8710" message="success response from sap for APA update ::  UUID : #[vars.uuid] id : #[vars.dbId]"/>
		<logger level="DEBUG" doc:name="debugLogLcoationRes" doc:id="81fcb450-8ec6-4bf4-87c6-e0cbd4a5bbc7" message="UUID : #[vars.uuid] id : #[vars.dbId],  Success Response for APA update from Sap::#[payload]" category="com.aperture.mule4.updateAPA"/>
		<error-handler >
			<on-error-continue enableNotifications="true" logException="true" doc:name="On Error continue" doc:id="025876f9-7eb1-40d1-a55c-258f4d822bc4" when="#[((error.cause.errorMessage.attributes.statusCode default 500) &gt;= 500) or (error.cause.errorMessage.attributes.statusCode == 401)]">
				<flow-ref doc:name="ibmPublishCommonFlow" doc:id="83a228ad-e985-4263-897a-fa204e69f659" name="ibmPublishCommonFlow"/>
				<logger level="INFO" doc:name="infoLog" doc:id="67168120-4cb0-4317-86eb-18b17c083256" message="payload published to queue" />
			</on-error-continue>
			<on-error-continue enableNotifications="true" logException="true" doc:name="On Error Continue" doc:id="c1213df5-e260-400e-8e44-c252cb466b22" type="ANY" >
				<logger level="INFO" doc:name="LogCaseId" doc:id="76647bee-bb61-497b-807f-5c359793ab2e" message="UUID::#[vars.uuid] Failed caseId" />
				<logger level="ERROR" doc:name="CaseId" doc:id="c06b0b5e-da15-4d29-a186-a25f1344e286" message="UUID::#[vars.uuid] Failed caseId:: #[vars.caseId]" category="com.aperture.mule4.approveFailureCaseId" />
			<try doc:name="Try" doc:id="e269b22c-8300-443e-9e2e-ef0d44c3ad97">
								<http:request method="GET" doc:name="requestToSf" doc:id="12e92c28-ed6b-435f-82f5-0d0ce8b7bd07" config-ref="SF_CONFIG_Request_configuration" path="${secure::salesforce.https.path.getAccount}" target="companyCode" targetValue="#[payload.companyCode[0]]">
									<http:headers><![CDATA[#[output application/java
			---
			{
				uuid : vars.uuid,
			   "client_secret" : p('secure::salesforce.client.secret'),
				"client_id" : p('secure::salesforce.client.id')
				
			}]]]></http:headers>
									<http:query-params><![CDATA[#[output application/java
			---
			{
				soqlQueryCondition : "Id IN(SELECT Account__c from AuditPlanAccount__c where id ='" ++ vars.caseId ++ "')"
			}]]]></http:query-params>
								</http:request>
								<logger level="INFO" doc:name="infoLog" doc:id="877f7821-9806-4e45-aa79-ba89b6b6e2c8" message="UUID : #[vars.uuid] id : #[vars.dbId] salesforce Id for get request for APA update :#[vars.SalesforceId]" />
					<logger level="DEBUG" doc:name="debugLog" doc:id="ca2f62b9-915f-4ee0-b9e7-faf8bfe5113a" message="response payload from account in APA update:: UUID : #[vars.uuid] id : #[vars.dbId]  Payload is #[payload]" category="com.aperture.mule4.updateAPA" />
					<error-handler>
									<on-error-continue enableNotifications="true" logException="true" doc:name="On Error Continue" doc:id="d752824d-0e01-4e18-8c40-7f08dea389ad">
										<logger level="INFO" doc:name="infoLog" doc:id="4c8226b1-d832-4a55-bccd-648f2d7b62d0" message="UUID::#[vars.uuid], failed Id in get account request :: #[vars.salesforceId]" />
									</on-error-continue>
								</error-handler>
							</try>				
				<ee:transform doc:name="approvalSundryErrorResponse" doc:id="cf6e1b1a-ce24-4a77-a26f-d12fd6adac98" >
					<ee:message />
					<ee:variables >
						<ee:set-variable variableName="chatterPostBody" ><![CDATA[%dw 2.0
output application/java
---
"APA record update in SAP has failed with the following reason : " ++ ( if(error.muleMessage.payload != null)error.muleMessage.payload."errorMessage" default "error not found" else "SAP error details not found") ++ ". If you are not able to correct the data error and retrigger the creation, then please get in touch with the CRM team for resolution of the issue."]]></ee:set-variable>
					</ee:variables>
				</ee:transform>
				<logger level="INFO" doc:name="infoLogChatterPostError" doc:id="814d95c5-298f-4611-b52f-c76c449b82af" message="chatterPost Error message APA update with following caseId #[vars.caseId]#[vars.chatterPostBody]" />
				<logger level="DEBUG" doc:name="debugLogChatterPostError" doc:id="32c11d4e-b6f9-4836-b828-78f97d5889c8" message="chatterPost Error message APA update with following caseId #[vars.caseId]#[vars.chatterPostBody]" category="com.aperture.mule4.chatterpostError" />
				<flow-ref doc:name="invokeChatterPost" doc:id="d9ed2c25-1439-40f0-b747-5609f3c47f98" name="chatterPostFlow" />
				<logger level="INFO" doc:name="chatterPostInfoLog" doc:id="a4537f92-b1ab-4d22-a0b1-a5499f514ac6" message="UUID:::#[vars.uuid]:::response from chatterPost recieved #[payload]" />
				<logger level="DEBUG" doc:name="chatterPosDebugLog" doc:id="b8a98681-09fb-4a1c-b5ef-4cdf8a2e2a13" message="UUID:::#[vars.uuid]:::response from chatterPost:::#[payload]" category="com.aperture.mule4.approvalChatterPost" />
				<flow-ref doc:name="dbApproveErrorSundryOrderFlow" doc:id="c16e6444-e460-4f33-8a49-fe5f336c1ba2" name="errorResponseToDbFlow" />
			</on-error-continue>
		</error-handler>
	</flow>
	<flow name="summery" doc:id="70297911-d2ab-48fc-9365-eb55cf80f829" >
		<!-- <http:listener doc:name="Listener" doc:id="00e48c1b-45b5-43f3-9240-eb48c6fb3589" config-ref="HTTP_Listener_config" path="/summary"/> -->
		<!-- <set-variable value="uuid()" doc:name="Set Variable" doc:id="05d92007-c729-46c8-8cb5-6282dfb6bb79" variableName="uuid"/>
		<ee:transform doc:name="Copy_of_headerRequest" doc:id="bde33c4c-bef4-4ed0-a3aa-fd98d83f2691">
			<ee:message>
				<ee:set-payload><![CDATA[%dw 2.0
output application/json skipNullOn= "everywhere"
fun convertToTimeStamp(unixTimeStamp) = "/Date(" ++ ((unixTimeStamp as String {format: "yyyy-MM-dd'T'HH:mm:ss'Z'"}
as DateTime as Number {unit: "milliseconds"}) as String) ++ ")/"
-&#45;&#45;
{
d:
 {
glid:payload.data."payload".Glid__c,
createdOn:if(payload.data."payload".CreatedDate__c != null and payload.data."payload".CreatedDate__c !="") convertToTimeStamp(payload.data."payload".CreatedDate__c ) else payload.data."payload".CreatedDate__c default null,
auditSouce: if(payload.data."payload".AuditSource__c =="Planned") "01" else if(payload.data."payload".AuditSource__c =="Ad-Hoc") "02" else null,
changedOn:if(payload.data."payload".LastModifiedDate__c != null and payload.data."payload".LastModifiedDate__c !="") convertToTimeStamp(payload.data."payload".LastModifiedDate__c ) else payload.data."payload".LastModifiedDate__c default null,
action: "U",
headerId: payload.data."payload".Id__c,
headerName: payload.data."payload".HeaderName__c,
plndStartDate: if(payload.data."payload".PlannedCountStartDate__c != null and payload.data."payload".PlannedCountStartDate__c != "")convertToTimeStamp(payload.data."payload".PlannedCountStartDate__c as Date{format:"yyyy-M-dd"} as String {format:"yyyy-MM-dd'T'00:00:00'Z'"}) else payload.data."payload".PlannedCountStartDate__c default null,
account: payload.data."payload".Account__c,
plndEndDate: if(payload.data."payload".PlannedCountEndDate__c != null and payload.data."payload".PlannedCountEndDate__c != "")convertToTimeStamp(payload.data."payload".PlannedCountEndDate__c as Date{format: "yyyy-M-dd"} as String {format: "yyyy-MM-dd'T'00:00:00'Z'"}) else payload.data."payload".PlannedCountEndDate__c default null,
auditOwner: payload.data."payload".AuditOwner__c,
auditType: if(payload.data."payload".AuditType__c =="Physical") "01" else if(payload.data."payload".AuditType__c =="Statistical") "02" else null,
countType: if(payload.data."payload".CountType__c =="CHEP-Staff") "01" else if(payload.data."payload".CountType__c =="Statistical") "02" else if(payload.data."payload".CountType__c =="Self-Count") "03" else if(payload.data."payload".CountType__c =="Third-Party") "04" else null,
schStartDate: if(payload.data."payload".ScheduledCountEndDate__c != null and payload.data."payload".ScheduledCountEndDate__c != "")convertToTimeStamp(payload.data."payload".ScheduledCountEndDate__c as Date{format: "yyyy-MM-dd"} as String {format: "yyyy-MM-dd'T'00:00:00'Z'"}) else payload.data."payload".ScheduledCountEndDate__c default null,
schEndDate: if(payload.data."payload".ScheduledCountStartDate__c != null and payload.data."payload".ScheduledCountStartDate__c != "")convertToTimeStamp(payload.data."payload".ScheduledCountStartDate__c as Date{format: "yyyy-MM-dd"} as String {format: "yyyy-MM-dd'T'00:00:00'Z'"}) else payload.data."payload".ScheduledCountStartDate__c default null,
actStartDate: if(payload.data."payload".ActualCountStartDate__c != null and payload.data."payload".ActualCountStartDate__c != "")convertToTimeStamp(payload.data."payload".ActualCountStartDate__c as Date{format: "yyyy-MM-dd"} as String {format: "yyyy-MM-dd'T'00:00:00'Z'"}) else payload.data."payload".ActualCountStartDate__c default null,
actualEndDate: if(payload.data."payload".ActualCountEndDate__c != null and payload.data."payload".ActualCountEndDate__c != "")convertToTimeStamp(payload.data."payload".ActualCountEndDate__c as Date{format: "yyyy-MM-dd"} as String {format: "yyyy-MM-dd'T'00:00:00'Z'"}) else payload.data."payload".ActualCountEndDate__c default null,
fiscalYear: payload.data."payload".FiscalYear__c replace "FY" with ("20"),
status: if(payload.data."payload".Status__c =="Planned") "01" else if(payload.data."payload".Status__c =="Scheduled") "02" else if(payload.data."payload".Status__c =="Audit Started") "03" else if(payload.data."payload".Status__c =="Count Completed") "04" else if(payload.data."payload".Status__c =="Count Completed") "05" else if(payload.data."payload".Status__c =="Reconciliation") "06" else if(payload.data."payload".Status__c =="Negotiation") "07" else if(payload.data."payload".Status__c =="Pending Authorization") "08" else if(payload.data."payload".Status__c =="Authorized") "09" else if(payload.data."payload".Status__c =="Pending Invoice") "10" else if(payload.data."payload".Status__c =="Pending Transactions") "11" else if(payload.data."payload".Status__c =="Complete") "12" else if(payload.data."payload".Status__c =="Excluded") "13" else if(payload.data."payload".Status__c =="Cancelled") "14" else if(payload.data."payload".Status__c =="Recount") "15" else null,
createLocations: payload.data."payload".createLocations,
email: if(payload.data."payload".email =="true") "X" else null,
createdBy: payload.data."payload".CreatedById__c,
changedBy: payload.data."payload".LastModifiedById__c,
salesforceId: payload.data."payload".SalesforceId__c
}
}]]></ee:set-payload>
			</ee:message>
			<ee:variables>
				<ee:set-variable variableName="status"><![CDATA[%dw 2.0
output application/json
-&#45;&#45;
payload.data."payload".Status__c]]></ee:set-variable>
				<ee:set-variable variableName="auditHeaderId"><![CDATA[%dw 2.0
output application/json
-&#45;&#45;
payload.data."payload".Id__c]]></ee:set-variable>
			</ee:variables>
		</ee:transform> -->
		<choice doc:name="Choice" doc:id="17552907-4d78-4bae-a8bb-e2c649458b2a" >
			<when expression='#[vars.status == "Reconciliation" or vars.status == "Count Completed"]'>
				<http:request method="GET" doc:name="sapRequest" doc:id="f9465ab0-63ac-41e5-90d4-7a883869fc01" config-ref="Sap_Request_configuration" path="/api/summary">
			<http:headers><![CDATA[#[output application/java
---
{
	uuid : vars.uuid,
   "client_secret" : p('secure::sap.client.secret'),
	"client_id" : p('secure::sap.client.id'),
	"filter": "AuditHeaderid eq '" ++ vars.auditHeaderId ++ "'"
	
}]]]></http:headers>
		</http:request>
				<logger level="INFO" doc:name="infoLog" doc:id="fb50e0ab-42bb-4147-af5b-7686c8ec0f0c" message="success response from sap for Reconciliation :: UUID : #[vars.uuid] id : #[vars.dbId] "/>
				<ee:transform doc:name="payload" doc:id="d6a8728a-df11-4156-a677-fa37fcd93657">
			<ee:message>
				<ee:set-payload><![CDATA[%dw 2.0
output application/json
---
payload]]></ee:set-payload>
			</ee:message>
		</ee:transform>
				<logger level="DEBUG" doc:name="debugLog" doc:id="76826bb6-65cf-4c25-8cf7-645da6337cf5" message="UUID : #[vars.uuid] id : #[vars.dbId] summary response for Reconciliation from sap :: #[payload]" category="com.aperture.mule4.updateAPH"/>
				<http:request method="POST" doc:name="sfRequest" doc:id="c71f6d98-7c2e-42d4-86e7-1f45aa34d0b3" config-ref="SF_CONFIG_Request_configuration" path="${secure::salesforce.https.updateResult}" >
					<http:headers ><![CDATA[#[output application/java
---
{
	uuid : vars.uuid,
   "client_secret" : p('secure::salesforce.client.secret'),
	"client_id" : p('secure::salesforce.client.id')
	
}]]]></http:headers>
				</http:request>
				<logger level="INFO" doc:name="infoLogger" doc:id="efee72e7-1f83-43e0-a46a-c120a9a7ca57" message="success response from sf for Reconciliation :: UUID : #[vars.uuid] id : #[vars.dbId] " />
				<ee:transform doc:name="successPayload" doc:id="6bb1fc4d-5d68-40b9-b95a-41483f87e904">
			<ee:message>
				<ee:set-payload><![CDATA[%dw 2.0
output application/json
---
payload]]></ee:set-payload>
			</ee:message>
		</ee:transform>
				<logger level="DEBUG" doc:name="debugLog" doc:id="c9a44a21-7cd2-4b07-b6d0-1c6cc9dec96a" message="UUID : #[vars.uuid] id : #[vars.dbId] summerySFResponse for Reconciliation :: #[payload]" category="com.aperture.mule4.updateAPH"/>
			</when>
			<when expression='#[vars.status == "Pending Transactions"]'>
				<http:request method="GET" doc:name="sfRequest" doc:id="ce961ec4-b6c4-4d2b-92bd-d0ea12c8f062" config-ref="SF_CONFIG_Request_configuration" path="${secure::salesforce.https.updateResult}" >
					<http:headers ><![CDATA[#[output application/java
---
{
	uuid : vars.uuid,
   "client_secret" : p('secure::salesforce.client.secret'),
	"client_id" : p('secure::salesforce.client.id')
	
}]]]></http:headers>
					<http:query-params ><![CDATA[#[output application/java
---
{
	soqlQueryCondition : "AuditPlanHeaderId__c= '"++ vars.auditHeaderId ++ "'" 
}]]]></http:query-params>
				</http:request>
				<logger level="DEBUG" doc:name="infoLogger" doc:id="885a9f99-c73f-41c9-875d-b1625a800601" message="success response from sf for PendingTransactions :: UUID : #[vars.uuid] id : #[vars.dbId] " />
				<ee:transform doc:name="payload" doc:id="32bea106-003c-4c6c-950b-598bdad5abe5" >
					<ee:message >
						<ee:set-payload ><![CDATA[%dw 2.0
output application/json
---
{
	"d":{
		"auditHeaderId": payload.auditPlanHeaderId[0],
        countCalSet:{
        "results": payload map (item, index) -> {
            auditHeaderId: item.auditPlanHeaderId,
            product: item.productId,
            chepRiskPer: item.chepRiskPercentage,
            customerRiskPer: item.customerRiskPercentage
        }
        }
	}
}]]></ee:set-payload>
					</ee:message>
				</ee:transform>
				<logger level="DEBUG" doc:name="debugLog" doc:id="0456c816-bb80-4645-b5d3-21f57643e651" message="UUID : #[vars.uuid] id : #[vars.dbId] summerySFResponse for PendingTransactions :: #[payload]" category="com.aperture.mule4.updateAPH" />
				<http:request method="POST" doc:name="sapRequest" doc:id="cd97160d-1eae-42cd-98f7-45cb0f16a606" config-ref="Sap_Request_configuration" path="${secure::sap.https.countCalculation}" >
					<http:headers ><![CDATA[#[output application/java
---
{
	uuid : vars.uuid,
   "client_secret" : p('secure::sap.client.secret'),
	"client_id" : p('secure::sap.client.id'),
	
	}]]]></http:headers>
				</http:request>
				<logger level="INFO" doc:name="infoLog" doc:id="2de2a4ce-c5df-4234-9bf8-470d52643321" message="success response from sap for pendingTransactions :: UUID : #[vars.uuid] id : #[vars.dbId] " />
				<ee:transform doc:name="payload" doc:id="69351639-47ab-4370-ba69-72a86738c536" >
					<ee:message >
						<ee:set-payload ><![CDATA[%dw 2.0
output application/json
---
payload]]></ee:set-payload>
					</ee:message>
				</ee:transform>
				<logger level="DEBUG" doc:name="debugLog" doc:id="bfa1605f-bdb6-444b-b537-175bc2147218" message="UUID : #[vars.uuid] id : #[vars.dbId] summary response for pendingTransactions from sap :: #[payload]" category="com.aperture.mule4.updateAPH" />
			</when>
			<otherwise >
				<logger level="INFO" doc:name="infoLog" doc:id="350d5652-a728-42a5-8bf6-0f533512a43d" message="UUID : #[vars.uuid] id : #[vars.dbId] status is not Reconciliation and Count Completed, status:#[vars.status]"/>
			</otherwise>
		</choice>
	</flow>
</mule>
