<?xml version="1.0" encoding="UTF-8"?>

<mule xmlns:ee="http://www.mulesoft.org/schema/mule/ee/core" xmlns="http://www.mulesoft.org/schema/mule/core"
	xmlns:doc="http://www.mulesoft.org/schema/mule/documentation"
	xmlns:xsi="http://www.w3.org/2001/XMLSchema-instance" xsi:schemaLocation="http://www.mulesoft.org/schema/mule/core http://www.mulesoft.org/schema/mule/core/current/mule.xsd
http://www.mulesoft.org/schema/mule/ee/core http://www.mulesoft.org/schema/mule/ee/core/current/mule-ee.xsd">
	<flow name="locationRouting" doc:id="ad3e2176-ef65-45bf-9068-5991a0f2eb99" >
		<choice doc:name="Choice" doc:id="ac3dd8c0-99c8-4c98-a8d5-babb92951036" >
			<when expression='#[(payload.data.payload.AccountRecordType__c =="Location") and (payload.data.payload.AccountSAPCreationStatus__c =="Synced")]' >
				<flow-ref doc:name="contactOperations" doc:id="c0b4da39-2e47-452a-a6f1-4fdb8b4caba0" name="contactOperations" />
			</when>
			<otherwise >
				<logger level="INFO" doc:name="locationStatusInfoLog" doc:id="8da49d28-3dee-46f4-a50b-498a7d147cd3" message="record type is not Location and creation status is not synced, recordType:#[payload.data.payload.AccountRecordType__c], creationStatus:#[payload.data.payload.AccountSAPCreationStatus__c], accountId:#[payload.data.payload.AccountId__c]" />
			</otherwise>
		</choice>
	</flow>
	<flow name="contactOperations" doc:id="58846653-8ba8-4565-892c-aac618242957" >
		<logger level="INFO" doc:name="requestInfoLog" doc:id="4800f4fd-56b1-4522-a2ac-2c415cf33f6b" message="request for contact operations :: UUID::#[vars.UUID] id :#[vars.dbId]" />
		<logger level="DEBUG" doc:name="debugLog" doc:id="c7b1ee92-1da8-4fb1-894e-b4f03aa3e57a" message="UUID::#[vars.UUID] id :#[vars.dbId] Incoming request for contact operations ::#[payload] " category="com.aperture.mule4.contactOperations" />
		<flow-ref doc:name="invokeGetGlidFlow" doc:id="fd1220ea-f459-44d2-b8f5-312c24e3aa40" name="getGlidIdFlow" />
		<ee:transform doc:name="roleMapping" doc:id="4e49446a-dbb3-4819-a8b6-fbda2eb0654f">
			<ee:message>
				<ee:set-payload><![CDATA[%dw 2.0
output application/json
---
(flatten(payload map(item,index)->(
((item.roles default "") splitBy ";" map (c,d)->{
startDate: item.startDate,
glid: item.glid,
developerName: item.developerName,
isLinkedContactBilling: item.isLinkedContactBilling,
locationCreationContact: item.locationCreationContact,
accountId: item.accountId,
isActive: item.isActive,
roles:c,
id: item.id,
contactId: item.contactId,
"type": item."type",
endDate: item.endDate,
email: item.email,
preferredLanguage: item.preferredLanguage,
firstName: item.firstName,
lastName: item.lastName,
salutation: item.salutation,
contactPhone: item.contactPhone,
accountCompanyCode: item.accountCompanyCode,
contactCompanyCode: item.contactCompanyCode,

})
))filter(($.contactId != "") and ($.contactId != "null")) and (($.roles == "Order Contact") or ($.roles == "Manage Transaction Contact") or ($.roles == "Rate Negotiation") or ($.roles == "Proactive Order Contact") or  (($.isLinkedContactBilling =="true") and ($.roles =="Billing / Invoice"))))]]></ee:set-payload>
			</ee:message>
			<ee:variables>
				<ee:set-variable variableName="glidId"><![CDATA[%dw 2.0
output application/json
---
payload.glid]]></ee:set-variable>
				<ee:set-variable variableName="contactId"><![CDATA[%dw 2.0
output application/json
---
payload..contactId joinBy "," default ""]]></ee:set-variable>
			</ee:variables>
		</ee:transform>
		<logger level="INFO" doc:name="infoLog" doc:id="d074542b-2bcc-4ac3-8884-9485a75f04f4" message="response after role mapping :: UUID::#[vars.UUID] id :#[vars.dbId] glid: #[vars.glidId] " />
		<logger level="DEBUG" doc:name="debugLog" doc:id="e1714ed0-8bf2-46ce-9045-95d6fab1db24" message="UUID::#[vars.UUID] id :#[vars.dbId] glid: #[vars.glidId] response payload after role mapping :: #[payload]" category="com.aperture.mule4.contactOperations" />
		<choice doc:name="Choice" doc:id="c32b8357-2111-4c93-9b19-2bf303b4e395" >
			<when expression="#[vars.glidId[0] != null]">
				<ee:transform doc:name="updateRequest" doc:id="f682816b-a5c8-4e0a-9921-da2769044eae">
			<ee:message>
				<ee:set-payload><![CDATA[%dw 2.0
output application/json skipNullOn= "everywhere"
fun dynamicFields(input1) = (input1 != null and input1 != "" )
---
{
    d:{
    "actionFlag": if(payload !=[]) vars.actionFlag else "D",
   	"customer":vars.glidId[0],
    /*customerCompanyData:{
        results:[{
		"companyCode": "ZA10"
            }]
    },*/
    customerContactPartnerSet:{
        results: payload map (item, index) -> {
        //language: "ENG",
        language: p("secure::language." ++ item.preferredLanguage) default "",
        firstName:item.firstName default "",
        name1:item.lastName default "",
        email:item.email default "",
        department: if (item.roles == "Billing / Invoice") "ACCT" else if (item.roles == "Order Contact") "ORDR" else if (item.roles == "Manage Transaction Contact") "TRPC" else if (item.roles == "Rate Negotiation") "0009" else if (item.roles == "Proactive Order Contact") "PROA" else "",
        title:item.salutation default "",
        telephoneNo:item.contactPhone default ""
    }
    }
    /*customerSalesDataSet:{
        results:[{
		"division": "PA"
            }]
    } */

}
}]]></ee:set-payload>
			</ee:message>
			<ee:variables>
				<ee:set-variable variableName="contactId"><![CDATA[%dw 2.0
output application/json
---
payload..contactId  default []]]></ee:set-variable>
				<ee:set-variable variableName="dbId"><![CDATA[%dw 2.0
output application/json
---
vars.glidId[0]]]></ee:set-variable>
				<ee:set-variable variableName="companyCode"><![CDATA[%dw 2.0
output application/json
---
payload.accountCompanyCode[0]]]></ee:set-variable>
			</ee:variables>
		</ee:transform>
				<logger level="INFO" doc:name="infoLogUpdateRequest" doc:id="126171a7-4ad2-4dba-bf87-b1a53c51287a" message="response before  sap contact update :: UUID::#[vars.UUID] id :#[vars.dbId] glid: #[vars.glidId]   " />
				<logger level="DEBUG" doc:name="debugLogContactUpdateRequest" doc:id="21411aa6-73d1-4e69-bce4-6f95941ff3ec" message="UUID::#[vars.UUID] id :#[vars.dbId] glid: #[vars.glidId] sap update request payload:#[payload] " category="com.aperture.mule4.contactOperations" />
				<flow-ref doc:name="invokeCreateContactFlow" doc:id="4e292da7-4192-4b85-a1a7-f3aa134d46f7" name="invokeCreateContactFlow" />
				<logger level="INFO" doc:name="infoLogContactUpdateSuccessResponse" doc:id="cd7c9093-6fac-4b4a-a423-338cd43e6ab5" message="success response from sap contact update :: UUID::#[vars.UUID] id :#[vars.dbId] glid: #[vars.glidId]" />
				<logger level="DEBUG" doc:name="debugLogContactUpdateSuccessResponse" doc:id="1b8949f3-d972-47bd-b2ae-5c1cdcb8efc4" message="UUID::#[vars.UUID] id :#[vars.dbId] glid: #[vars.glidId]  Update Success Response From Sap contact update::#[payload]" category="com.aperture.mule4.contactOperations" />
				<flow-ref doc:name="dbApproveSundryOrderFlow" doc:id="db987e96-051b-4291-920d-5dca39553b1b" name="successResponseToDbFlow" />
			</when>
			<otherwise >
				<logger level="INFO" doc:name="infoLog" doc:id="bf0c304c-c40a-4fa1-a721-c40750009316" message="UUID::#[vars.UUID] no contacts Available for following glid #[vars.dbId]"/>
			
</otherwise>
		</choice>
		<error-handler >

<on-error-continue enableNotifications="true" logException="true" doc:name="On Error Continue" doc:id="d9ded4a9-347d-4bfe-b370-6ef82dcbbd13" when="#[((error.cause.errorMessage.attributes.statusCode default 500) &gt;= 500) or (error.cause.errorMessage.attributes.statusCode == 401)]">
				<choice doc:name="Choice" doc:id="f8dfbe3d-da3e-4a63-b13c-8f9b1272d0e9" >
					<when expression='#[vars.interfaceName == "aperture-sf-sap-contact-create"]'>
						<set-variable value='#[%dw 2.0&#10;&#10;output application/json&#10;&#10;import * from dw::util::Values&#10;&#10;---&#10;&#10;vars.originalPayload  update "channel" with "/event/contactCreate"]' doc:name="contactCreateEvent" doc:id="c0458022-a7cc-437b-8ef5-5370558b1cb1" variableName="originalPayload"/>
						<flow-ref doc:name="ibmPublishCommonFlow" doc:id="b8b31d82-96f7-4574-b935-4940bb703db4" name="ibmPublishCommonFlow"/>
					</when>
					<otherwise >
						<flow-ref doc:name="ibmPublishCommonFlow" doc:id="c01652ce-de66-4276-b008-c49108955994" name="ibmPublishCommonFlow"/>
					</otherwise>
				</choice>
				<logger level="INFO" doc:name="infoLog" doc:id="e2c72793-3b7a-400b-9d5c-80375caa50bc" message="payload published to queue"/>
			</on-error-continue>
			<on-error-continue enableNotifications="true" logException="true" doc:name="On Error Continue" doc:id="fe53e82d-d54b-42fc-bca6-65516148cb7c" type="ANY" >
				<logger level="INFO" doc:name="LogCaseId" doc:id="40834008-d861-4c8d-be9e-fd61e0348b64" message="UUID::#[vars.uuid] Failed caseId" />
				<logger level="ERROR" doc:name="CaseId" doc:id="ac1ed070-37e9-46ff-902e-96ee9be1ae23" message="UUID::#[vars.uuid] Failed caseId:: #[vars.caseId]" category="com.aperture.mule4.approveFailureCaseId" />
				<ee:transform doc:name="approvalSundryErrorResponse" doc:id="70ab6c36-f546-43cc-b4df-fcaeb3e43c56" >
					<ee:message />
					<ee:variables >
						<ee:set-variable variableName="failurePayload" ><![CDATA[%dw 2.0
output application/json
---
if(error.muleMessage.payload.failureMessage != null) error.muleMessage.payload.failureMessage  else error.description default ""]]></ee:set-variable>
					</ee:variables>
				</ee:transform>
				<logger level="INFO" doc:name="infoLogChatterPostError" doc:id="080580e6-8e3b-48e0-b1cd-1e5db6f58ddd" message="chatterPost Error message for contact update with following caseId #[vars.caseId]#[vars.chatterPostBody]" />
				<flow-ref doc:name="dbApproveErrorSundryOrderFlow" doc:id="c4cf29f0-a524-4b57-8eb3-a623bb92e326" name="errorResponseToDbFlow" />
				<logger level="DEBUG" doc:name="debugLogchatterPostError" doc:id="7f896c68-d2df-42fc-ba1c-cfb3d4208d60" message="chatterPost Error message for contact update with following caseId #[vars.caseId]#[vars.chatterPostBody]" category="com.aperture.mule4.chatterpostError" />
				<ee:transform doc:name="Transform Message" doc:id="9f5fba13-6f07-4f4b-8084-99dd8d5b3ecc" >
					<ee:message >
						<ee:set-payload ><![CDATA[%dw 2.0
output application/json
---
vars.contactId]]></ee:set-payload>
					</ee:message>
				</ee:transform>
				<choice doc:name="Choice" doc:id="364b3060-a260-4e91-8821-369d37d8b776" >
					<when expression="#[payload != []]" >
						<flow-ref doc:name="bulkErrorLoggingFlow" doc:id="9f9454ff-2c65-4832-ac5d-4f0aee1f5eb3" name="bulkErrorLoggingFlow" />
						<logger level="INFO" doc:name="chatterPostInfoLog" doc:id="d33a9770-484e-476c-8521-6f550be86d3e" message="UUID:::#[vars.uuid]:::response from chatterPost recieved #[payload]" />
						<logger level="DEBUG" doc:name="chatterPosDebugLog" doc:id="27e526a5-6129-4ea5-8d6f-6c59c7867a3a" message="UUID:::#[vars.uuid]:::response from chatterPost:::#[payload]" category="com.aperture.mule4.approvalChatterPost" />
					</when>
					<otherwise >
						<logger level="INFO" doc:name="Logger" doc:id="1a3b3918-fffb-4954-a97b-31a66bc1d526" message="no contacts meet the criteria #[vars.dbId]" />
					</otherwise>
				</choice>
			</on-error-continue>
		</error-handler>
		<!-- <choice doc:name="Choice" doc:id="cb418614-2ce8-4de9-9887-b177f6d4123b" >
			<otherwise >
				<logger level="INFO" doc:name="Logger" doc:id="5f64537c-6784-46dd-97cb-fd7e840694ae" message="contacts not exists"/>
			</otherwise>
		</choice> -->
	</flow>
</mule>
