<?xml version="1.0" encoding="UTF-8"?>

<mule xmlns:salesforce="http://www.mulesoft.org/schema/mule/salesforce" xmlns:ee="http://www.mulesoft.org/schema/mule/ee/core"
	xmlns:http="http://www.mulesoft.org/schema/mule/http"
	xmlns="http://www.mulesoft.org/schema/mule/core" xmlns:doc="http://www.mulesoft.org/schema/mule/documentation" xmlns:xsi="http://www.w3.org/2001/XMLSchema-instance" xsi:schemaLocation="http://www.mulesoft.org/schema/mule/core http://www.mulesoft.org/schema/mule/core/current/mule.xsd
http://www.mulesoft.org/schema/mule/http http://www.mulesoft.org/schema/mule/http/current/mule-http.xsd
http://www.mulesoft.org/schema/mule/ee/core http://www.mulesoft.org/schema/mule/ee/core/current/mule-ee.xsd
http://www.mulesoft.org/schema/mule/salesforce http://www.mulesoft.org/schema/mule/salesforce/current/mule-salesforce.xsd">
	<flow name="contactUpdateFlow" doc:id="4f7d2df1-e20d-467a-a33e-848cd431fedf">
		<!-- <http:listener doc:name="Listener" doc:id="4cead1d7-0a1c-43e8-9058-ebacaee79c14" config-ref="HTTP_Listener_config" path="/contactUpdate" /> -->
		<salesforce:replay-channel-listener doc:name="Replay channel listener" doc:id="6def53e9-1ae2-49c6-aadf-022049734f3f" config-ref="Salesforce_Config_Proc" streamingChannel="/event/ContactUpdated__e" replayOption="FROM_REPLAY_ID" autoReplay="true" replayId="-1"/>
		<set-variable value="#[uuid()]" doc:name="uuid" doc:id="51dd4c4c-c430-489c-a57e-7dfb0275c867" variableName="uuid" />
		<set-variable value="#[payload.data.payload.ContactId__c]" doc:name="contactId" doc:id="7520ada5-79b8-4053-ba28-7e0db5bfb1fd" variableName="contactId"/>
		<ee:transform doc:name="payload" doc:id="83e5d18d-fdcc-4833-b66f-0cda5e3ee66d">
			<ee:message>
				<ee:set-payload><![CDATA[%dw 2.0
output application/json
---
payload]]></ee:set-payload>
			</ee:message>
			<ee:variables>
				<ee:set-variable variableName="caseId"><![CDATA[%dw 2.0
output application/json
---
payload.data."payload".ContactId__c]]></ee:set-variable>
				<ee:set-variable variableName="actionFlag"><![CDATA[%dw 2.0
output application/json
---
"I"]]></ee:set-variable>
				<ee:set-variable variableName="accountId"><![CDATA[%dw 2.0
output application/json
---
payload.data.payload.AccountId__c]]></ee:set-variable>
				<ee:set-variable variableName="errorSystem"><![CDATA[%dw 2.0
output application/json
---
"sap"]]></ee:set-variable>
				<ee:set-variable variableName="originalPayload"><![CDATA[%dw 2.0
output application/json
---
payload]]></ee:set-variable>
				<ee:set-variable variableName="interfaceName"><![CDATA[%dw 2.0
output application/json
---
"aperture-sf-sap-contact-update"]]></ee:set-variable>
			</ee:variables>
		</ee:transform>
		<logger level="INFO" doc:name="infoLog" doc:id="0b6b7479-0db9-45d4-bdf0-d3f06559bb4d" message="UUID::#[vars.uuid] incoming request for contact update flow"/>
		<logger level="DEBUG" doc:name="debugLog" doc:id="9550009b-1f17-42f4-9d77-e59aa7f4e689" message="UUID::#[vars.uuid] Incoming request for contact update ::#[payload] " category="com.aperture.mule4.contactUpdate"/>
		<flow-ref doc:name="invokeGetGlidFlow" doc:id="b8f6203a-2a7b-4c32-9eab-22d89fe9ab2d" name="getGlidIdFlow"/>
		<remove-variable doc:name="Remove Variable" doc:id="8c25d858-f81d-4d98-9707-2fcf8d384512" variableName="contactId" />
		<logger level="INFO" doc:name="infoLog" doc:id="dd432684-3ef2-4c8d-9a5f-3215cb6ab67f" message="UUID::#[vars.uuid] incoming request after getGlid flow" />
		<logger level="DEBUG" doc:name="debugLog" doc:id="56c2caa2-e15f-4d4a-bc46-925282eec20b" message="UUID::#[vars.uuid] payload after getGlid flow ::#[payload] " category="com.aperture.mule4.contactUpdate"/>
		<parallel-foreach doc:name="Parallel For Each" doc:id="aa77c526-eb34-4ff3-9604-44a79aac64ec" maxConcurrency="5">
			<set-variable value="#[payload.accountId]" doc:name="Set Variable" doc:id="fc80862b-c79d-4661-a397-7bc9403c00c5" variableName="accountId"/>
			<flow-ref doc:name="contactOperations" doc:id="40eb90aa-27c8-48c9-8462-8c306d5b6e45" name="contactOperations" />
		</parallel-foreach>
		<error-handler >
			<on-error-continue enableNotifications="true" logException="true" doc:name="On Error Continue" doc:id="87519192-f6a8-4cd4-8721-cd30c2105f87" when="#[((error.cause.errorMessage.attributes.statusCode default 500) &gt;= 500) or (error.cause.errorMessage.attributes.statusCode == 401)]">
				<flow-ref doc:name="ibmPublishCommonFlow" doc:id="51ce3100-c001-4125-b473-982cad1275c3" name="ibmPublishCommonFlow"/>
				<logger level="INFO" doc:name="infoLog" doc:id="79dd2c8f-3ec9-4144-8596-9465c3a3a188" message="UUID::#[vars.uuid] payload published to queue"/>
			</on-error-continue>
			<on-error-continue enableNotifications="true" logException="true" doc:name="On Error Continue" doc:id="d7b6d5d1-5568-4b2e-a799-2affac135a69" type="ANY" >
				<logger level="INFO" doc:name="infoLogCaseId" doc:id="5dea7132-d5d0-4d02-9f13-765e6c9176c1" message="UUID::#[vars.uuid] Failed contactId" />
				<logger level="ERROR" doc:name="debugLogCaseId" doc:id="d1e0becb-539f-4164-958e-2b4c3baeb419" message="UUID::#[vars.uuid] Failed contactId:: #[vars.caseId]" category="com.aperture.mule4.approveFailureCaseId" />
				<ee:transform doc:name="approvalSundryErrorResponse" doc:id="2aa9bc2d-6e3d-4957-b841-fa359aa079a3" >
					<ee:message />
					<ee:variables >
						<ee:set-variable variableName="chatterPostBody" ><![CDATA[%dw 2.0
output application/java
---
"contact record Update in SAP has failed with the following reason : " ++ ( if(error.muleMessage.payload != null)error.muleMessage.payload."errorMessage" else "Salesforce error details not found") ++ ". If you are not able to correct the data error and retrigger the contact Update, then please get in touch with the CRM team for resolution of the issue."]]></ee:set-variable>
					</ee:variables>
				</ee:transform>
				<logger level="INFO" doc:name="infoLogChatterpostError" doc:id="63340701-e52d-4e5f-ba8c-acee9d1899f5" message="chatterPost Error message for caseApprove with following contactId #[vars.caseId]#[vars.chatterPostBody]" />
				<logger level="DEBUG" doc:name="debugLogchatterPostError" doc:id="1f1fd332-ec21-475d-9ae0-92cb88a2f2db" message="chatterPost Error message for caseApprove with following contactId #[vars.caseId]#[vars.chatterPostBody]" category="com.aperture.mule4.chatterpostError" />
				<flow-ref doc:name="invokeChatterPost" doc:id="094676c5-60d7-4322-acde-02a14aa3fb1e" name="chatterPostFlow" />
				<logger level="INFO" doc:name="chatterPostInfoLog" doc:id="c733d405-6973-4323-a952-1b7d66b4e0ed" message="UUID:::#[vars.uuid]:::response from chatterPost recieved #[payload]" />
				<logger level="DEBUG" doc:name="chatterPosDebugLog" doc:id="39a9937f-d384-44e1-90a1-daa13a371890" message="UUID:::#[vars.uuid]:::response from chatterPost:::#[payload]" category="com.aperture.mule4.approvalChatterPost" />
				<flow-ref doc:name="dbApproveErrorSundryOrderFlow" doc:id="c5fef49f-2552-4aa1-8154-524d4167c5d9" name="errorResponseToDbFlow" />
			</on-error-continue>
		</error-handler>
	</flow>
	<flow name="contactRelationUpdatedFlow" doc:id="43f7d4c2-034e-452a-9a85-bbe90e9a6747">
		<!-- <http:listener doc:name="Copy_of_Listener" doc:id="2933b71c-67b7-4144-8526-0980eedc77c5" config-ref="HTTP_Listener_config" path="/contactRelationUpdated" /> -->
		<salesforce:replay-channel-listener doc:name="Replay channel listener" doc:id="4d1530c0-6aaa-483c-b910-0ec60ebbfd71" config-ref="Salesforce_Config_Proc" streamingChannel="/event/ContactRelationUpdated__e" replayOption="FROM_REPLAY_ID" autoReplay="true" replayId="-1"/>
		<set-variable value="#[uuid()]" doc:name="uuid" doc:id="ea3e5d1d-35bc-4c72-bd28-08f7b067c0f8" variableName="uuid" />
		<ee:transform doc:name="payload" doc:id="0c58c708-6d04-4edf-932d-54588041f7cf">
			<ee:message>
				<ee:set-payload><![CDATA[%dw 2.0
output application/json
---
payload]]></ee:set-payload>
			</ee:message>
			<ee:variables>
				<ee:set-variable variableName="caseId"><![CDATA[%dw 2.0
output application/json
---
payload.data."payload".AccountId__c]]></ee:set-variable>
				<ee:set-variable variableName="actionFlag"><![CDATA[%dw 2.0
output application/json
---
"I"]]></ee:set-variable>
				<ee:set-variable variableName="accountId"><![CDATA[%dw 2.0
output application/json
---
payload.data.payload.AccountId__c]]></ee:set-variable>
				<ee:set-variable variableName="errorSystem"><![CDATA[%dw 2.0
output application/json
---
"sap"]]></ee:set-variable>
				<ee:set-variable variableName="originalPayload"><![CDATA[%dw 2.0
output application/json
---
payload]]></ee:set-variable>
				<ee:set-variable variableName="interfaceName"><![CDATA[%dw 2.0
output application/json
---
"aperture-sf-sap-contactRelationUpdate"]]></ee:set-variable>
			</ee:variables>
		</ee:transform>
		<logger level="INFO" doc:name="infoLog" doc:id="c2e6504c-4aa4-41df-aa16-e2c118526d67" message="UUID::#[vars.uuid] Incoming request for contactRelation update flow"/>
		<logger level="DEBUG" doc:name="debugLog" doc:id="daf2779f-0689-4bfa-b7ee-d09104fa08e6" message="UUID::#[vars.uuid] Incoming request for contactRelation update ::#[payload] " category="com.aperture.mule4.contactRelationUpdate"/>
		<flow-ref doc:name="locationRouting" doc:id="2b3e484e-37a4-4599-ba32-54a44b9e5bee" name="locationRouting" />
	</flow>
	<flow name="contactRelationCreatedFlow" doc:id="ea893477-e1f1-46e1-9196-f31969f8cd36">
		<!-- <http:listener doc:name="Listener" doc:id="d675cd57-ee79-4b68-b890-3bceece072ee" config-ref="HTTP_Listener_config" path="/ContactRelationCreated" /> -->
		<salesforce:replay-channel-listener doc:name="Replay channel listener" doc:id="3e3e5668-0c98-4ba1-a8ff-a7cdd8a6d39c" config-ref="Salesforce_Config_Proc" replayOption="FROM_REPLAY_ID" autoReplay="true" streamingChannel="/event/ContactRelationCreated__e" replayId="-1"/>
		<set-variable value="#[uuid()]" doc:name="uuid" doc:id="5365fd22-20e4-48ae-b92f-6509c3c301f7" variableName="uuid" />
		<ee:transform doc:name="payload" doc:id="48d33d32-fb50-4a7b-970c-c85061b7ccaf">
			<ee:message>
				<ee:set-payload><![CDATA[%dw 2.0
output application/json
---
payload]]></ee:set-payload>
			</ee:message>
			<ee:variables>
				<ee:set-variable variableName="actionFlag"><![CDATA[%dw 2.0
output application/json
---
"I"]]></ee:set-variable>
				<ee:set-variable variableName="accountId" ><![CDATA[%dw 2.0
output application/json
---
payload.data.payload.AccountId__c]]></ee:set-variable>
				<ee:set-variable variableName="caseId" ><![CDATA[%dw 2.0
output application/json
---
payload.data."payload".AccountId__c]]></ee:set-variable>
				<ee:set-variable variableName="errorSystem" ><![CDATA[%dw 2.0
output application/json
---
"sap"]]></ee:set-variable>
				<ee:set-variable variableName="originalPayload" ><![CDATA[%dw 2.0
output application/json
---
payload]]></ee:set-variable>
				<ee:set-variable variableName="interfaceName" ><![CDATA[%dw 2.0
output application/json
---
"aperture-sf-sap-contactRelationCreate"]]></ee:set-variable>
			</ee:variables>
		</ee:transform>
		<logger level="INFO" doc:name="infoLog" doc:id="3b414590-a5f0-45ad-b1f6-4b130c6d46ba" message="UUID::#[vars.uuid] Incoming request for contactRelation created flow"/>
		<logger level="DEBUG" doc:name="debugLog" doc:id="08106aa1-8aee-4b08-8604-35655a6921f0" message="UUID::#[vars.uuid] Incoming request for contactRelation created ::#[payload] " category="com.aperture.mule4.contactRelationCreate" />
		<flow-ref doc:name="locationRouting" doc:id="f4dcade7-5ebc-457e-bd82-457ff3a25bf4" name="locationRouting" />
	</flow>
</mule>
