<?xml version="1.0" encoding="UTF-8"?>

<mule xmlns:validation="http://www.mulesoft.org/schema/mule/validation" xmlns:http="http://www.mulesoft.org/schema/mule/http"
	xmlns:ee="http://www.mulesoft.org/schema/mule/ee/core"
	xmlns:salesforce="http://www.mulesoft.org/schema/mule/salesforce" xmlns="http://www.mulesoft.org/schema/mule/core" xmlns:doc="http://www.mulesoft.org/schema/mule/documentation" xmlns:xsi="http://www.w3.org/2001/XMLSchema-instance" xsi:schemaLocation="http://www.mulesoft.org/schema/mule/core http://www.mulesoft.org/schema/mule/core/current/mule.xsd
http://www.mulesoft.org/schema/mule/salesforce http://www.mulesoft.org/schema/mule/salesforce/current/mule-salesforce.xsd
http://www.mulesoft.org/schema/mule/ee/core http://www.mulesoft.org/schema/mule/ee/core/current/mule-ee.xsd
http://www.mulesoft.org/schema/mule/http http://www.mulesoft.org/schema/mule/http/current/mule-http.xsd
http://www.mulesoft.org/schema/mule/validation http://www.mulesoft.org/schema/mule/validation/current/mule-validation.xsd">
	<flow name="caseApproveSundryOrderFlow" doc:id="52be92f5-8234-4391-b6dd-d5c450910ade" initialState="stopped">
		
		 <salesforce:subscribe-topic-listener doc:name="CaseApproveSundryOrder" doc:id="3cb9c58a-2a74-4567-a16a-fefba86b7017" config-ref="Salesforce_Config_Proc" topic="CaseApproveSundryOrder"/> 
<!-- 		<http:listener doc:name="Listener" doc:id="4c4f0c30-93b2-4134-a1a8-2c27c6da0ab1" config-ref="HTTP_Listener_config" path="/caseApprove"/>
 -->		<set-variable value="#[uuid()]" doc:name="UUID" doc:id="00ec821d-f0dc-4ed7-b13a-8d35171dc10d" variableName="uuid"/>
		<ee:transform doc:name="originalPayload" doc:id="a25392c3-39a2-4001-894f-f1e25d12790a" >
			<ee:message >
				<ee:set-payload ><![CDATA[%dw 2.0
output application/json
---
payload]]></ee:set-payload>
			</ee:message>
			<ee:variables >
				<ee:set-variable variableName="caseId" ><![CDATA[%dw 2.0
output application/json
---
payload.Id]]></ee:set-variable>
				<ee:set-variable variableName="originalPayload" ><![CDATA[%dw 2.0
output application/json
---
payload]]></ee:set-variable>
				<ee:set-variable variableName="interfaceName" ><![CDATA[%dw 2.0
output application/java
---
"aperture-sf-sap-caseApproval-us"]]></ee:set-variable>
				<ee:set-variable variableName="errorSystem" ><![CDATA[%dw 2.0
output application/json
---
"sap"]]></ee:set-variable>
				<ee:set-variable variableName="dbId" ><![CDATA[%dw 2.0
output application/json
---
payload.Id]]></ee:set-variable>
			
</ee:variables>
		</ee:transform>
		<logger level="INFO" doc:name="infoLogApproveOrderReq" doc:id="3a42269d-eefe-4619-9e39-df12eddd0e5e" message="UUID: #[vars.uuid] Before Orders CaseId"/>
		<logger level="DEBUG" doc:name="debugLogApproveOrderReq" doc:id="16e1404c-824a-401d-b750-45a3eeb8ef70" message="UUID: #[vars.uuid] Before Orders CaseId::#[vars.caseId] Original Payload::#[vars.originalPayload]" category="com.aperture.mule4.beforeApproveOrderRequest"/>
		<flow-ref doc:name="invokeOrdersFlow" doc:id="12936620-60ff-428a-a5b1-84d05b5c05ec" name="invokeOrdersFlow"/>
		<ee:transform doc:name="sundryOrderRequest" doc:id="c54418f2-c819-4d69-ad5c-15d34949e0a0" >
			<ee:message >
				<ee:set-payload resource="dwl/approveOrderRequest.dwl" />
			
</ee:message>
		</ee:transform>
		<logger level="DEBUG" doc:name="debugLogApproveSundryOrdeReq" doc:id="557d7fca-203a-4a29-a55d-d97db7b18df6" message="UUID:::#[vars.uuid] Before Approve  Sundry Order Request ::#[payload]" category="com.aperture.mule4.approveSundryOrderRequest"/>
		<logger level="INFO" doc:name="infoLogApproveSundryOrdeReq" doc:id="53868945-659b-41d3-a519-b259eee7a399" message="UUID:::#[vars.uuid] Before Approve  Sundry Order Request"/>
		
		<validation:is-not-empty-collection doc:name="ordersValidation" doc:id="ad4dac55-c839-45a2-9301-ccea93607355" message='#["No soNumbers are found in sap for caseId request"]' config-ref="Validation_Config" values="#[payload filter ((item, index) -&gt; item != {})]"/>
		<parallel-foreach doc:name="Parallel For Each" doc:id="e71a2f5e-390c-4865-ab45-3cc14693e5f4" >
			<ee:transform doc:name="approveSundryOrderReq" doc:id="7894445b-7fce-472b-abc7-582230e7f3ed">
				<ee:message>
					<ee:set-payload resource="dwl/approveSundryOrderRequest.dwl" />
				</ee:message>
				<ee:variables>
					<ee:set-variable variableName="chatterPostBody"><![CDATA[%dw 2.0
output application/json
---
"Your approval has failed to update the block status for " ++ payload.soNumber ++ " in SAP. Please contact the CRM team to understand the cause of the failure or steps to rectify the issue"]]></ee:set-variable>
					<ee:set-variable variableName="soOrderNumber"><![CDATA[%dw 2.0
output application/json
---
payload.soNumber]]></ee:set-variable>
				</ee:variables>
			</ee:transform>
			<flow-ref doc:name="caseApproveRejectSundryReq" doc:id="b7f2f661-99eb-4b18-b47b-22f29a3a3d9e" name="caseApproveRejectSundryRequestFlow" />
		</parallel-foreach>
		<logger level="INFO" doc:name="infoLogAfterAproveSundryOrderRequest" doc:id="740f6ef1-59b1-4a44-95a8-b04b09a93dcc" message="UUID:::#[vars.uuid] After Approve  Sundry Order Request"/>
		<flow-ref doc:name="dbApproveSundryOrderFlow" doc:id="f85dafca-c27e-41f9-ba87-31d64c3ea492" name="successResponseToDbFlow" />
		<error-handler >
			<on-error-continue enableNotifications="true" logException="true" doc:name="On Error Continue" doc:id="835a958c-0451-4721-9758-93ec88c5144d" type="ANY">
				<logger level="INFO" doc:name="infoLogCaseId" doc:id="52f8512b-410f-42b4-ae00-decdbcfc850d" message="UUID::#[vars.uuid] Failed caseId" />
				<logger level="ERROR" doc:name="debugLogCaseId" doc:id="5edb718d-2e1f-4491-b252-794c649b41d5" message="UUID::#[vars.uuid] Failed caseId:: #[vars.caseId]" category="com.aperture.mule4.approveFailureCaseId"/>
				<ee:transform doc:name="approvalSundryErrorResponse" doc:id="88fc48a1-7c90-4bf3-8fe4-a497e7bc7488">
					<ee:message />
					<ee:variables>
						<ee:set-variable variableName="chatterPostBody"><![CDATA[%dw 2.0
output application/java
---
"You approval has failed to update the block status in SAP. Please contact the CRM team to understand the cause of the failure or steps to rectify the issue"]]></ee:set-variable>
					</ee:variables>
				</ee:transform>
				<logger level="INFO" doc:name="infoLogChatterpostError" doc:id="8274d6bf-9ebc-4f18-b76c-e70afb5ced0e" message="chatterPost Error message for caseApprove with following caseId #[vars.caseId]#[vars.chatterPostBody]"/>
				<logger level="DEBUG" doc:name="debugLogchatterPostError" doc:id="eb5cef8f-aec9-411e-9265-573bff53b16c" message="chatterPost Error message for caseApprove with following caseId #[vars.caseId]#[vars.chatterPostBody]" category="com.aperture.mule4.chatterpostError" />
				<flow-ref doc:name="invokeChatterPost" doc:id="81c7924b-98a5-4458-a354-60080c36f858" name="chatterPostFlow" />
				<logger level="INFO" doc:name="chatterPostInfoLog" doc:id="fb73588c-1436-4bbf-b6b2-33426d616a2e" message="UUID:::#[vars.uuid]:::response from chatterPost recieved #[payload]"/>
				<logger level="DEBUG" doc:name="chatterPosDebugLog" doc:id="333b86ab-f00b-4a99-ab00-04f9e05a4833" message="UUID:::#[vars.uuid]:::response from chatterPost:::#[payload]" category="com.aperture.mule4.approvalChatterPost"/>
				<flow-ref doc:name="dbApproveErrorSundryOrderFlow" doc:id="fc9c8e25-8ec5-47ca-871c-197042e6a452" name="errorResponseToDbFlow" />
			</on-error-continue>
		
</error-handler>
	</flow>
	<flow name="caseCancelSundryOrderFlow" doc:id="1664f02a-6235-4ba0-b694-a49ac7ce5778" initialState="stopped">
	 <salesforce:subscribe-topic-listener topic="CaseCancelSundryOrder" doc:name="CaseCancelSundryOrder" doc:id="0032c9ee-c692-43a8-905d-395bb370f911" config-ref="Salesforce_Config_Proc" />  
<!-- 		<http:listener doc:name="Listener" doc:id="8b8ece20-dca1-44cb-82f7-e4b54a6175fc" config-ref="HTTP_Listener_config" path="/caseCancel"/>
 -->		<set-variable value="#[uuid()]" doc:name="UUID" doc:id="9949c1bc-edd7-4b85-bf2b-9ab3b4947018" variableName="uuid"/>
		<ee:transform doc:name="originalPayload" doc:id="a6dbe113-abaf-485a-ae9a-8c4ca09f61fd" >
			<ee:message >
				<ee:set-payload ><![CDATA[%dw 2.0
output application/json
---
payload]]></ee:set-payload>

			</ee:message>
			<ee:variables >
				<ee:set-variable variableName="caseId" ><![CDATA[%dw 2.0
output application/json
---
payload.Id]]></ee:set-variable>
				<ee:set-variable variableName="originalPayload" ><![CDATA[%dw 2.0
output application/json
---
payload]]></ee:set-variable>
				<ee:set-variable variableName="interfaceName" ><![CDATA[%dw 2.0
output application/java
---
"aperture-sf-sap-caseReject-us"]]></ee:set-variable>
				<ee:set-variable variableName="errorSystem" ><![CDATA[%dw 2.0
output application/json
---
"sap"]]></ee:set-variable>
				<ee:set-variable variableName="dbId" ><![CDATA[%dw 2.0
output application/json
---
payload.Id]]></ee:set-variable>
			
</ee:variables>
		</ee:transform>
		<logger level="INFO" doc:name="infoLogApproveOrderReq" doc:id="52b923dd-e475-49c0-b9a1-2b9a4826b2a8" message="UUID: #[vars.uuid] Before Orders CaseId"/>
		<logger level="DEBUG" doc:name="debugLogApproveOrderReq" doc:id="f5a2040a-c643-4f4a-8e99-7b637d231ac6" message="UUID: #[vars.uuid] Before Orders CaseId::#[vars.caseId] Original Payload::#[vars.originalPayload]" category="com.aperture.mule4.beforeCancelOrdersRequest"/>
		<flow-ref doc:name="invokeOrdersFlow" doc:id="ddb6d910-dfa5-47e3-a488-49426d74dc3c" name="invokeOrdersFlow"/>
		<ee:transform doc:name="sundryOrderRequest" doc:id="3eb6bf20-3327-423f-a35a-deb22873494a" >
			<ee:message >
				<ee:set-payload resource="dwl/cancelOrderRequest.dwl" />
			
</ee:message>
		</ee:transform>
		<logger level="DEBUG" doc:name="debugLogCancelSundryOrdereq" doc:id="bb0a72c3-aaf7-46f5-b79c-10bef7add756" message="UUID:::#[vars.uuid] Before Cancel  Sundry Order Request ::#[payload]" category="com.aperture.mule4.cancelSundryOrderRequest"/>
		
		<logger level="INFO" doc:name="infoLogCancelSundryOrdereq" doc:id="8f7d004d-4137-4372-a631-d7e99adf1470" message="UUID:::#[vars.uuid] Before Cancel  Sundry Order Request"/>
		<validation:is-not-empty-collection doc:name="isNotEmpty" doc:id="77ab28bf-bdd1-42d6-b300-3f2d0fe2eff6" config-ref="Validation_Config" values='#[payload filter ((item, index) -&gt; item != {})]' message='#["No soNumbers are found in sap for caseId request"]'/>
		<parallel-foreach doc:name="Parallel For Each" doc:id="8a48365a-c379-45d9-a3a6-b822ea5a17af" >
			<ee:transform doc:name="cancelSundryOrderReq" doc:id="c5a3fe69-d69d-47d8-ae13-f676e20fea75">
				<ee:message>
					<ee:set-payload resource="dwl/cancelSundryOrderRequest.dwl" />
				</ee:message>
				<ee:variables>
					<ee:set-variable variableName="chatterPostBody"><![CDATA[%dw 2.0
output application/json
---
"Your cancellation has failed to update the block status for " ++ payload.soNumber ++ " in SAP. Please contact the CRM team to understand the cause of the failure or steps to rectify the issue"]]></ee:set-variable>
					<ee:set-variable variableName="soOrderNumber"><![CDATA[%dw 2.0
output application/json
---
payload.soNumber]]></ee:set-variable>
				</ee:variables>
			</ee:transform>
			<flow-ref doc:name="caseApproveRejectSundryReq" doc:id="bac0f7a5-bfaa-4b38-bccd-722ef2fdb880" name="caseApproveRejectSundryRequestFlow" />
		</parallel-foreach>
		<logger level="INFO" doc:name="infoLogAfterCancelSundryOrderRequest" doc:id="4f254933-45d0-42fa-9ef3-84060d2007c9" message="UUID:::#[vars.uuid] After Cancel  Sundry Order Request"/>
		<flow-ref doc:name="dbSundryCancelFlow" doc:id="41222be1-603f-491b-9e37-c9e93168d2fc" name="successResponseToDbFlow"/>
		<error-handler >
			<on-error-continue enableNotifications="true" logException="true" doc:name="On Error Continue" doc:id="97a00067-0797-43e3-b07e-bd99409f8b72" type="ANY">
				<logger level="INFO" doc:name="infoLogCaseId" doc:id="f8e99fc8-3984-4e28-9fb8-b78322e07278" message="UUID::#[vars.uuid] Failed caseId" />
				<logger level="ERROR" doc:name="debugLogCaseId" doc:id="afff813a-6350-4798-b4eb-fba7b49a7ef4" message="UUID::#[vars.uuid] Failed caseId:: #[vars.caseId]" category="com.aperture.mule4.cancelFailureCaseId" />
				<ee:transform doc:name="cancelSundryErrorResponse" doc:id="43b808c7-6ac2-400c-a211-ab714ea2c95c">
					<ee:message />
					<ee:variables>
						<ee:set-variable variableName="chatterPostBody"><![CDATA[%dw 2.0
output application/java
---
"You cancellation has failed to update the block status in SAP. Please contact the CRM team to understand the cause of the failure or steps to rectify the issue"]]></ee:set-variable>
					</ee:variables>
				</ee:transform>
				<logger level="INFO" doc:name="infoLogChatterpostError" doc:id="6906a4a8-57f3-4a62-b43a-dc4fb7a7584d" message="chatterPost Error message for caseCancel with following caseId #[vars.caseId]#[vars.chatterPostBody]"/>
				<logger level="DEBUG" doc:name="debugLogchatterPostError" doc:id="0978ebad-9fd5-4e0f-b710-e77c04d7430c" message="chatterPost Error message for caseCancel with following caseId #[vars.caseId]#[vars.chatterPostBody]" category="com.aperture.mule4.chatterpostError" />
				<flow-ref doc:name="invokeChatterPost" doc:id="af674466-6eda-4d0b-8eab-a6c38db6294a" name="chatterPostFlow" />
				<logger level="INFO" doc:name="chatterPostInfoLog" doc:id="2d9e1215-41bf-4433-ab63-98db662c86c5" message="UUID:::#[vars.uuid]:::response from chatterPost recieved #[payload]"/>
				<logger level="DEBUG" doc:name="chatterPostDebugLog" doc:id="97c77166-1337-4b2b-8db9-d5f8123a6fa7" message="UUID::#[vars.uuid]:::response from chatterPost #[payload]" category="com.aperture.mule4.cancelChatterPost"/>
				<flow-ref doc:name="dbCancelErrorSundryOrderFlow" doc:id="b5a31999-0e78-4b4e-bab7-dc3eca3a70a9" name="errorResponseToDbFlow" />
			</on-error-continue>
		
</error-handler>
	</flow>
	<!-- <flow name="customersUpdate" doc:id="06db779b-8f2a-4ae9-b52e-0484b8abb881" >
		<salesforce:replay-channel-listener streamingChannel="/event/LocationUpdated__e" replayOption="ALL" doc:name="Replay channel listener" doc:id="14a310b0-c166-41a0-b522-0fe42601f509" config-ref="Salesforce_Config_Proc2" autoReplay="true" />
		<http:listener doc:name="Listener" doc:id="ef164279-1fd5-4f82-b236-abf1f720dff2" config-ref="HTTP_Listener_config" path="/updateCustomer"/>
		<ee:transform doc:name="Copy_of_Transform Message" doc:id="988f833e-7091-4734-96b1-18885c07e3dd" >
			<ee:message >
				<ee:set-payload ><![CDATA[%dw 2.0
output application/json
-&#45;&#45;
payload]]></ee:set-payload>
			</ee:message>
		</ee:transform>
		<logger level="INFO" doc:name="Copy_of_Logger" doc:id="6d7cf044-51f4-489b-9c62-dbd770b989f9" message="Incoming request from Update customer topic::::#[payload] ss" />
		<ee:transform doc:name="Copy_of_Transform Message" doc:id="11d1e6e7-a5af-4554-90ea-d08a17f2467d" >
			<ee:message >
				<ee:set-payload ><![CDATA[%dw 2.0
output application/json
-&#45;&#45;
{
d: {
customer: payload.data."payload".GlobalId__c,
action: "U",
country: payload.data."payload".BillingCountryCode__c,
name1: if(sizeOf(payload.data."payload".AccountName__c) > 34)payload.data."payload".AccountName__c[0 to 34] else payload.data."payload".AccountName__c,
name2: payload.data."payload".AccountName__c[35 to -1],
city: payload.data."payload".BillingCity__c,
postalCode: payload.data."payload".BillingPostalCode__c,
region: payload.data."payload".BillingStateCode__c,
street: payload.data."payload".BillingStreet__c,
custAcctGrp: payload.data."payload".AccountGroup__c,
customerCompanyData: {
results: [{
companyCode: payload.data."payload".CompanyCode__c default null
}]
},
customerSalesDataSet: {
results: [{
salesOrg: payload.data."payload".CompanyCode__c,
distrChannel: "10",
division: if(payload.data."payload".BusinessUnit__c =="Pallet") "PA" else if(payload.data."payload".BusinessUnit__c =="Pallecon") "CC" else if(payload.data."payload".BusinessUnit__c =="Automotive") "AU" else null
}]
}
}
}]]></ee:set-payload>
			</ee:message>
		</ee:transform>
		<logger level="INFO" doc:name="Copy_of_Logger" doc:id="fe76cfb7-0aee-4fd0-82af-63570460a7ee" message="Update customer payload:#[payload] ww" />
		<http:request method="POST" doc:name="Copy_of_Request" doc:id="57e1ed7e-a85e-4297-ac1c-3a8d4f8d2c1e" config-ref="Sap_Request_configuration" path="${secure::sap.https.customerJourney.path}" >
			<http:headers ><![CDATA[#[output application/java
-&#45;&#45;
{
	uuid : vars.uuid,
   "client_secret" : p('secure::sap.client.secret'),
	"client_id" : p('secure::sap.client.id')
	
}]]]></http:headers>
		</http:request>
		<logger level="INFO" doc:name="Copy_of_Logger" doc:id="be4de666-856a-4356-904f-9e4199d3236f" message="Update  customer Response Payload:::#[payload]" />
	</flow> -->
	<!-- <flow name="caseThirdPartyUpdateFlow" doc:id="375553f6-f159-4070-8a12-76e66a4b7d28" initialState="started"> 
		 <salesforce:subscribe-topic-listener topic="CaseThirdPartyUpdates" doc:name="CaseThirdPartyUpdates" doc:id="b4b00416-d887-45a9-bb41-27c268aee6a2" config-ref="Salesforce_Config_Proc"/> 
		<http:listener doc:name="Listener" doc:id="41df6cbd-375e-4e35-b5db-e9825896b6f9" config-ref="HTTP_Listener_config" path="/thirdParty"/>
		<set-variable value="#[uuid()]" doc:name=" UUID" doc:id="52feed46-1e3b-46c7-85a5-d3066639831c" variableName="uuid"/>
		<ee:transform doc:name="payload" doc:id="66f9c9a6-8a9b-436f-937f-1b618e305ce0" >
			<ee:message >
				<ee:set-payload resource="dwl/thirdPartyCase.dwl" />
			
</ee:message>
			<ee:variables >
				<ee:set-variable variableName="originalPayload" ><![CDATA[%dw 2.0
output application/json 
-&#45;&#45;
payload]]></ee:set-variable>
				<ee:set-variable variableName="interfaceName" ><![CDATA[%dw 2.0
output application/java
-&#45;&#45;
"aperture-sf-ptc-case-us"]]></ee:set-variable>
				<ee:set-variable variableName="errorSystem" ><![CDATA[%dw 2.0
output application/json
-&#45;&#45;
"ptc"]]></ee:set-variable>
			
</ee:variables>
		</ee:transform>
		<logger level="INFO" doc:name="infoLogPtcReq" doc:id="ff20e481-36fb-42bb-abdc-8278b133266f" message="UUID ::#[vars.uuid]  Salesforce Subscribe Topic Request Invoked"/>
		<logger level="DEBUG" doc:name="debugLogPtcReq" doc:id="fefb4d9c-5b83-4a78-a388-8d9a0616f736" message="UUID ::#[vars.uuid] Salesforce Subscribe Topic Request Invoked::#[payload.id]" category="com.aperture.mule4.sfSubscribeTopic"/>
		<http:request method="POST" doc:name="invokePtc" doc:id="c29a08a3-e59c-4415-ba18-cab01f8b2be5" config-ref="PTC_Request_configuration" path="${secure::ptc.https.path}">
			<http:headers ><![CDATA[#[output application/java
-&#45;&#45;
{
	"client_secret" : p('secure::ptc.client.secret'),
	uuid : vars.uuid,
	"client_id" : p('secure::ptc.client.id')
}]]]></http:headers>
		</http:request>
		<logger level="DEBUG" doc:name="debugLogCaseSuccessResponse" doc:id="09feb6a7-23fb-4f15-9d39-b8db0d750255" message="UUID:::#[vars.uuid] Case Third Party Success Response::::#[payload]" category="com.aperture.mule4.thirdPartyCase"/>
		<logger level="INFO" doc:name="infoLogCaseSuccessResponse" doc:id="081f2e09-c145-4224-98c5-e5d8f4abc319" message="UUID:::#[vars.uuid] Case Third Party Success Response::::#[payload]" />
		<flow-ref doc:name="dbThirdPartyCase" doc:id="9f64ad7b-b738-462e-89d3-8b3922a0baaf" name="successResponseToDbFlow"/>
		<error-handler >
			<on-error-continue enableNotifications="true" logException="true" doc:name="On Error Continue" doc:id="d7b841c0-85ea-4db3-8f18-56d6f5e8164a" type="ANY">
				<ee:transform doc:name="caseErrorResponse" doc:id="71ca858b-63aa-45ef-aea6-0844a825806e">
					<ee:message>
						<ee:set-payload><![CDATA[%dw 2.0
var errorDes= if(error.description contains "(19|20)\d\d[/](0[1-9]|1[012])[/](0[1-9]|[12][0-9]|3[01])") "Date format should be in 'yyyy-mm-dd'." else (error.description default "")
output application/json
-&#45;&#45;
{
    uuid: if(error.muleMessage.payload.uuid != null)error.muleMessage.payload.uuid else vars.uuid,
    status: "Error",
    errorCode : if(error.muleMessage.payload.errorCode != null) if((error.muleMessage.payload.errorType contains 'HTTP:CONNECTIVITY') or (error.muleMessage.payload.errorType contains 'HTTP:TIMEOUT') or (error.muleMessage.payload.errorType contains 'HTTP:UNAUTHORIZED')) 503 else error.muleMessage.payload.errorCode else  error.cause.errorMessage.attributes.statusCodse default 500,
     //if(error.muleMessage.payload.errorCode != null)error.muleMessage.payload.errorCode else (error.cause.errorMessage.attributes.statusCode),
    "errorMessage": if(error.muleMessage.payload.errorMessage != null)error.muleMessage.payload.errorMessage else (errorDes),
    "errorType": if(error.muleMessage.payload.errorType != null)  if((error.muleMessage.payload.errorType contains 'HTTP:CONNECTIVITY') or (error.muleMessage.payload.errorType contains 'HTTP:TIMEOUT') or (error.muleMessage.payload.errorType contains 'HTTP:UNAUTHORIZED')) "HTTP:SERVICE_UNAVAILABLE" else error.muleMessage.payload.errorType else (error.errorType.namespace default "") ++ ":" ++ (error.errorType.identifier default "")
}
 ]]></ee:set-payload>
					</ee:message>
					<ee:variables>
						<ee:set-variable variableName="httpStatus"><![CDATA[//if (error.muleMessage.payload.errorType default "" contains 'HTTP:CONNECTIVITY') 503 else  error.cause.errorMessage.attributes.statusCodse default 500
if(error.muleMessage.payload.errorCode != null) if((error.muleMessage.payload.errorType contains 'HTTP:CONNECTIVITY') or (error.muleMessage.payload.errorType contains 'HTTP:TIMEOUT') or (error.muleMessage.payload.errorType contains 'HTTP:UNAUTHORIZED')) 503 else error.muleMessage.payload.errorCode else  error.cause.errorMessage.attributes.statusCodse default 500]]></ee:set-variable>
					</ee:variables>
				</ee:transform>
				<logger level="ERROR" doc:name="debugLogCaseErrorResponse" doc:id="dc29974a-0cbc-4e17-a02e-39c99743229c" message="UUID:::#[vars.uuid]Case Third Party Error Response::::#[payload]" category="com.aperture.mule4.thirdPartyCaseError" />
				<logger level="INFO" doc:name="infoLogCaseErrorResponse" doc:id="1888df66-cf95-49b8-9bac-873903fad6de" message="UUID:::#[vars.uuid] Case Third Party Error Response" />
				<flow-ref doc:name="dbThirdPartyCaseError" doc:id="e1f39cf9-f740-4e56-8c21-a62e62b09f16" name="errorResponseToDbFlow" />
			</on-error-continue>
		
</error-handler>
	</flow> -->
	<!-- <flow name="mule-proc-api-salesforceFlow" doc:id="6acc22ed-5762-450b-b393-469163038f51" >
		<http:listener doc:name="Listener" doc:id="1548d74f-2a88-437d-aa06-93d8f49da447" config-ref="HTTP_Listener_config" path="/invoiceDispute"/>
		<ee:transform doc:name="Transform Message" doc:id="d0663773-b2d7-41dd-8f8f-9cfd60167d1d" >
			<ee:message >
				<ee:set-payload ><![CDATA[%dw 2.0
output application/json
-&#45;&#45;
payload]]></ee:set-payload>
			</ee:message>
		</ee:transform>
		<http:request method="POST" doc:name="Request" doc:id="b808ee5a-6396-4779-8e59-2f5e1b7ae441" path="/invoiceDispute" config-ref="HTTP_Request_configuration1"/>
	</flow> -->
	
</mule>
