<?xml version="1.0" encoding="UTF-8"?>

<mule xmlns:http="http://www.mulesoft.org/schema/mule/http" xmlns:ee="http://www.mulesoft.org/schema/mule/ee/core"
	xmlns:salesforce="http://www.mulesoft.org/schema/mule/salesforce"
	xmlns="http://www.mulesoft.org/schema/mule/core" xmlns:doc="http://www.mulesoft.org/schema/mule/documentation" xmlns:xsi="http://www.w3.org/2001/XMLSchema-instance" xsi:schemaLocation="http://www.mulesoft.org/schema/mule/core http://www.mulesoft.org/schema/mule/core/current/mule.xsd
http://www.mulesoft.org/schema/mule/salesforce http://www.mulesoft.org/schema/mule/salesforce/current/mule-salesforce.xsd
http://www.mulesoft.org/schema/mule/ee/core http://www.mulesoft.org/schema/mule/ee/core/current/mule-ee.xsd
http://www.mulesoft.org/schema/mule/http http://www.mulesoft.org/schema/mule/http/current/mule-http.xsd">
	<flow name="createUserFlow" doc:id="05321fac-5ea5-4210-851d-35eaf30b42a9">
		<salesforce:replay-channel-listener replayOption="FROM_REPLAY_ID" doc:name="Replay channel listener" doc:id="b4a8feb4-3f4f-416f-825a-441bdbeaf7b6" config-ref="Salesforce_Config_Proc" streamingChannel="/event/myCHEPUserEnabled__e" autoReplay="true" replayId="-1"/>
<!-- 		<http:listener doc:name="Listener" doc:id="98c0f23e-8cf4-4217-9cd6-2343c10d48c3" config-ref="HTTP_Listener_config" path="/user"/>
 -->		<set-variable value="#[uuid()]" doc:name="UUID" doc:id="fea236f1-4abc-44ec-854d-47318da80bd0" variableName="uuid" />
		<ee:transform doc:name="payload" doc:id="cad5d1a3-de4a-47c0-a3dc-cddc388c5d58" >
			<ee:message >
				<ee:set-payload ><![CDATA[%dw 2.0
output application/json
---
payload]]></ee:set-payload>
			</ee:message>
			<ee:variables >
				<ee:set-variable variableName="caseId" ><![CDATA[%dw 2.0
output application/json
---
payload.data.payload.ContactId__c]]></ee:set-variable>
				<ee:set-variable variableName="originalPayload" ><![CDATA[%dw 2.0
output application/json
---
payload]]></ee:set-variable>
				<ee:set-variable variableName="errorSystem" ><![CDATA[%dw 2.0
output application/json
---
"myChep"]]></ee:set-variable>
				<ee:set-variable variableName="interfaceName" ><![CDATA[%dw 2.0
output application/java
---
"aperture-sf-myChep-user-create"]]></ee:set-variable>
			</ee:variables>
		</ee:transform>
		<logger level="INFO" doc:name="infoLog" doc:id="69dd3655-4654-4917-bdd6-2915e9732e61" message="incoming request for user create :#[payload]"/>
		<ee:transform doc:name="userCreateRequest" doc:id="38e4b9ba-fc63-4e1c-8dbf-15649a64443e" >
			<ee:message >
				<ee:set-payload ><![CDATA[%dw 2.0
output application/json
---
{
          accountStateCode: payload.data.payload.AccountStateCode__c,
          accountStreet: payload.data.payload.AccountStreet__c,
          contactFirstName: payload.data.payload.ContactFirstName__c,
          accountCountryCode: payload.data.payload.AccountCountryCode__c,
          accountCountry: payload.data.payload.AccountCountry__c,
          accountCity: payload.data.payload.AccountCity__c,
          contactEmail: payload.data.payload.ContactEmail__c,
          contactMobile: payload.data.payload.ContactMobile__c,
          accountState: payload.data.payload.AccountState__c,
          contactId: payload.data.payload.ContactId__c,
          createdById: payload.data.payload.CreatedById,
          contactTelephone: payload.data.payload.ContactTelephone__c,
          contactSalutation: payload.data.payload.ContactSalutation__c,
          createdDate: payload.data.payload.CreatedDate,
          accountContactRelationId: payload.data.payload.AccountContactRelationId__c,
          contactLanguage: payload.data.payload.ContactLanguage__c,
          accountPostalCode: payload.data.payload.AccountPostalCode__c,
          accountGLID: payload.data.payload.AccountGLID__c,
          contactLastName: payload.data.payload.ContactLastName__c
        }]]></ee:set-payload>
			</ee:message>
		</ee:transform>
		<logger level="DEBUG" doc:name="debugLogUserCreateReq" doc:id="7c85599b-c5b7-42ad-80de-8e6c12aee9c2" message="UUID: #[vars.uuid] create User Request::#[payload]" category="com.aperture.mule4.createUser" />
		<http:request method="POST" doc:name="requestToMyChep" doc:id="75eeb8bf-1317-4274-a186-7e4b04d13320" config-ref="mychep_Request_configuration" path="${secure::myChep.https.path}">
			<http:headers ><![CDATA[#[output application/java
---
{
	uuid : vars.uuid,
   "client_secret" : p('secure::myChep.client.secret'),
	"client_id" : p('secure::myChep.client.id')	
}]]]></http:headers>
		</http:request>
		<try doc:name="Try" doc:id="25083e0f-7c38-484e-9698-9430118e9c0e" >
			<async doc:name="Async" doc:id="2b2b875f-d28e-4653-b43c-1b4e4ad9efe9" >
				<ee:transform doc:name="contactSuccessPayload" doc:id="ca757839-4cae-4b24-b7b3-45bbd2d49093" >
					<ee:message >
					</ee:message>
					<ee:variables >
						<ee:set-variable variableName="contact" ><![CDATA[%dw 2.0
output application/json
---
[{
	"Id": vars.originalPayload.data."payload".ContactId__c,
	"myChepUser__c": "Yes"
}]]]></ee:set-variable>
					</ee:variables>
				</ee:transform>
				<logger level="INFO" doc:name="logInfo" doc:id="2011ba32-7b0d-496d-be1a-53968b5a804c" message="UUID::#[vars.uuid] user create Data before Salesforce status update:#[payload]" />
				<salesforce:update doc:name="contactUpdate" doc:id="147e9684-911a-4bad-b464-b68ed6cda5e3" config-ref="Salesforce_Config_Proc" type="Contact">
					<salesforce:records ><![CDATA[#[vars.contact]]]></salesforce:records>
				</salesforce:update>
				<ee:transform doc:name="payload" doc:id="6bdafd16-eeb8-4b98-a24e-e763f3a62131" >
					<ee:message >
						<ee:set-payload ><![CDATA[%dw 2.0
output application/json
---
payload]]></ee:set-payload>
					</ee:message>
				</ee:transform>
				<logger level="INFO" doc:name="infoLog" doc:id="f92a0586-1106-4ed0-a1f9-2199ac0c56a3" message="UUID::#[vars.uuid] user create data after Salesforce status Update:#[payload]" />
			</async>
			<async doc:name="Async" doc:id="2cb75f30-d394-423e-955f-50f0c4bd4a41" >
				<ee:transform doc:name="accountContactRelationSuccessPayload" doc:id="b5ebbdf5-40b9-4c6e-a8b6-7f332cbf9236" >
					<ee:message >
					</ee:message>
					<ee:variables >
						<ee:set-variable variableName="accountContact" ><![CDATA[%dw 2.0
output application/json
---
[{
	"Id": vars.originalPayload.data."payload".AccountContactRelationId__c,
	"myCHEPUserCreationStatus__c": "Synced"
}]]]></ee:set-variable>
					</ee:variables>
				</ee:transform>
				<logger level="INFO" doc:name="logInfo" doc:id="87b09788-06f1-45ea-8d55-1242390187d8" message="UUID::#[vars.uuid] user create Data before Salesforce status update:#[payload]" />
				<salesforce:update doc:name="accountContactRelationUpdate" doc:id="f987c02e-32c9-4bb1-b68b-ac02087a7425" type="AccountContactRelation" config-ref="Salesforce_Config_Proc">
					<salesforce:records ><![CDATA[#[vars.accountContact]]]></salesforce:records>
				</salesforce:update>
				<ee:transform doc:name="payload" doc:id="74608012-af58-470d-b281-91ee215fa539" >
					<ee:message >
						<ee:set-payload ><![CDATA[%dw 2.0
output application/json
---
payload]]></ee:set-payload>
					</ee:message>
				</ee:transform>
				<logger level="INFO" doc:name="infoLog" doc:id="31c29a43-bf79-45a7-bf02-b7c987224873" message="UUID::#[vars.uuid] user create data after Salesforce status Update:#[payload]" />
			</async>
			<error-handler >
				<on-error-continue enableNotifications="true" logException="true" doc:name="On Error Continue" doc:id="78eb2b00-e801-42d3-84fc-0a2bad03d330" >
					<logger level="INFO" doc:name="infoLogErrorResponse" doc:id="390b4ff8-1943-4155-8a34-73ec28bd037f" message="UUID:: #[vars.uuid] user create status update failed:#[payload]" />
				</on-error-continue>
			</error-handler>
		</try>
		<logger level="INFO" doc:name="successResponseInfoLog" doc:id="7dbc381e-1a39-4a1d-9cca-70d34c263843" message="success Response from user create Salesforce :#[payload]"/>
		<error-handler >
			<on-error-propagate enableNotifications="true" logException="true" doc:name="On Error Propagate" doc:id="4a6bde55-284d-485e-8409-635b8a047f87" >
				<try doc:name="Try" doc:id="f25df003-47b4-4bc9-a294-33f934df5af9" >
					<ee:transform doc:name="cancelSundryErrorResponse" doc:id="f5edb13e-4d87-4f87-b87f-ced4dfa5b5ba">
						<ee:message />
						<ee:variables>
							<ee:set-variable variableName="chatterPostBody"><![CDATA[%dw 2.0
output application/java
---
"user record creation in myChep has failed with the following reason : " ++ ( if(error.muleMessage.payload != null)error.muleMessage.payload."errorMessage" else "myChep error details not found") ++ ". If you are not able to correct the data error and retrigger the creation, then please get in touch with the CRM team for resolution of the issue."]]></ee:set-variable>
						</ee:variables>
					</ee:transform>
					<ee:transform doc:name="failedCaseId" doc:id="059ceabf-4373-4611-8654-0bb77a742cab">
						<ee:message>
							<ee:set-payload><![CDATA[%dw 2.0
output application/json
---
[{
	"Id": vars.originalPayload.data."payload".AccountContactRelationId__c,
	"myCHEPUserCreationStatus__c": "Failed"
}]]]></ee:set-payload>
						</ee:message>
					</ee:transform>
					<logger level="INFO" doc:name="infoLog" doc:id="4b577841-0f8f-45e7-af6c-0005881bf230" message="Data in Error Handler before Salesforce update:#[payload]" />
					<salesforce:update type="AccountContactRelation" doc:name="failedCaseIdUpdate" doc:id="a92d9092-bc95-4ce2-a113-8aec333f24cd" config-ref="Salesforce_Config_Proc" />
					<ee:transform doc:name="payload" doc:id="8f940cf9-ba0d-4b19-83f6-5eb8a426db17" >
						<ee:message >
							<ee:set-payload ><![CDATA[%dw 2.0
output application/json
---
payload]]></ee:set-payload>
						</ee:message>
					</ee:transform>
					<logger level="INFO" doc:name="infoLog" doc:id="90b3b4ad-4f47-4e5e-8fd8-0bcce31944ec" message="Data in Error Handler after Salesforce Update:#[payload]" />
					<error-handler>
						<on-error-continue enableNotifications="true" logException="true" doc:name="On Error Continue" doc:id="92a38c54-1638-4e8c-8ec7-3b6d8ac5593c">
							<logger level="INFO" doc:name="Logger" doc:id="e3f95c9c-cef3-444a-b390-e16bb360babd" message="user status update " />
						</on-error-continue>
					</error-handler>
				</try>
				<logger level="INFO" doc:name="infoLogCaseId" doc:id="d46e5412-1416-4a82-bba3-6c5879c5bdb2" message="UUID::#[vars.uuid] Failed userId" />
				<logger level="ERROR" doc:name="debugLogCaseId" doc:id="9936f626-14cc-416d-99fd-00714ddec493" message="UUID::#[vars.uuid] Failed userId:: #[vars.caseId]" category="com.aperture.mule4.cancelFailureCaseId" />
				<logger level="INFO" doc:name="infoLogchatterPostError" doc:id="0aac3190-c476-4ad7-ad8f-6d2ee09580b1" message="create user Error with following userId #[vars.caseId]  #[vars.chatterPostBody]" />
				<logger level="DEBUG" doc:name="debugLogchatterPostError" doc:id="a7c68147-de20-4988-827e-87f7bb314a8d" message="create user Error with following userId #[vars.caseId]  #[vars.chatterPostBody]" category="com.aperture.mule4.chatterpostError" />
				<flow-ref doc:name="invokeChatterPost" doc:id="5d2c630e-f418-49f5-bb0e-eec488a4cece" name="chatterPostFlow" />
				<logger level="INFO" doc:name="chatterPostInfoLog" doc:id="244b298a-ad1c-4017-a677-40861148ae64" message="UUID:::#[vars.uuid]:::response from chatterPost recieved #[payload]" />
				<logger level="DEBUG" doc:name="chatterPostDebugLog" doc:id="eb0bca84-b797-4b56-b370-74b229e1fc0b" message="UUID::#[vars.uuid]:::response from chatterPost #[payload]" category="com.aperture.mule4.cancelChatterPost" />
				<!-- <flow-ref doc:name="dbCancelErrorSundryOrderFlow" doc:id="69328dce-fbe0-417d-99f8-8ae0c7e14887" name="errorResponseToDbFlow" /> -->
			</on-error-propagate>
		</error-handler>
	</flow>
</mule>
