<?xml version="1.0" encoding="UTF-8"?>

<mule xmlns:http="http://www.mulesoft.org/schema/mule/http" xmlns="http://www.mulesoft.org/schema/mule/core"
	xmlns:doc="http://www.mulesoft.org/schema/mule/documentation"
	xmlns:xsi="http://www.w3.org/2001/XMLSchema-instance" xsi:schemaLocation="http://www.mulesoft.org/schema/mule/core http://www.mulesoft.org/schema/mule/core/current/mule.xsd
http://www.mulesoft.org/schema/mule/http http://www.mulesoft.org/schema/mule/http/current/mule-http.xsd">
	<http:listener-config name="HTTP_Listener_config" doc:name="HTTP Listener config" doc:id="b00188b1-e7ed-47e0-a388-82188edf8029" >
		<http:listener-connection host="localhost" port="8081" />
	</http:listener-config>
	<http:request-config name="HTTP_Request_configuration" doc:name="HTTP Request configuration" doc:id="236def3b-d929-4849-b40f-f8452613e7de" >
		<http:request-connection host="flightsurl.us-e2.cloudhub.io" port="80" />
	</http:request-config>
	<flow name="poc1_tasknewFlow" doc:id="31a070b7-38b2-4c70-bd63-8119c630ae68" >
		<http:listener doc:name="Listener" doc:id="e5ae1b73-5f21-4838-bf36-aa8fbd3cf043" config-ref="HTTP_Listener_config" path="/poc1"/>
		<logger level="INFO" doc:name="Logger" doc:id="588f15c8-6d1a-44f1-975b-f9580229d1bf" />
		<http:request method="GET" doc:name="Request" doc:id="f634797c-ad57-4ae0-9281-8267c6752e8e" path="/api/unitedFlights/{destination}" config-ref="HTTP_Request_configuration">
			<http:uri-params ><![CDATA[#[output application/json
---
{
	"destination" : attributes.queryParams.destination
}]]]></http:uri-params>
		</http:request>
	</flow>
</mule>
