<?xml version="1.0" encoding="UTF-8"?>

<mule xmlns:email="http://www.mulesoft.org/schema/mule/email" xmlns:os="http://www.mulesoft.org/schema/mule/os"
	xmlns:db="http://www.mulesoft.org/schema/mule/db"
	xmlns:ibm-mq="http://www.mulesoft.org/schema/mule/ibm-mq" xmlns:secure-properties="http://www.mulesoft.org/schema/mule/secure-properties" xmlns="http://www.mulesoft.org/schema/mule/core" xmlns:doc="http://www.mulesoft.org/schema/mule/documentation" xmlns:xsi="http://www.w3.org/2001/XMLSchema-instance" xsi:schemaLocation="http://www.mulesoft.org/schema/mule/core http://www.mulesoft.org/schema/mule/core/current/mule.xsd
http://www.mulesoft.org/schema/mule/secure-properties http://www.mulesoft.org/schema/mule/secure-properties/current/mule-secure-properties.xsd
http://www.mulesoft.org/schema/mule/ibm-mq http://www.mulesoft.org/schema/mule/ibm-mq/current/mule-ibm-mq.xsd
http://www.mulesoft.org/schema/mule/db http://www.mulesoft.org/schema/mule/db/current/mule-db.xsd
http://www.mulesoft.org/schema/mule/os http://www.mulesoft.org/schema/mule/os/current/mule-os.xsd
http://www.mulesoft.org/schema/mule/email http://www.mulesoft.org/schema/mule/email/current/mule-email.xsd">
	<secure-properties:config name="Secure_Properties_Config" doc:name="Secure Properties Config" doc:id="6f559a4b-748a-45ba-be43-56c76d4e4362" file="env\mule-ceg-eml-txt-adapter-${mule.env}.yaml" key="${property.key}" >
		<secure-properties:encrypt algorithm="Blowfish" />
	</secure-properties:config>
	<ibm-mq:config name="IBM_MQ_Config" doc:name="IBM MQ Config" doc:id="80d7ef7e-9a19-4601-9553-4256d50ac7f9" sendCorrelationId="NEVER">
		<ibm-mq:connection username="${secure::mq.username}" password="${secure::mq.password}" targetClient="NO_JMS_COMPLIANT">
			<reconnection >
				<reconnect frequency="${secure::mq.reconnection.frequency}" count="${secure::mq.reconnection.count}" />
			</reconnection>
			<ibm-mq:connection-mode >
				<ibm-mq:client host="${secure::mq.host} " port="${secure::mq.port}" queueManager="${secure::mq.queue.manager}" channel="${secure::mq.channel}" />
			</ibm-mq:connection-mode>
		</ibm-mq:connection>
	</ibm-mq:config>
	<!-- <db:config name="Database_Config" doc:name="Database Config" doc:id="df9192c5-0b42-4ca7-b6a2-3c8ffda0a306" >
		<db:oracle-connection host="${secure::db.host}" port="${secure::db.port}" user="${secure::db.username}" password="${secure::db.password}" serviceName="${secure::db.name}"/>
	</db:config> -->
	<os:object-store name="Object_store" doc:name="Object store" doc:id="c6437483-9432-42b4-b87f-ef1c9b142989" />
	<email:smtp-config name="Email_SMTP" doc:name="Email SMTP" doc:id="eb2d858a-3c57-4310-91f9-a329cbdd3852" >
		<email:smtp-connection host="${secure::smtp.host}" port="${secure::smtp.port}" >
			<reconnection >
				<reconnect frequency="${secure::smtp.reconnection.frequency}" count="${secure::smtp.reconnection.count}" />
			</reconnection>
		</email:smtp-connection>
	</email:smtp-config>
	<db:config name="Postgres_Database_Config" doc:name="Database Config" doc:id="483305c8-1021-4959-afe3-e197a678bae2" >
		<db:generic-connection url="${secure::postgres.url}" driverClassName="org.postgresql.Driver" user="${secure::postgres.username}" password="${secure::postgres.password}" />
	</db:config>
</mule>
