<?xml version="1.0" encoding="UTF-8"?>

<mule xmlns:file="http://www.mulesoft.org/schema/mule/file" xmlns:email="http://www.mulesoft.org/schema/mule/email"
	xmlns:os="http://www.mulesoft.org/schema/mule/os"
	xmlns:db="http://www.mulesoft.org/schema/mule/db" xmlns:ee="http://www.mulesoft.org/schema/mule/ee/core" xmlns:ibm-mq="http://www.mulesoft.org/schema/mule/ibm-mq" xmlns="http://www.mulesoft.org/schema/mule/core" xmlns:doc="http://www.mulesoft.org/schema/mule/documentation" xmlns:xsi="http://www.w3.org/2001/XMLSchema-instance" xsi:schemaLocation="http://www.mulesoft.org/schema/mule/core http://www.mulesoft.org/schema/mule/core/current/mule.xsd
http://www.mulesoft.org/schema/mule/ibm-mq http://www.mulesoft.org/schema/mule/ibm-mq/current/mule-ibm-mq.xsd
http://www.mulesoft.org/schema/mule/ee/core http://www.mulesoft.org/schema/mule/ee/core/current/mule-ee.xsd
http://www.mulesoft.org/schema/mule/db http://www.mulesoft.org/schema/mule/db/current/mule-db.xsd
http://www.mulesoft.org/schema/mule/os http://www.mulesoft.org/schema/mule/os/current/mule-os.xsd
http://www.mulesoft.org/schema/mule/email http://www.mulesoft.org/schema/mule/email/current/mule-email.xsd
http://www.mulesoft.org/schema/mule/file http://www.mulesoft.org/schema/mule/file/current/mule-file.xsd">
	<flow name="mule-ceg-eml-txt-adapter-IBM-Flow" doc:id="16a8391b-6cb1-4a4f-961a-41e7cf619dd8" >
		<ibm-mq:listener doc:name="On New Message" doc:id="dc9174cb-4d35-4ac5-9ef9-6c580d859a2c" config-ref="IBM_MQ_Config" destination="${secure::mq.queue.name}" ackMode="IMMEDIATE" numberOfConsumers="1">
			<ibm-mq:consumer-type>
				<ibm-mq:queue-consumer />
			</ibm-mq:consumer-type>
		</ibm-mq:listener>
		<set-variable value="#[uuid()]" doc:name="var UUID" doc:id="03b68b13-5d66-4e26-9078-6835efaadd68" variableName="uuid" />
		<flow-ref doc:name="mule-ceg-eml-txt-adapterFlow" doc:id="3a60fb0b-6090-4124-a8f7-2623d67e3b79" name="mule-ceg-eml-txt-adapterFlow"/>
	</flow>
	<flow name="mule-ceg-eml-txt-adapterFlow" doc:id="1ce52395-2a8d-498c-bef9-828abf36c7a9" >
		<set-variable value="#[(vars.counter as Number default 0) + 1]" doc:name="counter" doc:id="135d7beb-18f8-4587-82e6-b32bfad00e12" variableName="counter" />
		<logger level="DEBUG" doc:name="infoLog" doc:id="f8104928-a2c7-4244-9b6f-cb7e4c03f238" message="UUID:: #[vars.uuid], Retrieved message from queue."/>
		<logger level="DEBUG" doc:name="debugLog" doc:id="aab3ec4f-767a-492a-8e37-ca9e81fb1d7b" message="UUID::#[vars.uuid], IBM Queue Message::#[payload]" category="com.chep.mule4.adapter"/>
		<ee:transform doc:name="var headers, mailBody, mqMessage" doc:id="4a492626-2e07-4e11-af51-7b6adcb52e73" >
			<ee:message >
			</ee:message>
			<ee:variables >
				<ee:set-variable variableName="headers" ><![CDATA[%dw 2.0
import * from dw::core::Strings
output application/json
var header= ((substringBefore(payload,"\n")) splitBy ",")
---
{
    "section": trim(header[0]),
    "sender": trim(header[1]),
    "receiver": trim(header[2]),
    "cc": trim(header[3]),
    "subject": trim(header[4]),
    "inline": trim(header[5])
}]]></ee:set-variable>
				<ee:set-variable variableName="mailBody" ><![CDATA[%dw 2.0
import * from dw::core::Strings
output text/plain
---
substringAfter(payload,"\n")]]></ee:set-variable>
				<ee:set-variable variableName="adapterName" ><![CDATA[%dw 2.0
output application/json
---
p('secure::adapter.name')]]></ee:set-variable>
				<ee:set-variable variableName="mqMessage" ><![CDATA[%dw 2.0
output text/plain
---
payload]]></ee:set-variable>
			</ee:variables>
		</ee:transform>
		<logger level="INFO" doc:name="infoLog" doc:id="90e0885b-cf5b-4f76-9ce7-ed193bbfe06b" message="UUID::#[vars.uuid], header section fields::#[vars.headers]"/>
		<os:retrieve doc:name="retrieveDbData" doc:id="a39c6b76-a9eb-4320-9f17-15921df95158" key="dbData" objectStore="Object_store">
			<os:default-value ><![CDATA[#[""]]]></os:default-value>
		</os:retrieve>
		<choice doc:name="Choice" doc:id="66810b39-e3d5-4b15-b2ec-2efc16edca08" >
			<when expression='#[payload == ""]'>
				<logger level="INFO" doc:name="infoLog" doc:id="870a07ea-7f65-4c29-8e80-97261afa15b9" message="UUID::#[vars.uuid], Retrieved default payload from object store, calling db flow."/>
				<flow-ref doc:name="db-flow" doc:id="219ce85c-3cc7-4e96-be33-edc02cace5db" name="db-flow"/>
			</when>
		</choice>
		<logger level="INFO" doc:name="infoLogRetrievingDbData" doc:id="bd522ce3-732f-4eb4-add8-1cbf2a6dc703" message="UUID:: #[vars.uuid], DB data has been retrieved from object store::#[payload]"/>
		<ee:transform doc:name="mappingProperties" doc:id="c1aadccc-c35e-4923-924d-ed1246d84863" >
			<ee:message >
				<ee:set-payload ><![CDATA[%dw 2.0
output application/json
var section = (vars.headers.section) as String
var b = if(payload != "") (payload filter (($.ADAPTERNAME == vars.adapterName) and ($."SECTION" == section))) else null
---
(b map {
    ($.PROPERTY): ($.RULE)
}) reduce ((item, accumulator) -> accumulator ++ item)]]></ee:set-payload>
			</ee:message>
			<ee:variables >
				<ee:set-variable variableName="common" ><![CDATA[%dw 2.0
output application/json
var a = if(payload != "") (payload filter (($.ADAPTERNAME == vars.adapterName) and ($."SECTION" == 'COMMON'))) else null
---
(a map {
    ($.PROPERTY): ($.RULE)
}) reduce ((item, accumulator) -> accumulator ++ item)]]></ee:set-variable>
			</ee:variables>
		</ee:transform>
		<ee:transform doc:name="var bcc, cc, receiver, sender, subject" doc:id="674c6988-7cae-41c7-aafd-9fdd3e244332" >
			<ee:message >
			</ee:message>
			<ee:variables >
				<ee:set-variable variableName="receiver" ><![CDATA[%dw 2.0
output application/json
---
if(payload.*RECEIVER != null) (flatten((payload.*RECEIVER default []) map ($ splitBy  ",")) map trim($)) else if((vars.headers.receiver != "") and (vars.headers.receiver != null)) ([vars.headers.receiver]) else if ((vars.common.RECEIVER != "") and (vars.common.RECEIVER != null)) ([vars.common.RECEIVER]) else []]]></ee:set-variable>
				<ee:set-variable variableName="bcc" ><![CDATA[%dw 2.0
output application/json
---
if(payload.*BCC != null) ((flatten(((payload.*BCC) default []) map (if($ contains ",") ($ splitBy  ",") else $))) map trim($)) else if((vars.headers.bcc != "") and (vars.headers.bcc != null)) ([vars.headers.bcc]) else if ((vars.common.BCC != "") and (vars.common.BCC != null)) ([vars.common.BCC]) else []]]></ee:set-variable>
				<ee:set-variable variableName="cc" ><![CDATA[%dw 2.0
output application/json
---
if(payload.*CC != null) ((flatten(((payload.*CC) default []) map (if($ contains ",") ($ splitBy  ",") else $))) map trim($)) else if((vars.headers.cc != "") and (vars.headers.cc != null)) ([vars.headers.cc]) else if ((vars.common.CC != "") and (vars.common.CC != null)) ([vars.common.CC]) else []]]></ee:set-variable>
				<ee:set-variable variableName="sender" ><![CDATA[%dw 2.0
output application/json
---
if (payload.SENDER != null) (payload.SENDER) else if ((vars.headers.sender != "") and (vars.headers.sender != null)) (vars.headers.sender) else if ((vars.common.SENDER != "") and (vars.common.SENDER != null)) (vars.common.SENDER) else p('secure::smtp.default.from')]]></ee:set-variable>
				<ee:set-variable variableName="subject" ><![CDATA[%dw 2.0
output application/json
---
if(payload.SUBJECT != null) (payload.SUBJECT) else if((vars.headers.subject != "") and (vars.headers.subject != null)) (vars.headers.subject) else if ((vars.common.SUBJECT != "") and (vars.common.SUBJECT != null)) (vars.common.SUBJECT) else ""]]></ee:set-variable>
			</ee:variables>
		</ee:transform>
		<logger level="INFO" doc:name="infoLog" doc:id="90948414-e8b4-4d3c-8996-6f4f2c8f1283" message="UUID::#[vars.uuid], section::#[vars.headers.section], Mail will be sent with these details. receiver::#[vars.receiver], emailBody::#[vars.mailBody], sender::#[vars.sender], cc::#[vars.cc], bcc::#[vars.bcc], subject::#[vars.subject] "/>
		<email:send doc:name="sendingEmail" doc:id="d189a015-6b49-4f37-9122-bc895f90271f" toAddresses="#[vars.receiver]" config-ref="Email_SMTP" fromAddress="#[vars.sender]" ccAddresses="#[vars.cc]" bccAddresses="#[vars.bcc]" subject="#[vars.subject]">
			<email:body contentType="text/plain">
				<email:content ><![CDATA[#[vars.mailBody]]]></email:content>
			</email:body>
		</email:send>
		<logger level="INFO" doc:name="infoLog" doc:id="47013bd8-7c9c-4cdf-8ee7-9d030b8d2913" message="UUID::#[vars.uuid],  Mail has been sent."/>
		<set-variable value='#["success"]' doc:name="flag" doc:id="178c1e36-7fa8-4495-a7c6-bf3afa8165db" variableName="flag" />
		<ee:transform doc:name="logTrackingMapping" doc:id="9dae70b8-62cd-49ae-9926-2e3676dd0d20" >
			<ee:message >
				<ee:set-payload ><![CDATA[%dw 2.0
output application/json
---
{
  "INTERFACE": "MULE_EMAIL_OUT",
  "dummyField": "",
  "DATE TIME": (now() as DateTime {format: "yyyy-MM-dd HH:mm:ss.SSS"}),
  "STATUS": "SUCCESS",
  "INCOMING": "1",
  "PROCESSED": "1",
  "ADAPTER": if((sizeOf(vars.adapterName as String) default "") > 35) (vars.adapterName[0 to 34] default "") else vars.adapterName,
  "SECTION": if((sizeOf(vars.headers.section as String) default "") > 35) ((vars.headers.section as String)[0 to 34] default "") else ((vars.headers.section as String) default ""),
  "REF1": if(sizeOf((vars.sender) default "") > 64) ((vars.sender)[0 to 63] default "") else ((vars.sender) default ""),
  "REF2": (if(sizeOf((vars.receiver default []) joinBy ",") > 64) ((vars.receiver default []) joinBy ",")[0 to 63] else ((vars.receiver default []) joinBy ",")) default "",
  "REF3": if((sizeOf((vars.subject) default "")) > 128) ((vars.subject)[0 to 127] default "") else (vars.subject default "")
}]]></ee:set-payload>
			</ee:message>
		</ee:transform>
		<ee:transform doc:name="logTrackingQueueRequest" doc:id="1ee8779f-03a8-477e-93db-71b122e08bb6" >
			<ee:message >
				<ee:set-payload ><![CDATA[%dw 2.0
output text/plain
var logTrack= valuesOf(payload) joinBy  "|"
---
"BEGIN-TRACK" ++ '\n' ++ logTrack ++ '\n' ++ "END-TRACK" ++ '\r\n']]></ee:set-payload>
			</ee:message>
		</ee:transform>
		<logger level="INFO" doc:name="infoLog" doc:id="9cdff6ac-2a51-4119-bf4f-67592824318d" message="UUID::#[vars.uuid], success log message::#[payload]" />
		<ibm-mq:publish doc:name="publishLogTrack" doc:id="7c86814f-164b-4f5a-9be2-ea818e92e9e7" config-ref="IBM_MQ_Config" destination="${secure::mq.logtrack.queue}">
			<ibm-mq:message sendContentType="false" sendEncoding="false" >
				<ibm-mq:properties ><![CDATA[#[{
	JMS_IBM_Encoding:546,
	JMS_IBM_Character_Set: 'ISO-8859-1',
	JMS_IBM_MQMD_CodedCharSetId: 819,
	JMS_IBM_Format:"MQSTR",
	JMS_IBM_MQMD_Format: "MQSTR",
	JMS_IBM_MQMD_Encoding: 546,
	JMS_IBM_MQMD_ReplyToQ:"",
	JMS_IBM_MQMD_ReplyToQMgr: ""
}]]]></ibm-mq:properties>
			</ibm-mq:message>
		</ibm-mq:publish>
		<logger level="INFO" doc:name="infoLog" doc:id="75b6b057-a0b2-4bfe-9044-1783c6b4c0b2" message="UUID::#[vars.uuid], Success log message has been published." />
		<error-handler >
			<on-error-propagate enableNotifications="true" logException="true" doc:name="On Error Propagate" doc:id="d01b5e77-9129-41fe-98b2-e2f63ab24d91" >
				<set-variable value="#[vars.counter]" doc:name="counter" doc:id="70d22b8d-00a7-4162-9894-98baad3f6a6f" variableName="counter" />
				<choice doc:name="Choice" doc:id="cfe0a224-aa2e-4bab-a99f-7dd8ffc2974e" >
					<when expression="#[vars.counter &lt;= 5]">
						<logger level="INFO" doc:name="errorLog" doc:id="b87f3214-eb5e-45c1-a52d-6bc5da492b91" message="UUID::#[vars.uuid], Retry Attempt::#[vars.counter], Failure Reason::#[error.description]" />
						<ee:transform doc:name="errorLogTrackingMapping" doc:id="f46a6caf-bcf2-4df0-953a-80ccb84d86dd">
					<ee:message>
						<ee:set-payload><![CDATA[%dw 2.0
output application/json
var sub = if(sizeOf((vars.subject) default "") >= 60)(vars.subject[0 to 59] default "") else (vars.subject default "")
var value = 128 - (sizeOf((sub) default "") + 7)
var err = if(sizeOf((error.description) default "") > value) (error.description[0 to (value-1)] default "") else (error.description default "")
---
{
  "INTERFACE": "MULE_EMAIL_OUT",
  "dummyField": "",
  "DATE TIME": (now() as DateTime {format: "yyyy-MM-dd HH:mm:ss.SSS"}),
  "STATUS": if(vars.flag == "success") ("SUCCESS") else "FAIL",
  "INCOMING": "1",
  "PROCESSED": if(vars.flag == "success") ("1") else "0",
  "ADAPTER": if((sizeOf(vars.adapterName as String) default "") > 35) (vars.adapterName[0 to 34] default "") else vars.adapterName,
  "SECTION": if((sizeOf(vars.headers.section as String) default "") > 35) ((vars.headers.section as String)[0 to 34] default "") else ((vars.headers.section as String) default ""),
  "REF1": if(sizeOf((vars.sender) default "") > 64) ((vars.sender)[0 to 63] default "") else ((vars.sender) default ""),
  "REF2": (if(sizeOf((vars.receiver default []) joinBy ",") > 64) ((vars.receiver default []) joinBy ",")[0 to 63] else ((vars.receiver default []) joinBy ",")) default "",
  "REF3": if((sub != "") and (sub != null)) (sub ++ "-error:" ++ err) else ("error:" ++ err)
}]]></ee:set-payload>
					</ee:message>
				</ee:transform>
						<ee:transform doc:name="errorLogTrackingQueueRequest" doc:id="fb9123e7-4f82-4061-9fda-a9e70d933b5e">
					<ee:message>
						<ee:set-payload><![CDATA[%dw 2.0
output text/plain
var logTrack= valuesOf(payload) joinBy  "|"
---
"BEGIN-TRACK" ++ '\n' ++ logTrack ++ '\n' ++ "END-TRACK" ++ '\r\n']]></ee:set-payload>
					</ee:message>
				</ee:transform>
						<logger level="INFO" doc:name="infoLog" doc:id="c89d8f14-9239-419a-8924-c2753efc0a66" message="UUID::#[vars.uuid], Failure log message::#[payload]" />
						<ibm-mq:publish doc:name="publishLogTrack" doc:id="cc47f5e7-b5d9-4994-b89f-e3d23a513bb2" config-ref="IBM_MQ_Config" destination="${secure::mq.logtrack.queue}" >
							<ibm-mq:message sendContentType="false" sendEncoding="false" >
								<ibm-mq:properties ><![CDATA[#[{
	JMS_IBM_Encoding:546,
	JMS_IBM_Character_Set: 'ISO-8859-1',
	JMS_IBM_MQMD_CodedCharSetId: 819,
	JMS_IBM_Format:"MQSTR",
	JMS_IBM_MQMD_Format: "MQSTR",
	JMS_IBM_MQMD_Encoding: 546,
	JMS_IBM_MQMD_ReplyToQ:"",
	JMS_IBM_MQMD_ReplyToQMgr: ""
}]]]></ibm-mq:properties>
							</ibm-mq:message>
						</ibm-mq:publish>
						<logger level="INFO" doc:name="infoLog" doc:id="94206d06-42e5-465f-9a58-0ac749a5b82e" message="UUID::#[vars.uuid], Failure log message has been published." />
						<ee:transform doc:name="queueMessage" doc:id="a4f9b047-cec4-4530-b3e0-6f725c292043">
					<ee:message>
						<ee:set-payload><![CDATA[%dw 2.0
import * from dw::Runtime
output text/plain
---
(vars.mqMessage) wait 15000]]></ee:set-payload>
					</ee:message>
				</ee:transform>
						<flow-ref doc:name="mule-ceg-eml-txt-adapterFlow" doc:id="dd21e077-907e-4eee-80a9-6b30873cbe50" name="mule-ceg-eml-txt-adapterFlow"/>
					</when>
					<otherwise >
						<logger level="INFO" doc:name="errorLog" doc:id="64a64858-3fb0-42c4-a3a3-fa3ccd2fe883" message="UUID::#[vars.uuid], Maximum Retries Exhausted, Count reached to::#[vars.counter], Message will be deleted from the IBM Queue. Header Section Details::#[vars.headers]" />
					</otherwise>
				</choice>
			</on-error-propagate>
		</error-handler>
	</flow>
	<flow name="db-scheduler-flow" doc:id="0cb51096-a5d5-4f5c-9c52-7aa10d25f113" >
		<scheduler doc:name="Scheduler" doc:id="19b51155-3d8b-4e24-962d-7590ebbb3003">
			<scheduling-strategy>
				<cron expression="${secure::scheduler.cron.expression}" />
			</scheduling-strategy>
		</scheduler>
		<set-variable value="#[uuid()]" doc:name="var UUID" doc:id="536e9aba-c956-4e19-bfb2-59c3ecbcfdd3" variableName="uuid" />
		<flow-ref doc:name="db-flow" doc:id="a44e318e-fa62-4776-8a53-f9054e570327" name="db-flow"/>
	</flow>
	<flow name="db-flow" doc:id="577c3b18-6691-47ca-abd9-7a71c6540ebf" >
		<logger level="INFO" doc:name="infoLog" doc:id="86601542-8ae1-4d5d-bb9f-15ef651c68bd" message="UUID:: #[vars.uuid], db flow started"/>
		<ee:transform doc:name="dbQuery" doc:id="00ad6f5f-8087-424d-a8f6-76dcc22e54a4" >
			<ee:message >
				<ee:set-payload ><![CDATA[%dw 2.0
output application/java
---
"SELECT * FROM " ++ p('secure::db.table.name') ++ " WHERE ADAPTERNAME = '" ++ p('secure::adapter.name') ++ "' AND ACTIVEORINACTIVE = 'Active'"]]></ee:set-payload>
			</ee:message>
		</ee:transform>
		<try doc:name="Try" doc:id="bc227297-df95-445d-8df8-522244c9a566" >
			<until-successful maxRetries="${secure::untilsuccessful.retryCount}" doc:name="Until Successful" doc:id="ef3271b1-0f19-40ae-a01f-b8413c9806b2" millisBetweenRetries="${secure::untilsuccessful.timeInterval}">
				<db:select doc:name="retrieveAdapterProperties" doc:id="410b7315-1799-49cb-85ce-27d3b16f2102" config-ref="Postgres_Database_Config">
			<db:sql><![CDATA[#[payload]]]></db:sql>
		</db:select>
			</until-successful>
			<error-handler >
				<on-error-propagate enableNotifications="true" logException="true" doc:name="On Error Propagate" doc:id="d24ecbdb-a9f1-4261-a52d-eee56220aec2" >
					<ee:transform doc:name="errroMessage" doc:id="7527c3d2-a430-4823-84bc-ddad9fc624c4" >
						<ee:message >
							<ee:set-payload ><![CDATA[%dw 2.0
output application/json
---
error.description]]></ee:set-payload>
						</ee:message>
					</ee:transform>
					<logger level="INFO" doc:name="errorLog" doc:id="49e39fc1-c414-4fbc-b638-5f116c53220b" message="UUID::#[vars.uuid], Error Response:: #[payload]" />
				</on-error-propagate>
			</error-handler>
		</try>
		<ee:transform doc:name="toJson" doc:id="4f28385a-5ee5-4e9f-aeb1-d7bd17195d41" >
			<ee:message >
				<ee:set-payload ><![CDATA[%dw 2.0
output application/json
---
payload map {
    "ADAPTERNAME": $.adaptername,
    "ACTIVEORINACTIVE": $.activeorinactive,
    "PROPERTY": $.property,
    "RULE": $.rule,
    "SECTION": $.section,
    "ID": $.id
}]]></ee:set-payload>
			</ee:message>
		</ee:transform>
		<logger level="INFO" doc:name="infoDbResponse" doc:id="458653fb-bd81-408e-aced-7f72e99809d9" message="UUID::#[vars.uuid], Received db Response"/>
		<logger level="DEBUG" doc:name="debugLog" doc:id="90a593dc-5891-4b06-b198-c41509329689" message="UUID::#[vars.uuid], db response::#[payload]" category="com.chep.mule4.dbFlow"/>
		<os:store doc:name="storingDbData" doc:id="bb94862e-1a93-40a9-a22a-c803f1b4e281" key="dbData" objectStore="Object_store"/>
		<logger level="INFO" doc:name="infoLogStoringDbResponse" doc:id="f675b807-0b62-4790-abf8-55e4c3a83dcb" message="UUID:: #[vars.uuid], DB response stored in object store"/>
	</flow>
</mule>
