<aetgt:getResponse xmlns:aetgt="http://schemas.active-endpoints.com/appmodules/repository/2010/10/avrepository.xsd"
                   xmlns:types1="http://schemas.active-endpoints.com/appmodules/repository/2010/10/avrepository.xsd">
   <types1:Item>
      <types1:EntryId>nMrr0Fdw8jIw8jI-gt-4149267-2024-03-04T09:16:26.215Z::pd.xml</types1:EntryId>
      <types1:Name>Add_to_salesforce_account</types1:Name>
      <types1:MimeType>application/xml+process</types1:MimeType>
      <types1:Description/>
      <types1:AppliesTo/>
      <types1:Tags>.anonymous</types1:Tags>
      <types1:VersionLabel>1.0</types1:VersionLabel>
      <types1:State>CURRENT</types1:State>
      <types1:ProcessGroup/>
      <types1:CreatedBy>hariprasadj.in@mouritech.com.march</types1:CreatedBy>
      <types1:CreationDate>2024-03-04T09:16:26Z</types1:CreationDate>
      <types1:ModifiedBy>hariprasadj.in@mouritech.com.march</types1:ModifiedBy>
      <types1:ModificationDate>2024-03-25T10:40:31Z</types1:ModificationDate>
      <types1:PublicationStatus>unpublished</types1:PublicationStatus>
      <types1:AutosaveExists>false</types1:AutosaveExists>
      <types1:Entry>
         <process xmlns="http://schemas.active-endpoints.com/appmodules/screenflow/2010/10/avosScreenflow.xsd"
                  xmlns:tfm="http://schemas.active-endpoints.com/appmodules/screenflow/2021/04/taskflowModel.xsd"
                  xmlns:list="urn:activevos:spi:list:functions"
                  displayName="Add to salesforce account"
                  name="Add_to_salesforce_account"
                  overrideAPIName="false">
            <parameterSet xmlns="http://schemas.active-endpoints.com/appmodules/screenflow/2021/04/taskflowModel.xsd"/>
            <appliesTo/>
            <description/>
            <tags>.anonymous</tags>
            <generator>Informatica Process Designer 11</generator>
            <input>
               <parameter description="" name="AccountName" type="string">
                  <options>
                     <option name="required">false</option>
                  </options>
               </parameter>
               <parameter description="" name="BillingState" type="string">
                  <options>
                     <option name="required">false</option>
                  </options>
               </parameter>
               <parameter description="" name="Type" type="string">
                  <options>
                     <option name="required">false</option>
                  </options>
               </parameter>
               <parameter description="" name="Phone" type="phone">
                  <options>
                     <option name="required">false</option>
                  </options>
               </parameter>
            </input>
            <output>
               <field description="" name="Status" type="string">
                  <options>
                     <option name="required">false</option>
                  </options>
               </field>
            </output>
            <notes/>
            <deployment skipIfRunning="false" suspendOnFault="false" tracingLevel="none">
               <rest>
                  <allowAnonymousAccess/>
               </rest>
            </deployment>
            <flow id="a">
               <start id="b">
                  <link id="lrolqgsz" targetId="lrolqgst"/>
               </start>
               <create id="lrolqgst">
                  <title>Add to account</title>
                  <entityName>app-SF-conn1:Account</entityName>
                  <createInput>
                     <parameter name="Name" source="field" updatable="true">input.AccountName</parameter>
                     <parameter name="Type" source="field" updatable="true">input.Type</parameter>
                     <parameter name="BillingState" source="field" updatable="true">input.BillingState</parameter>
                     <parameter name="Phone" source="field" updatable="true">input.Phone</parameter>
                  </createInput>
                  <link id="lrolqgv1" targetId="lrolqgv0"/>
               </create>
               <assignment id="lrolqgv0">
                  <title>Assignment to output</title>
                  <operation source="formula" to="output.Status">
                     <expression language="XQuery">fn:concat("Account created successfully. The account ID is:",$output.CreatedAccount.Id )</expression>
                  </operation>
                  <link id="lrolqgv2" targetId="c"/>
               </assignment>
               <end id="c"/>
            </flow>
         </process>
         <ns1:sample-data-sets xmlns:ns1="http://schemas.active-endpoints.com/appmodules/repository/2010/10/sampleData.xsd">
            <ns1:SampleData>
               <ns1:Id>52f7c50f-8cc7-461c-af8e-2e9cc8612611</ns1:Id>
               <ns1:Name>Input1</ns1:Name>
               <ns1:CreatedBy>hariprasadj.in@mouritech.com.march</ns1:CreatedBy>
               <ns1:CreationDate>2024-03-04T09:16:26Z</ns1:CreationDate>
               <ns1:ModifiedBy>hariprasadj.in@mouritech.com.march</ns1:ModifiedBy>
               <ns1:ModificationDate>2024-03-25T10:40:31Z</ns1:ModificationDate>
               <ns1:Data format="json">{
	 "AccountName": "Hari",
	 "BillingState": "AP",
	 "Type": "Active",
	 "Phone": "8976548923"
}</ns1:Data>
            </ns1:SampleData>
         </ns1:sample-data-sets>
      </types1:Entry>
      <types1:GUID>0vO8x4n8QvPjn68DcpDT8t</types1:GUID>
      <types1:DisplayName>Add to salesforce account</types1:DisplayName>
   </types1:Item>
   <types1:CurrentServerDateTime>2024-04-02T04:24:35.825Z</types1:CurrentServerDateTime>
</aetgt:getResponse>
