<aetgt:getResponse xmlns:aetgt="http://schemas.active-endpoints.com/appmodules/repository/2010/10/avrepository.xsd"
                   xmlns:types1="http://schemas.active-endpoints.com/appmodules/repository/2010/10/avrepository.xsd">
   <types1:Item>
      <types1:EntryId>vVIDhMBu8zbgdwU-gt-4149401-2024-03-04T09:16:33.43Z::conn.xml</types1:EntryId>
      <types1:Name>app_</types1:Name>
      <types1:MimeType>application/xml+connection</types1:MimeType>
      <types1:Description/>
      <types1:AppliesTo/>
      <types1:Tags/>
      <types1:VersionLabel>1.0</types1:VersionLabel>
      <types1:State>CURRENT</types1:State>
      <types1:ProcessGroup/>
      <types1:CreatedBy>hariprasadj.in@mouritech.com.march</types1:CreatedBy>
      <types1:CreationDate>2024-03-04T09:16:33Z</types1:CreationDate>
      <types1:ModifiedBy>hariprasadj.in@mouritech.com.march</types1:ModifiedBy>
      <types1:ModificationDate>2024-03-25T10:40:33Z</types1:ModificationDate>
      <types1:PublicationStatus>unpublished</types1:PublicationStatus>
      <types1:AutosaveExists>false</types1:AutosaveExists>
      <types1:Entry>
         <connection xmlns="http://schemas.informatica.com/socrates/data-services/2014/04/avosConnections.xsd"
                     displayName="app "
                     label="app "
                     name="app_">
            <description/>
            <tags/>
            <agent/>
            <businessConnector xmlns="http://schemas.informatica.com/appmodules/screenflow/2014/04/avosConnectors.xsd"
                               agentOnly="false"
                               connectorPath="project:/rt.connector/SRC_url_to_csv1/SRC_url_to_csv1_svcDef.xml"
                               guid="jSVolGQuqOubfniDBDg48S"
                               name="SRC_url_to_csv1"
                               supportsConnectionTest="false"
                               uuid="2ce5fa79-2303-4fb4-8899-2ae2b0ee57fb">
               <description/>
            </businessConnector>
         </connection>
      </types1:Entry>
      <types1:GUID>7MTrZe7rHkIknCOFaQxj0r</types1:GUID>
      <types1:DisplayName>app </types1:DisplayName>
   </types1:Item>
   <types1:CurrentServerDateTime>2024-04-02T04:24:36.194Z</types1:CurrentServerDateTime>
</aetgt:getResponse>
