<aetgt:getResponse xmlns:aetgt="http://schemas.active-endpoints.com/appmodules/repository/2010/10/avrepository.xsd"
                   xmlns:types1="http://schemas.active-endpoints.com/appmodules/repository/2010/10/avrepository.xsd">
   <types1:Item>
      <types1:EntryId>2HXf66vfXjISUXL-gt-8796425-2024-03-18T11:40:49.863Z::conn.xml</types1:EntryId>
      <types1:Name>app-conn-filemonitor</types1:Name>
      <types1:ParentFlowIds>FSJsJGD4ARW8UBM-gt-9356559-2024-03-20T07:29:15.07Z::pd.xml</types1:ParentFlowIds>
      <types1:MimeType>application/xml+connection</types1:MimeType>
      <types1:Description/>
      <types1:AppliesTo/>
      <types1:Tags>.agent:MTLP-446</types1:Tags>
      <types1:VersionLabel>1.0</types1:VersionLabel>
      <types1:State>CURRENT</types1:State>
      <types1:ProcessGroup/>
      <types1:CreatedBy>hariprasadj.in@mouritech.com.march</types1:CreatedBy>
      <types1:CreationDate>2024-03-18T11:40:50Z</types1:CreationDate>
      <types1:ModifiedBy>hariprasadj.in@mouritech.com.march</types1:ModifiedBy>
      <types1:ModificationDate>2024-03-20T07:18:59Z</types1:ModificationDate>
      <types1:PublicationStatus>published</types1:PublicationStatus>
      <types1:PublishedBy>hariprasadj.in@mouritech.com.march</types1:PublishedBy>
      <types1:PublicationDate>2024-03-20T07:19:09Z</types1:PublicationDate>
      <types1:PublishedContributionId>project:/rt.connection/app-conn-filemonitor/app-conn-filemonitor.conn.xml</types1:PublishedContributionId>
      <types1:AutosaveExists>false</types1:AutosaveExists>
      <types1:Entry>
         <connection xmlns="http://schemas.informatica.com/socrates/data-services/2014/04/avosConnections.xsd"
                     displayName="app-conn-filemonitor"
                     label="app-conn-filemonitor"
                     name="app-conn-filemonitor">
            <description/>
            <tags>.agent:MTLP-446</tags>
            <agent>MTLP-446</agent>
            <consumers>
               <consumer enabled="true" name="FileMonitor" typeName="FileMonitor">
                  <description>Use this event source to monitor folders for new files.</description>
                  <attributes>
                     <attribute encrypted="false" name="directoryName" value="D:\INFORMATICA\Hari"/>
                     <attribute encrypted="false" name="recursive" value="false"/>
                     <attribute encrypted="false" name="include" value=""/>
                     <attribute encrypted="false" name="exclude" value=""/>
                     <attribute encrypted="false" name="noop" value="false"/>
                     <attribute encrypted="false" name="delete" value="false"/>
                     <attribute encrypted="false" name="preMove" value=""/>
                     <attribute encrypted="false" name="move" value=""/>
                     <attribute encrypted="false" name="moveFailed" value=""/>
                     <attribute encrypted="false" name="initialDelay" value="1"/>
                     <attribute encrypted="false" name="delay" value="1"/>
                     <attribute encrypted="false" name="maxMessagesPerPoll" value=""/>
                     <attribute encrypted="false" name="readLock" value="rename"/>
                     <attribute encrypted="false" name="readLockTimeout" value=""/>
                     <attribute encrypted="false" name="readLockCheckInterval" value=""/>
                     <attribute encrypted="false" name="readLockMinLength" value=""/>
                     <attribute encrypted="false" name="readLockLoggingLevel" value="WARN"/>
                     <attribute encrypted="false" name="otherAttributes" value=""/>
                  </attributes>
               </consumer>
            </consumers>
            <javaConnector xmlns="http://schemas.informatica.com/appmodules/screenflow/2014/04/avosConnectors.xsd"
                           agentOnly="true"
                           plugin="Camel"
                           supportsConnectionTest="true"
                           supportsDataPreview="false"
                           supportsOData="false"
                           supportsPublishSkipMetadataRefresh="false"
                           type="File"
                           uuid="ac000300-d9fe-11e4-8830-0800200c9a66">
               <description>Provides connections to file monitoring brokers.</description>
            </javaConnector>
         </connection>
      </types1:Entry>
      <types1:GUID>4T4KIIwAekEj5KBjvcc6oz</types1:GUID>
      <types1:DisplayName>app-conn-filemonitor</types1:DisplayName>
   </types1:Item>
   <types1:CurrentServerDateTime>2024-04-02T04:24:35.247Z</types1:CurrentServerDateTime>
</aetgt:getResponse>
