<aetgt:getResponse xmlns:aetgt="http://schemas.active-endpoints.com/appmodules/repository/2010/10/avrepository.xsd"
                   xmlns:types1="http://schemas.active-endpoints.com/appmodules/repository/2010/10/avrepository.xsd">
   <types1:Item>
      <types1:EntryId>sK4PvbcjIw8jIw8-gt-4149379-2024-03-04T09:16:33.293Z::conn.xml</types1:EntryId>
      <types1:Name>App-conn-url2</types1:Name>
      <types1:ParentFlowIds>Fz7M1reAFLK2D86-gt-4241726-2024-03-04T09:16:34.504Z::pd.xml</types1:ParentFlowIds>
      <types1:MimeType>application/xml+connection</types1:MimeType>
      <types1:Description/>
      <types1:AppliesTo/>
      <types1:Tags/>
      <types1:VersionLabel>1.0</types1:VersionLabel>
      <types1:State>CURRENT</types1:State>
      <types1:ProcessGroup/>
      <types1:CreatedBy>hariprasadj.in@mouritech.com.march</types1:CreatedBy>
      <types1:CreationDate>2024-03-04T09:16:33Z</types1:CreationDate>
      <types1:ModifiedBy>hariprasadj.in@mouritech.com.march</types1:ModifiedBy>
      <types1:ModificationDate>2024-03-25T10:40:34Z</types1:ModificationDate>
      <types1:PublicationStatus>unpublished</types1:PublicationStatus>
      <types1:AutosaveExists>false</types1:AutosaveExists>
      <types1:Entry>
         <connection xmlns="http://schemas.informatica.com/socrates/data-services/2014/04/avosConnections.xsd"
                     displayName="App-conn-url2"
                     label="App-conn-url2"
                     name="App-conn-url2">
            <description/>
            <tags/>
            <agent/>
            <businessConnector xmlns="http://schemas.informatica.com/appmodules/screenflow/2014/04/avosConnectors.xsd"
                               agentOnly="false"
                               connectorPath="project:/rt.connector/SRC_url_to_csv/SRC_url_to_csv_svcDef.xml"
                               guid="gKQt80QbEszcW5l7xbrNE6"
                               name="SRC_url_to_csv"
                               supportsConnectionTest="false"
                               uuid="acf3af8c-4d61-46b0-bacf-2200e6092e06">
               <description/>
            </businessConnector>
         </connection>
      </types1:Entry>
      <types1:GUID>d9Y2iL0CXWzi8CPOX0KGSB</types1:GUID>
      <types1:DisplayName>App-conn-url2</types1:DisplayName>
   </types1:Item>
   <types1:CurrentServerDateTime>2024-04-02T04:24:36.093Z</types1:CurrentServerDateTime>
</aetgt:getResponse>
