<aetgt:getResponse xmlns:aetgt="http://schemas.active-endpoints.com/appmodules/repository/2010/10/avrepository.xsd"
                   xmlns:types1="http://schemas.active-endpoints.com/appmodules/repository/2010/10/avrepository.xsd">
   <types1:Item>
      <types1:EntryId>2HBxZmtK9hCHbf2-gt-4241696-2024-03-04T09:16:33.869Z::conn.xml</types1:EntryId>
      <types1:Name>App-conn-sample-1</types1:Name>
      <types1:ParentFlowIds>JAN4GkRCU7uMydx-gt-4241736-2024-03-04T09:16:34.578Z::pd.xml</types1:ParentFlowIds>
      <types1:MimeType>application/xml+connection</types1:MimeType>
      <types1:Description/>
      <types1:AppliesTo/>
      <types1:Tags>.agent:MTLP-446</types1:Tags>
      <types1:VersionLabel>1.0</types1:VersionLabel>
      <types1:State>CURRENT</types1:State>
      <types1:ProcessGroup/>
      <types1:CreatedBy>hariprasadj.in@mouritech.com.march</types1:CreatedBy>
      <types1:CreationDate>2024-03-04T09:16:34Z</types1:CreationDate>
      <types1:ModifiedBy>hariprasadj.in@mouritech.com.march</types1:ModifiedBy>
      <types1:ModificationDate>2024-03-25T10:40:33Z</types1:ModificationDate>
      <types1:PublicationStatus>unpublished</types1:PublicationStatus>
      <types1:AutosaveExists>false</types1:AutosaveExists>
      <types1:Entry>
         <connection xmlns="http://schemas.informatica.com/socrates/data-services/2014/04/avosConnections.xsd"
                     displayName="App-conn-sample"
                     label="App-conn-sample"
                     name="App-conn-sample-1">
            <description/>
            <tags>.agent:MTLP-446</tags>
            <agent>MTLP-446</agent>
            <businessConnector xmlns="http://schemas.informatica.com/appmodules/screenflow/2014/04/avosConnectors.xsd"
                               agentOnly="false"
                               connectorPath="project:/rt.connector/Svc_sample_1/Svc_sample_1_svcDef.xml"
                               guid="aSPxhBTFiqcccEwJhfhJc7"
                               name="Svc-sample"
                               supportsConnectionTest="false"
                               uuid="c1a752c9-68c8-4973-97fc-fd7cc0691fa6">
               <description/>
            </businessConnector>
         </connection>
      </types1:Entry>
      <types1:GUID>7zfbdz6JztKd6qSRwtZeAr</types1:GUID>
      <types1:DisplayName>App-conn-sample</types1:DisplayName>
   </types1:Item>
   <types1:CurrentServerDateTime>2024-04-02T04:24:36.076Z</types1:CurrentServerDateTime>
</aetgt:getResponse>
