<aetgt:getResponse xmlns:aetgt="http://schemas.active-endpoints.com/appmodules/repository/2010/10/avrepository.xsd"
                   xmlns:types1="http://schemas.active-endpoints.com/appmodules/repository/2010/10/avrepository.xsd">
   <types1:Item>
      <types1:EntryId>47M1reAFLK2D86C-gt-4149421-2024-03-04T09:16:33.894Z::conn.xml</types1:EntryId>
      <types1:Name>App-conn-xml</types1:Name>
      <types1:ParentFlowIds>NZPD4ARW8UBM7zs-gt-4241748-2024-03-04T09:16:34.631Z::pd.xml,QGPJwsciQlBWlD2-gt-4241760-2024-03-04T09:16:34.682Z::pd.xml</types1:ParentFlowIds>
      <types1:MimeType>application/xml+connection</types1:MimeType>
      <types1:Description/>
      <types1:AppliesTo/>
      <types1:Tags>.agent:MTLP-446</types1:Tags>
      <types1:VersionLabel>1.0</types1:VersionLabel>
      <types1:State>CURRENT</types1:State>
      <types1:ProcessGroup/>
      <types1:CreatedBy>hariprasadj.in@mouritech.com.march</types1:CreatedBy>
      <types1:CreationDate>2024-03-04T09:16:34Z</types1:CreationDate>
      <types1:ModifiedBy>hariprasadj.in@mouritech.com.march</types1:ModifiedBy>
      <types1:ModificationDate>2024-03-25T10:40:33Z</types1:ModificationDate>
      <types1:PublicationStatus>unpublished</types1:PublicationStatus>
      <types1:AutosaveExists>false</types1:AutosaveExists>
      <types1:Entry>
         <connection xmlns="http://schemas.informatica.com/socrates/data-services/2014/04/avosConnections.xsd"
                     displayName="App-conn-xml"
                     label="App-conn-xml"
                     name="App-conn-xml">
            <description/>
            <tags>.agent:MTLP-446</tags>
            <agent>MTLP-446</agent>
            <businessConnector xmlns="http://schemas.informatica.com/appmodules/screenflow/2014/04/avosConnectors.xsd"
                               agentOnly="false"
                               connectorPath="project:/rt.connector/Src_Xml_data/Src_Xml_data_svcDef.xml"
                               guid="5UWyjdr9d5BcQmH0f7xy4b"
                               name="Src_Xml_data"
                               supportsConnectionTest="false"
                               uuid="671a4c95-0d26-4dd2-a509-fd70a4716766">
               <description/>
            </businessConnector>
         </connection>
      </types1:Entry>
      <types1:GUID>4bxaeEx5g2GiF72m9PqVK6</types1:GUID>
      <types1:DisplayName>App-conn-xml</types1:DisplayName>
   </types1:Item>
   <types1:CurrentServerDateTime>2024-04-02T04:24:35.969Z</types1:CurrentServerDateTime>
</aetgt:getResponse>
