<aetgt:getResponse xmlns:aetgt="http://schemas.active-endpoints.com/appmodules/repository/2010/10/avrepository.xsd"
                   xmlns:types1="http://schemas.active-endpoints.com/appmodules/repository/2010/10/avrepository.xsd">
   <types1:Item>
      <types1:EntryId>OUAti4WDjz8Uuop-gt-4241642-2024-03-04T09:16:32.646Z::conn.xml</types1:EntryId>
      <types1:Name>App-conn-dat</types1:Name>
      <types1:ParentFlowIds>E5YLnzYLnzYLnzY-gt-4149463-2024-03-04T09:16:34.499Z::pd.xml</types1:ParentFlowIds>
      <types1:MimeType>application/xml+connection</types1:MimeType>
      <types1:Description/>
      <types1:AppliesTo/>
      <types1:Tags>.agent:MTLP-446</types1:Tags>
      <types1:VersionLabel>1.0</types1:VersionLabel>
      <types1:State>CURRENT</types1:State>
      <types1:ProcessGroup/>
      <types1:CreatedBy>hariprasadj.in@mouritech.com.march</types1:CreatedBy>
      <types1:CreationDate>2024-03-04T09:16:33Z</types1:CreationDate>
      <types1:ModifiedBy>hariprasadj.in@mouritech.com.march</types1:ModifiedBy>
      <types1:ModificationDate>2024-03-25T10:40:34Z</types1:ModificationDate>
      <types1:PublicationStatus>unpublished</types1:PublicationStatus>
      <types1:AutosaveExists>false</types1:AutosaveExists>
      <types1:Entry>
         <connection xmlns="http://schemas.informatica.com/socrates/data-services/2014/04/avosConnections.xsd"
                     displayName="App-conn-dat"
                     label="App-conn-dat"
                     name="App-conn-dat">
            <description/>
            <tags>.agent:MTLP-446</tags>
            <agent>MTLP-446</agent>
            <businessConnector xmlns="http://schemas.informatica.com/appmodules/screenflow/2014/04/avosConnectors.xsd"
                               agentOnly="false"
                               connectorPath="project:/rt.connector/Src_xmldat/Src_xmldat_svcDef.xml"
                               guid="0RDMhskf7f4fF6kNnDu4Qr"
                               name="Src_xmldat"
                               supportsConnectionTest="false"
                               uuid="0f4a7e93-4eca-4195-8c31-c9abbff15402">
               <description/>
            </businessConnector>
         </connection>
      </types1:Entry>
      <types1:GUID>5uD4jqQpTtBdwQrw7D8OUb</types1:GUID>
      <types1:DisplayName>App-conn-dat</types1:DisplayName>
   </types1:Item>
   <types1:CurrentServerDateTime>2024-04-02T04:24:36.058Z</types1:CurrentServerDateTime>
</aetgt:getResponse>
