<aetgt:getResponse xmlns:aetgt="http://schemas.active-endpoints.com/appmodules/repository/2010/10/avrepository.xsd"
                   xmlns:types1="http://schemas.active-endpoints.com/appmodules/repository/2010/10/avrepository.xsd">
   <types1:Item>
      <types1:EntryId>47M1reAFLK2D86C-gt-4149163-2024-03-04T09:16:23.894Z::conn.xml</types1:EntryId>
      <types1:Name>AppConn-sf-111</types1:Name>
      <types1:MimeType>application/xml+connection</types1:MimeType>
      <types1:Description/>
      <types1:AppliesTo/>
      <types1:Tags>.agent:MTLP-446</types1:Tags>
      <types1:VersionLabel>1.0</types1:VersionLabel>
      <types1:State>CURRENT</types1:State>
      <types1:ProcessGroup/>
      <types1:CreatedBy>hariprasadj.in@mouritech.com.march</types1:CreatedBy>
      <types1:CreationDate>2024-03-04T09:16:24Z</types1:CreationDate>
      <types1:ModifiedBy>hariprasadj.in@mouritech.com.march</types1:ModifiedBy>
      <types1:ModificationDate>2024-03-05T04:04:31Z</types1:ModificationDate>
      <types1:PublicationStatus>unpublished</types1:PublicationStatus>
      <types1:AutosaveExists>false</types1:AutosaveExists>
      <types1:Entry>
         <connection xmlns="http://schemas.informatica.com/socrates/data-services/2014/04/avosConnections.xsd"
                     displayName="AppConn-sf-111"
                     label="AppConn-sf-111"
                     name="AppConn-sf-111">
            <description/>
            <tags>.agent:MTLP-446</tags>
            <agent>MTLP-446</agent>
            <attributes>
               <attribute name="objectFilter" value=""/>
            </attributes>
            <soaConnector xmlns="http://schemas.informatica.com/appmodules/screenflow/2014/04/avosConnectors.xsd"
                          connectorPath="project:/com.activevos.cumulus.cloud.extend.playbook.configuration/config/sfConnector.xml"
                          name="Salesforce"
                          supportsConnectionTest="true"
                          supportsOData="true"
                          supportsPublishSkipMetadataRefresh="true"
                          uuid="05fc48f1-e6e1-441b-b700-bac396ca2ed1">
               <description>Salesforce.com SOA based data connector.</description>
            </soaConnector>
            <authentication type="$infa_basicform">
               <attributes>
                  <attribute encrypted="false" name="username" value="shaikghouse123@gmail.com"/>
                  <attribute encrypted="true" name="password" value=""/>
                  <attribute encrypted="true" name="token" value=""/>
                  <attribute encrypted="false"
                             name="serviceUrl"
                             value="https://login.salesforce.com/services/Soap/c/56.0"/>
                  <attribute encrypted="true" name="clientId" value=""/>
                  <attribute encrypted="true" name="clientSecret" value=""/>
               </attributes>
            </authentication>
         </connection>
      </types1:Entry>
      <types1:GUID>1kebxCamzyukCMQF07bVSR</types1:GUID>
      <types1:DisplayName>AppConn-sf-111</types1:DisplayName>
   </types1:Item>
   <types1:CurrentServerDateTime>2024-04-02T04:24:35.228Z</types1:CurrentServerDateTime>
</aetgt:getResponse>
