<aetgt:getResponse xmlns:aetgt="http://schemas.active-endpoints.com/appmodules/repository/2010/10/avrepository.xsd"
                   xmlns:types1="http://schemas.active-endpoints.com/appmodules/repository/2010/10/avrepository.xsd">
   <types1:Item>
      <types1:EntryId>ZeG6S3wOLIFvukN-gt-4241686-2024-03-04T09:16:33.831Z::conn.xml</types1:EntryId>
      <types1:Name>AppConn-createuser</types1:Name>
      <types1:ParentFlowIds>JAN4GkRCU7uMydx-gt-4149475-2024-03-04T09:16:34.578Z::pd.xml,pdtlI20hELlBWlD-gt-4241782-2024-03-04T09:16:35.246Z::pd.xml</types1:ParentFlowIds>
      <types1:MimeType>application/xml+connection</types1:MimeType>
      <types1:Description/>
      <types1:AppliesTo/>
      <types1:Tags>.agent:MTLP-446</types1:Tags>
      <types1:VersionLabel>1.0</types1:VersionLabel>
      <types1:State>CURRENT</types1:State>
      <types1:ProcessGroup/>
      <types1:CreatedBy>hariprasadj.in@mouritech.com.march</types1:CreatedBy>
      <types1:CreationDate>2024-03-04T09:16:34Z</types1:CreationDate>
      <types1:ModifiedBy>hariprasadj.in@mouritech.com.march</types1:ModifiedBy>
      <types1:ModificationDate>2024-03-25T10:40:34Z</types1:ModificationDate>
      <types1:PublicationStatus>unpublished</types1:PublicationStatus>
      <types1:AutosaveExists>false</types1:AutosaveExists>
      <types1:Entry>
         <connection xmlns="http://schemas.informatica.com/socrates/data-services/2014/04/avosConnections.xsd"
                     displayName="AppConn-createuser"
                     label="AppConn-createuser"
                     name="AppConn-createuser">
            <description/>
            <tags>.agent:MTLP-446</tags>
            <agent>MTLP-446</agent>
            <businessConnector xmlns="http://schemas.informatica.com/appmodules/screenflow/2014/04/avosConnectors.xsd"
                               agentOnly="false"
                               connectorPath="project:/rt.connector/SVC_Create_User/SVC_Create_User_svcDef.xml"
                               guid="iKNg7Z8JPeidBufKqkcjY5"
                               name="SVC_Create_User"
                               supportsConnectionTest="false"
                               uuid="b80e5df8-aff3-4bf7-8d35-e4994e0eccf0">
               <description/>
            </businessConnector>
         </connection>
      </types1:Entry>
      <types1:GUID>3T8XWn1TtnqiUnwczFb1ev</types1:GUID>
      <types1:DisplayName>AppConn-createuser</types1:DisplayName>
   </types1:Item>
   <types1:CurrentServerDateTime>2024-04-02T04:24:36.269Z</types1:CurrentServerDateTime>
</aetgt:getResponse>
