<aetgt:getResponse xmlns:aetgt="http://schemas.active-endpoints.com/appmodules/repository/2010/10/avrepository.xsd"
                   xmlns:types1="http://schemas.active-endpoints.com/appmodules/repository/2010/10/avrepository.xsd">
   <types1:Item>
      <types1:EntryId>G7Jk7KsqeErhNzU-gt-684477-2024-03-25T10:15:23.519Z::conn.xml</types1:EntryId>
      <types1:Name>AppCon-Getdata</types1:Name>
      <types1:ParentFlowIds>MBu8zbgdwUiQLnz-gt-4149485-2024-03-04T09:16:34.628Z::pd.xml,q6aaaa-gt-659084-2024-03-25T11:02:52.63Z::pd.xml</types1:ParentFlowIds>
      <types1:MimeType>application/xml+connection</types1:MimeType>
      <types1:Description/>
      <types1:AppliesTo/>
      <types1:Tags/>
      <types1:VersionLabel>1.0</types1:VersionLabel>
      <types1:State>CURRENT</types1:State>
      <types1:ProcessGroup/>
      <types1:CreatedBy>hariprasadj.in@mouritech.com.march</types1:CreatedBy>
      <types1:CreationDate>2024-03-25T10:15:24Z</types1:CreationDate>
      <types1:ModifiedBy/>
      <types1:PublicationStatus>published</types1:PublicationStatus>
      <types1:PublishedBy>hariprasadj.in@mouritech.com.march</types1:PublishedBy>
      <types1:PublicationDate>2024-03-25T11:36:52Z</types1:PublicationDate>
      <types1:PublishedContributionId>project:/rt.connection/AppCon-Getdata/AppCon-Getdata.conn.xml</types1:PublishedContributionId>
      <types1:AutosaveExists>false</types1:AutosaveExists>
      <types1:Entry>
         <connection xmlns="http://schemas.informatica.com/socrates/data-services/2014/04/avosConnections.xsd"
                     displayName="AppCon-Getdata"
                     label="AppCon-Getdata"
                     name="AppCon-Getdata">
            <description/>
            <tags/>
            <agent/>
            <businessConnector xmlns="http://schemas.informatica.com/appmodules/screenflow/2014/04/avosConnectors.xsd"
                               agentOnly="false"
                               connectorPath="project:/rt.connector/svc_conn_getdata/svc_conn_getdata_svcDef.xml"
                               guid="dDze3zHjk0YlLXQNwCWJcx"
                               name="svc-conn-getdata"
                               supportsConnectionTest="false"
                               uuid="cfea7356-277e-477a-b88a-233eb5c9f378">
               <description/>
            </businessConnector>
         </connection>
      </types1:Entry>
      <types1:GUID>2pHSh0n8LHScYqoNgiOOeD</types1:GUID>
      <types1:DisplayName>AppCon-Getdata</types1:DisplayName>
   </types1:Item>
   <types1:CurrentServerDateTime>2024-04-02T04:24:36.128Z</types1:CurrentServerDateTime>
</aetgt:getResponse>
