<aetgt:getResponse xmlns:aetgt="http://schemas.active-endpoints.com/appmodules/repository/2010/10/avrepository.xsd"
                   xmlns:types1="http://schemas.active-endpoints.com/appmodules/repository/2010/10/avrepository.xsd">
   <types1:Item>
      <types1:EntryId>kR55aaabdqpw0VP-gt-607041-2024-03-25T04:32:57.164Z::conn.xml</types1:EntryId>
      <types1:Name>AppConn-Getdata</types1:Name>
      <types1:ParentFlowIds>nKLLsciQlBWlD2p-gt-571093-2024-03-25T04:41:55.214Z::pd.xml</types1:ParentFlowIds>
      <types1:MimeType>application/xml+connection</types1:MimeType>
      <types1:Description/>
      <types1:AppliesTo/>
      <types1:Tags>.agent:MTLP-446</types1:Tags>
      <types1:VersionLabel>1.0</types1:VersionLabel>
      <types1:State>CURRENT</types1:State>
      <types1:ProcessGroup/>
      <types1:CreatedBy>hariprasadj.in@mouritech.com.march</types1:CreatedBy>
      <types1:CreationDate>2024-03-25T04:32:57Z</types1:CreationDate>
      <types1:ModifiedBy/>
      <types1:PublicationStatus>published</types1:PublicationStatus>
      <types1:PublishedBy>hariprasadj.in@mouritech.com.march</types1:PublishedBy>
      <types1:PublicationDate>2024-03-25T04:33:12Z</types1:PublicationDate>
      <types1:PublishedContributionId>project:/rt.connection/AppConn-Getdata/AppConn-Getdata.conn.xml</types1:PublishedContributionId>
      <types1:AutosaveExists>false</types1:AutosaveExists>
      <types1:Entry>
         <connection xmlns="http://schemas.informatica.com/socrates/data-services/2014/04/avosConnections.xsd"
                     displayName="AppConn-Getdata"
                     label="AppConn-Getdata"
                     name="AppConn-Getdata">
            <description/>
            <tags>.agent:MTLP-446</tags>
            <agent>MTLP-446</agent>
            <businessConnector xmlns="http://schemas.informatica.com/appmodules/screenflow/2014/04/avosConnectors.xsd"
                               agentOnly="false"
                               connectorPath="project:/rt.connector/svc_conn_getdata/svc_conn_getdata_svcDef.xml"
                               guid="dDze3zHjk0YlLXQNwCWJcx"
                               name="svc-conn-getdata"
                               supportsConnectionTest="false"
                               uuid="cfea7356-277e-477a-b88a-233eb5c9f378">
               <description/>
            </businessConnector>
         </connection>
      </types1:Entry>
      <types1:GUID>0gehM7asgQCfi5ZJmgODAa</types1:GUID>
      <types1:DisplayName>AppConn-Getdata</types1:DisplayName>
   </types1:Item>
   <types1:CurrentServerDateTime>2024-04-02T04:24:36.009Z</types1:CurrentServerDateTime>
</aetgt:getResponse>
