<aetgt:getResponse xmlns:aetgt="http://schemas.active-endpoints.com/appmodules/repository/2010/10/avrepository.xsd"
                   xmlns:types1="http://schemas.active-endpoints.com/appmodules/repository/2010/10/avrepository.xsd">
   <types1:Item>
      <types1:EntryId>UYIJCZDMxrteIss-gt-4149337-2024-03-04T09:16:32.747Z::conn.xml</types1:EntryId>
      <types1:Name>AppConnection2-1</types1:Name>
      <types1:MimeType>application/xml+connection</types1:MimeType>
      <types1:Description/>
      <types1:AppliesTo/>
      <types1:Tags>.agent:MTLP-446</types1:Tags>
      <types1:VersionLabel>1.0</types1:VersionLabel>
      <types1:State>CURRENT</types1:State>
      <types1:ProcessGroup/>
      <types1:CreatedBy>hariprasadj.in@mouritech.com.march</types1:CreatedBy>
      <types1:CreationDate>2024-03-04T09:16:33Z</types1:CreationDate>
      <types1:ModifiedBy>hariprasadj.in@mouritech.com.march</types1:ModifiedBy>
      <types1:ModificationDate>2024-03-25T10:40:33Z</types1:ModificationDate>
      <types1:PublicationStatus>unpublished</types1:PublicationStatus>
      <types1:AutosaveExists>false</types1:AutosaveExists>
      <types1:Entry>
         <connection xmlns="http://schemas.informatica.com/socrates/data-services/2014/04/avosConnections.xsd"
                     displayName="AppConnection2"
                     label="AppConnection2"
                     name="AppConnection2-1">
            <description/>
            <tags>.agent:MTLP-446</tags>
            <agent>MTLP-446</agent>
            <businessConnector xmlns="http://schemas.informatica.com/appmodules/screenflow/2014/04/avosConnectors.xsd"
                               agentOnly="false"
                               connectorPath="project:/rt.connector/Src2/Src2_svcDef.xml"
                               guid="dbpWvpbclodhR1OoafSpQJ"
                               name="Src2"
                               supportsConnectionTest="false"
                               uuid="e72794cb-21aa-4a1b-b046-b411b36109da">
               <description/>
            </businessConnector>
         </connection>
      </types1:Entry>
      <types1:GUID>fwyPBuvc8GzgW2vF7Vjz4j</types1:GUID>
      <types1:DisplayName>AppConnection2</types1:DisplayName>
   </types1:Item>
   <types1:CurrentServerDateTime>2024-04-02T04:24:35.992Z</types1:CurrentServerDateTime>
</aetgt:getResponse>
