<aetgt:getResponse xmlns:aetgt="http://schemas.active-endpoints.com/appmodules/repository/2010/10/avrepository.xsd"
                   xmlns:types1="http://schemas.active-endpoints.com/appmodules/repository/2010/10/avrepository.xsd">
   <types1:Item>
      <types1:EntryId>0Nmumf6S3wOLIFv-gt-4149195-2024-03-04T09:16:23.988Z::conn.xml</types1:EntryId>
      <types1:Name>AppConnection3-1</types1:Name>
      <types1:MimeType>application/xml+connection</types1:MimeType>
      <types1:Description/>
      <types1:AppliesTo/>
      <types1:Tags>.agent:MTLP-446</types1:Tags>
      <types1:VersionLabel>1.0</types1:VersionLabel>
      <types1:State>CURRENT</types1:State>
      <types1:ProcessGroup/>
      <types1:CreatedBy>hariprasadj.in@mouritech.com.march</types1:CreatedBy>
      <types1:CreationDate>2024-03-04T09:16:24Z</types1:CreationDate>
      <types1:ModifiedBy>hariprasadj.in@mouritech.com.march</types1:ModifiedBy>
      <types1:ModificationDate>2024-03-05T04:04:31Z</types1:ModificationDate>
      <types1:PublicationStatus>unpublished</types1:PublicationStatus>
      <types1:AutosaveExists>false</types1:AutosaveExists>
      <types1:Entry>
         <connection xmlns="http://schemas.informatica.com/socrates/data-services/2014/04/avosConnections.xsd"
                     displayName="AppConnection3"
                     label="AppConnection3"
                     name="AppConnection3-1">
            <description/>
            <tags>.agent:MTLP-446</tags>
            <agent>MTLP-446</agent>
            <javaConnector xmlns="http://schemas.informatica.com/appmodules/screenflow/2014/04/avosConnectors.xsd"
                           agentOnly="true"
                           plugin="Camel"
                           supportsConnectionTest="true"
                           supportsDataPreview="false"
                           supportsOData="false"
                           supportsPublishSkipMetadataRefresh="false"
                           type="File"
                           uuid="ac000300-d9fe-11e4-8830-0800200c9a66">
               <description>Provides connections to file monitoring brokers.</description>
            </javaConnector>
         </connection>
      </types1:Entry>
      <types1:GUID>kOe4pwkG5y3ivA74RnZKgb</types1:GUID>
      <types1:DisplayName>AppConnection3</types1:DisplayName>
   </types1:Item>
   <types1:CurrentServerDateTime>2024-04-02T04:24:34.922Z</types1:CurrentServerDateTime>
</aetgt:getResponse>
