<aetgt:getResponse xmlns:aetgt="http://schemas.active-endpoints.com/appmodules/repository/2010/10/avrepository.xsd"
                   xmlns:types1="http://schemas.active-endpoints.com/appmodules/repository/2010/10/avrepository.xsd">
   <types1:Item>
      <types1:EntryId>mdqwx8R8WrY1Syp-gt-7543803-2024-03-14T09:39:11.201Z::conn.xml</types1:EntryId>
      <types1:Name>AppConn-svc-calculator</types1:Name>
      <types1:ParentFlowIds>Ovlp6oIuQaaabcm-gt-7545795-2024-03-14T09:42:22.658Z::pd.xml</types1:ParentFlowIds>
      <types1:MimeType>application/xml+connection</types1:MimeType>
      <types1:Description/>
      <types1:AppliesTo/>
      <types1:Tags>.agent:MTLP-446</types1:Tags>
      <types1:VersionLabel>1.0</types1:VersionLabel>
      <types1:State>CURRENT</types1:State>
      <types1:ProcessGroup/>
      <types1:CreatedBy>hariprasadj.in@mouritech.com.march</types1:CreatedBy>
      <types1:CreationDate>2024-03-14T09:39:11Z</types1:CreationDate>
      <types1:ModifiedBy/>
      <types1:PublicationStatus>published</types1:PublicationStatus>
      <types1:PublishedBy>hariprasadj.in@mouritech.com.march</types1:PublishedBy>
      <types1:PublicationDate>2024-03-14T09:39:54Z</types1:PublicationDate>
      <types1:PublishedContributionId>project:/rt.connection/AppConn-svc-calculator/AppConn-svc-calculator.conn.xml</types1:PublishedContributionId>
      <types1:AutosaveExists>false</types1:AutosaveExists>
      <types1:Entry>
         <connection xmlns="http://schemas.informatica.com/socrates/data-services/2014/04/avosConnections.xsd"
                     displayName="AppConn-svc-calculator"
                     label="AppConn-svc-calculator"
                     name="AppConn-svc-calculator">
            <description/>
            <tags>.agent:MTLP-446</tags>
            <agent>MTLP-446</agent>
            <businessConnector xmlns="http://schemas.informatica.com/appmodules/screenflow/2014/04/avosConnectors.xsd"
                               agentOnly="false"
                               connectorPath="project:/rt.connector/svc_calculator/svc_calculator_svcDef.xml"
                               guid="8CnBjFWMWUilRl19hxlrgD"
                               name="svc-calculator"
                               supportsConnectionTest="false"
                               uuid="b3edfa50-1a83-4561-8174-12ffb20a9001">
               <description/>
            </businessConnector>
         </connection>
      </types1:Entry>
      <types1:GUID>6VOZk1MPWakdQs9d5AqGqp</types1:GUID>
      <types1:DisplayName>AppConn-svc-calculator</types1:DisplayName>
   </types1:Item>
   <types1:CurrentServerDateTime>2024-04-02T04:24:36.343Z</types1:CurrentServerDateTime>
</aetgt:getResponse>
