<aetgt:getResponse xmlns:aetgt="http://schemas.active-endpoints.com/appmodules/repository/2010/10/avrepository.xsd"
                   xmlns:types1="http://schemas.active-endpoints.com/appmodules/repository/2010/10/avrepository.xsd">
   <types1:Item>
      <types1:EntryId>LOMWSwxF1T4W6jK-gt-4149307-2024-03-04T09:16:32.597Z::conn.xml</types1:EntryId>
      <types1:Name>AppConnection-create_</types1:Name>
      <types1:ParentFlowIds>TD86CjqFVNN5Kaa-gt-4241772-2024-03-04T09:16:34.738Z::pd.xml</types1:ParentFlowIds>
      <types1:MimeType>application/xml+connection</types1:MimeType>
      <types1:Description/>
      <types1:AppliesTo/>
      <types1:Tags>.agent:MTLP-446</types1:Tags>
      <types1:VersionLabel>1.0</types1:VersionLabel>
      <types1:State>CURRENT</types1:State>
      <types1:ProcessGroup/>
      <types1:CreatedBy>hariprasadj.in@mouritech.com.march</types1:CreatedBy>
      <types1:CreationDate>2024-03-04T09:16:33Z</types1:CreationDate>
      <types1:ModifiedBy>hariprasadj.in@mouritech.com.march</types1:ModifiedBy>
      <types1:ModificationDate>2024-03-05T04:04:36Z</types1:ModificationDate>
      <types1:PublicationStatus>unpublished</types1:PublicationStatus>
      <types1:AutosaveExists>false</types1:AutosaveExists>
      <types1:Entry>
         <connection xmlns="http://schemas.informatica.com/socrates/data-services/2014/04/avosConnections.xsd"
                     displayName="AppConnection-create "
                     label="AppConnection-create "
                     name="AppConnection-create_">
            <description/>
            <tags>.agent:MTLP-446</tags>
            <agent>MTLP-446</agent>
            <businessConnector xmlns="http://schemas.informatica.com/appmodules/screenflow/2014/04/avosConnectors.xsd"
                               agentOnly="false"
                               connectorPath="project:/rt.connector/ServiceConnector_create_nd_get_user/ServiceConnector_create_nd_get_user_svcDef.xml"
                               guid="9dYu0zux1EalPgd030i7yt"
                               name="ServiceConnector-create_nd_get_user"
                               supportsConnectionTest="false"
                               uuid="243e5fe7-cc95-4db1-9f06-d545d3b412a5">
               <description/>
            </businessConnector>
         </connection>
      </types1:Entry>
      <types1:GUID>ejNFDE56YYZfFsXZRPoRm2</types1:GUID>
      <types1:DisplayName>AppConnection-create </types1:DisplayName>
   </types1:Item>
   <types1:CurrentServerDateTime>2024-04-02T04:24:36.111Z</types1:CurrentServerDateTime>
</aetgt:getResponse>
