<aetgt:getResponse xmlns:aetgt="http://schemas.active-endpoints.com/appmodules/repository/2010/10/avrepository.xsd"
                   xmlns:types1="http://schemas.active-endpoints.com/appmodules/repository/2010/10/avrepository.xsd">
   <types1:Item>
      <types1:EntryId>W8UBM7zsZvEIAkR-gt-4241674-2024-03-04T09:16:32.787Z::conn.xml</types1:EntryId>
      <types1:Name>AppConn-User</types1:Name>
      <types1:MimeType>application/xml+connection</types1:MimeType>
      <types1:Description/>
      <types1:AppliesTo/>
      <types1:Tags/>
      <types1:VersionLabel>1.0</types1:VersionLabel>
      <types1:State>CURRENT</types1:State>
      <types1:ProcessGroup/>
      <types1:CreatedBy>hariprasadj.in@mouritech.com.march</types1:CreatedBy>
      <types1:CreationDate>2024-03-04T09:16:33Z</types1:CreationDate>
      <types1:ModifiedBy>hariprasadj.in@mouritech.com.march</types1:ModifiedBy>
      <types1:ModificationDate>2024-03-25T10:40:34Z</types1:ModificationDate>
      <types1:PublicationStatus>unpublished</types1:PublicationStatus>
      <types1:AutosaveExists>false</types1:AutosaveExists>
      <types1:Entry>
         <connection xmlns="http://schemas.informatica.com/socrates/data-services/2014/04/avosConnections.xsd"
                     displayName="AppConn-User"
                     label="AppConn-User"
                     name="AppConn-User">
            <description/>
            <tags/>
            <agent/>
            <businessConnector xmlns="http://schemas.informatica.com/appmodules/screenflow/2014/04/avosConnectors.xsd"
                               agentOnly="false"
                               connectorPath="project:/rt.connector/Src_User/Src_User_svcDef.xml"
                               guid="1LC2qyTEMvRibvkVlIMuup"
                               name="Src_User"
                               supportsConnectionTest="false"
                               uuid="8f980075-6edb-468a-b8fa-0c377954464c">
               <description/>
            </businessConnector>
         </connection>
      </types1:Entry>
      <types1:GUID>0LgERnoOWldiS0xdpH696J</types1:GUID>
      <types1:DisplayName>AppConn-User</types1:DisplayName>
   </types1:Item>
   <types1:CurrentServerDateTime>2024-04-02T04:24:35.973Z</types1:CurrentServerDateTime>
</aetgt:getResponse>
