<aetgt:getResponse xmlns:aetgt="http://schemas.active-endpoints.com/appmodules/repository/2010/10/avrepository.xsd"
                   xmlns:types1="http://schemas.active-endpoints.com/appmodules/repository/2010/10/avrepository.xsd">
   <types1:Item>
      <types1:EntryId>NwXlDn8dzWztZK0-gt-4149317-2024-03-04T09:16:32.643Z::conn.xml</types1:EntryId>
      <types1:Name>Appconn-urlcsv</types1:Name>
      <types1:ParentFlowIds>Q9zbgdwUiQLnzYL-gt-4149495-2024-03-04T09:16:34.678Z::pd.xml</types1:ParentFlowIds>
      <types1:MimeType>application/xml+connection</types1:MimeType>
      <types1:Description/>
      <types1:AppliesTo/>
      <types1:Tags>.agent:MTLP-446</types1:Tags>
      <types1:VersionLabel>1.0</types1:VersionLabel>
      <types1:State>CURRENT</types1:State>
      <types1:ProcessGroup/>
      <types1:CreatedBy>hariprasadj.in@mouritech.com.march</types1:CreatedBy>
      <types1:CreationDate>2024-03-04T09:16:33Z</types1:CreationDate>
      <types1:ModifiedBy>hariprasadj.in@mouritech.com.march</types1:ModifiedBy>
      <types1:ModificationDate>2024-03-25T10:40:33Z</types1:ModificationDate>
      <types1:PublicationStatus>unpublished</types1:PublicationStatus>
      <types1:AutosaveExists>false</types1:AutosaveExists>
      <types1:Entry>
         <connection xmlns="http://schemas.informatica.com/socrates/data-services/2014/04/avosConnections.xsd"
                     displayName="Appconn-urlcsv"
                     label="Appconn-urlcsv"
                     name="Appconn-urlcsv">
            <description/>
            <tags>.agent:MTLP-446</tags>
            <agent>MTLP-446</agent>
            <businessConnector xmlns="http://schemas.informatica.com/appmodules/screenflow/2014/04/avosConnectors.xsd"
                               agentOnly="false"
                               connectorPath="project:/rt.connector/Svc_conn_urlcsv/Svc_conn_urlcsv_svcDef.xml"
                               guid="2kXdgNvUGNJbImHXDITzAb"
                               name="Svc_conn_urlcsv"
                               supportsConnectionTest="false"
                               uuid="b9a9cbea-dad0-42c3-ac2c-4c8281614891">
               <description/>
            </businessConnector>
         </connection>
      </types1:Entry>
      <types1:GUID>0t6zzNKldpAfH9jY2NqcUv</types1:GUID>
      <types1:DisplayName>Appconn-urlcsv</types1:DisplayName>
   </types1:Item>
   <types1:CurrentServerDateTime>2024-04-02T04:24:36.06Z</types1:CurrentServerDateTime>
</aetgt:getResponse>
