<aetgt:getResponse xmlns:aetgt="http://schemas.active-endpoints.com/appmodules/repository/2010/10/avrepository.xsd"
                   xmlns:types1="http://schemas.active-endpoints.com/appmodules/repository/2010/10/avrepository.xsd">
   <types1:Item>
      <types1:EntryId>aaa-gt-7323554-2024-03-14T10:23:58.005Z::po.xml</types1:EntryId>
      <types1:Name>customerinformation</types1:Name>
      <types1:ParentFlowIds>lAXhNUdyOoMdtlI-gt-7553909-2024-03-14T10:33:18.185Z::pd.xml</types1:ParentFlowIds>
      <types1:MimeType>application/xml+processobject</types1:MimeType>
      <types1:Description>This process object defines a customer</types1:Description>
      <types1:AppliesTo/>
      <types1:Tags/>
      <types1:VersionLabel>1.0</types1:VersionLabel>
      <types1:State>CURRENT</types1:State>
      <types1:ProcessGroup/>
      <types1:CreatedBy>hariprasadj.in@mouritech.com.march</types1:CreatedBy>
      <types1:CreationDate>2024-03-14T10:23:58Z</types1:CreationDate>
      <types1:ModifiedBy/>
      <types1:PublicationStatus>unpublished</types1:PublicationStatus>
      <types1:AutosaveExists>false</types1:AutosaveExists>
      <types1:Entry>
         <processObject xmlns="http://schemas.active-endpoints.com/appmodules/screenflow/2011/06/avosHostEnvironment.xsd"
                        displayName="customerinformation"
                        isByCopy="true"
                        name="customerinformation">
            <description>This process object defines a customer</description>
            <tags/>
            <detail>
               <field label="Customer ID"
                      name="Customerid"
                      nullable="true"
                      required="false"
                      type="string">
                  <options/>
               </field>
               <field label="Customer FirstName"
                      name="customerfirstname"
                      nullable="true"
                      required="false"
                      type="string">
                  <options/>
               </field>
               <field label="Customer LastName"
                      name="customerlastname"
                      nullable="true"
                      required="false"
                      type="string">
                  <options/>
               </field>
               <field label="Customer Phone"
                      name="customerphone"
                      nullable="true"
                      required="false"
                      type="phone">
                  <options/>
               </field>
            </detail>
         </processObject>
      </types1:Entry>
      <types1:GUID>at4M9U6beAglaRW3dnOtqC</types1:GUID>
      <types1:DisplayName>customerinformation</types1:DisplayName>
   </types1:Item>
   <types1:CurrentServerDateTime>2024-04-02T04:24:35.277Z</types1:CurrentServerDateTime>
</aetgt:getResponse>
