<aetgt:getResponse xmlns:aetgt="http://schemas.active-endpoints.com/appmodules/repository/2010/10/avrepository.xsd"
                   xmlns:types1="http://schemas.active-endpoints.com/appmodules/repository/2010/10/avrepository.xsd">
   <types1:Item>
      <types1:EntryId>2AAT4W6jKsJlv58-gt-8936831-2024-03-19T04:54:30.868Z::pd.xml</types1:EntryId>
      <types1:Name>FileReaderWriterProcess</types1:Name>
      <types1:MimeType>application/xml+process</types1:MimeType>
      <types1:Description>Process to read and write incoming files.</types1:Description>
      <types1:AppliesTo/>
      <types1:Tags>.agent:inkl65icrtgcs06.informatica.com</types1:Tags>
      <types1:VersionLabel>1.0</types1:VersionLabel>
      <types1:State>CURRENT</types1:State>
      <types1:ProcessGroup/>
      <types1:CreatedBy>hariprasadj.in@mouritech.com.march</types1:CreatedBy>
      <types1:CreationDate>2024-03-19T04:54:31Z</types1:CreationDate>
      <types1:ModifiedBy>hariprasadj.in@mouritech.com.march</types1:ModifiedBy>
      <types1:ModificationDate>2024-03-27T06:31:59Z</types1:ModificationDate>
      <types1:PublicationStatus>out-of-date</types1:PublicationStatus>
      <types1:PublishedBy>hariprasadj.in@mouritech.com.march</types1:PublishedBy>
      <types1:PublicationDate>2024-03-25T12:57:12Z</types1:PublicationDate>
      <types1:PublishedContributionId>project:/spi.FileReaderWriterProcess/FileReaderWriterProcess.pd.xml</types1:PublishedContributionId>
      <types1:AutosaveExists>false</types1:AutosaveExists>
      <types1:Entry>
         <process xmlns="http://schemas.active-endpoints.com/appmodules/screenflow/2010/10/avosScreenflow.xsd"
                  xmlns:list="urn:activevos:spi:list:functions"
                  displayName="FileReaderWriterProcess"
                  name="FileReaderWriterProcess"
                  overrideAPIName="false">
            <appliesTo/>
            <description>Process to read and write incoming files.</description>
            <tags>.agent:inkl65icrtgcs06.informatica.com</tags>
            <generator>Informatica Process Designer 11</generator>
            <input>
               <parameter description="" name="fileEvent" type="reference">
                  <options>
                     <option name="required">false</option>
                     <option name="referenceTo">FileConnectionWithAttachmentContentType:AttachmentFileContent</option>
                     <option name="isCopy">true</option>
                     <option name="guid">89uoQPFR58Qft5ugLin28b</option>
                  </options>
               </parameter>
            </input>
            <tempFields>
               <field description="" name="FileWriter" type="reference">
                  <options>
                     <option name="referenceTo">FileConnectionWithAttachmentContentType:FileWriteTask</option>
                     <option name="required">false</option>
                     <option name="isCopy">true</option>
                     <option name="guid">89uoQPFR58Qft5ugLin28b</option>
                  </options>
               </field>
            </tempFields>
            <notes/>
            <deployment suspendOnFault="false" tracingLevel="terse">
               <targetLocation>inkl65icrtgcs06.informatica.com</targetLocation>
               <event eventSource="FileConnectionWithAttachmentContentType:FileParser"/>
            </deployment>
            <flow id="a">
               <start id="b">
                  <link id="jezzci8f" targetId="jezzci8e"/>
               </start>
               <assignment id="jezzci8e">
                  <title>Get Incoming File Values</title>
                  <operation source="constant" to="temp.FileWriter[1]/format">Attachment</operation>
                  <operation source="formula" to="temp.FileWriter[1]/fileName">
                     <expression language="XQuery">$input.fileEvent[1]/fileInfo[1]/name/text()</expression>
                  </operation>
                  <link id="jezzci95" targetId="jezzci94"/>
               </assignment>
               <service id="jezzci94">
                  <title>Write Incoming file to Target Directory</title>
                  <serviceName>FileConnectionWithAttachmentContentType:FileWriter</serviceName>
                  <serviceGUID>89uoQPFR58Qft5ugLin28b</serviceGUID>
                  <serviceInput>
                     <parameter name="fileWriteTask" source="field" updatable="true">temp.FileWriter</parameter>
                     <parameter name="attachment" source="formula">
                        <expression language="XQuery">$input.fileEvent[1]/attachment</expression>
                     </parameter>
                  </serviceInput>
                  <link id="jezzci9t" targetId="d"/>
               </service>
               <end id="d">
                  <title>End</title>
               </end>
            </flow>
         </process>
      </types1:Entry>
      <types1:GUID>1LRk75qlUbyj3XtzSbHd0q</types1:GUID>
      <types1:DisplayName>FileReaderWriterProcess</types1:DisplayName>
   </types1:Item>
   <types1:CurrentServerDateTime>2024-04-02T04:24:36.209Z</types1:CurrentServerDateTime>
</aetgt:getResponse>
