<aetgt:getResponse xmlns:aetgt="http://schemas.active-endpoints.com/appmodules/repository/2010/10/avrepository.xsd"
                   xmlns:types1="http://schemas.active-endpoints.com/appmodules/repository/2010/10/avrepository.xsd">
   <types1:Item>
      <types1:EntryId>X5abduaa-gt-7334427-2024-03-14T11:32:09.679Z::pd.xml</types1:EntryId>
      <types1:Name>Move_csv_files-1</types1:Name>
      <types1:MimeType>application/xml+process</types1:MimeType>
      <types1:Description/>
      <types1:AppliesTo/>
      <types1:Tags>.agent:MTLP-446</types1:Tags>
      <types1:VersionLabel>1.0</types1:VersionLabel>
      <types1:State>CURRENT</types1:State>
      <types1:ProcessGroup/>
      <types1:CreatedBy>hariprasadj.in@mouritech.com.march</types1:CreatedBy>
      <types1:CreationDate>2024-03-14T11:32:10Z</types1:CreationDate>
      <types1:ModifiedBy>hariprasadj.in@mouritech.com.march</types1:ModifiedBy>
      <types1:ModificationDate>2024-03-25T10:40:33Z</types1:ModificationDate>
      <types1:PublicationStatus>unpublished</types1:PublicationStatus>
      <types1:AutosaveExists>false</types1:AutosaveExists>
      <types1:Entry>
         <process xmlns="http://schemas.active-endpoints.com/appmodules/screenflow/2010/10/avosScreenflow.xsd"
                  xmlns:tfm="http://schemas.active-endpoints.com/appmodules/screenflow/2021/04/taskflowModel.xsd"
                  xmlns:list="urn:activevos:spi:list:functions"
                  displayName="Move .csv files"
                  name="Move_csv_files-1"
                  overrideAPIName="false">
            <parameterSet xmlns="http://schemas.active-endpoints.com/appmodules/screenflow/2021/04/taskflowModel.xsd"/>
            <appliesTo/>
            <description/>
            <tags>.agent:MTLP-446</tags>
            <generator>Informatica Process Designer 11</generator>
            <input>
               <parameter description="" name="fileEvent" type="reference">
                  <options>
                     <option name="required">false</option>
                     <option name="referenceTo">_appconn-mCsv_:PlainFileContent</option>
                     <option name="isCopy">true</option>
                     <option name="guid">3Ucu5uNe6oDhkwfKPdcz2z</option>
                  </options>
               </parameter>
            </input>
            <output>
               <field description="" name="filename" type="string">
                  <options>
                     <option name="required">false</option>
                  </options>
               </field>
               <field description="" name="content" type="boolean">
                  <options>
                     <option name="defaultvalue">false</option>
                     <option name="boolean_show_as">checkbox</option>
                     <option name="required">false</option>
                  </options>
               </field>
               <field description="" name="extension" type="boolean">
                  <options>
                     <option name="defaultvalue">false</option>
                     <option name="boolean_show_as">checkbox</option>
                     <option name="required">false</option>
                  </options>
               </field>
            </output>
            <tempFields>
               <field description="" name="untitled1" type="reference">
                  <options>
                     <option name="referenceTo">_appconn-mCsv_:FileWriteTask</option>
                     <option name="required">false</option>
                     <option name="isCopy">true</option>
                     <option name="guid">3Ucu5uNe6oDhkwfKPdcz2z</option>
                  </options>
               </field>
            </tempFields>
            <notes/>
            <deployment skipIfRunning="false" suspendOnFault="false" tracingLevel="none">
               <targetLocation>MTLP-446</targetLocation>
               <event eventSource="_appconn-mCsv_:FileParser"/>
            </deployment>
            <flow id="a">
               <start id="b">
                  <link id="lrkho6z7" targetId="lrkho6z6"/>
               </start>
               <service id="lrkho6z6">
                  <title>File Writer</title>
                  <serviceName>_appconn-mCsv_:FileWriter</serviceName>
                  <serviceGUID>3Ucu5uNe6oDhkwfKPdcz2z</serviceGUID>
                  <serviceInput>
                     <parameter name="fileWriteTask" source="field" updatable="true">temp.untitled1</parameter>
                  </serviceInput>
                  <link id="lrkho6zs" targetId="lrkho6zr"/>
               </service>
               <assignment id="lrkho6zr">
                  <title>Assignment to filename</title>
                  <operation source="field" to="output.filename">input.fileEvent[1]/fileInfo[1]/name</operation>
                  <link id="lrkho6zt" targetId="c"/>
               </assignment>
               <end id="c"/>
            </flow>
         </process>
         <ns1:sample-data-sets xmlns:ns1="http://schemas.active-endpoints.com/appmodules/repository/2010/10/sampleData.xsd">
            <ns1:SampleData>
               <ns1:Id>3923fbe4-c873-486d-8bea-2b9c109ba726</ns1:Id>
               <ns1:Name>in1</ns1:Name>
               <ns1:CreatedBy>hariprasadj.in@mouritech.com.march</ns1:CreatedBy>
               <ns1:CreationDate>2024-03-14T11:32:10Z</ns1:CreationDate>
               <ns1:ModifiedBy>hariprasadj.in@mouritech.com.march</ns1:ModifiedBy>
               <ns1:ModificationDate>2024-03-25T10:40:33Z</ns1:ModificationDate>
               <ns1:Data format="json">{
	 "input": "1"
}</ns1:Data>
            </ns1:SampleData>
            <ns1:SampleData>
               <ns1:Id>f05c53ee-10ce-4488-bc73-62d4478b5743</ns1:Id>
               <ns1:Name>in2</ns1:Name>
               <ns1:CreatedBy>hariprasadj.in@mouritech.com.march</ns1:CreatedBy>
               <ns1:CreationDate>2024-03-14T11:32:10Z</ns1:CreationDate>
               <ns1:ModifiedBy>hariprasadj.in@mouritech.com.march</ns1:ModifiedBy>
               <ns1:ModificationDate>2024-03-25T10:40:33Z</ns1:ModificationDate>
               <ns1:Data format="json">{
	 "fileEvent": {
	 	 "fileInfo": {
	 	 	 "fullName": "",
	 	 	 "name": "",
	 	 	 "ext": "",
	 	 	 "path": "",
	 	 	 "dir": "",
	 	 	 "size": "",
	 	 	 "lastModified": ""
	 	 },
	 	 "content": ""
	 }
}</ns1:Data>
            </ns1:SampleData>
         </ns1:sample-data-sets>
      </types1:Entry>
      <types1:GUID>4RPTzl2hnbUjBiI7VfAsSc</types1:GUID>
      <types1:DisplayName>Move .csv files</types1:DisplayName>
   </types1:Item>
   <types1:CurrentServerDateTime>2024-04-02T04:24:36.245Z</types1:CurrentServerDateTime>
</aetgt:getResponse>
