<aetgt:getResponse xmlns:aetgt="http://schemas.active-endpoints.com/appmodules/repository/2010/10/avrepository.xsd"
                   xmlns:types1="http://schemas.active-endpoints.com/appmodules/repository/2010/10/avrepository.xsd">
   <types1:Item>
      <types1:EntryId>1UAjllCYAOTMneB-gt-4149411-2024-03-04T09:16:33.847Z::pd.xml</types1:EntryId>
      <types1:Name>Move_files_from_one_to_one</types1:Name>
      <types1:MimeType>application/xml+process</types1:MimeType>
      <types1:Description/>
      <types1:AppliesTo/>
      <types1:Tags>.agent:MTLP-446</types1:Tags>
      <types1:VersionLabel>1.0</types1:VersionLabel>
      <types1:State>CURRENT</types1:State>
      <types1:ProcessGroup/>
      <types1:CreatedBy>hariprasadj.in@mouritech.com.march</types1:CreatedBy>
      <types1:CreationDate>2024-03-04T09:16:34Z</types1:CreationDate>
      <types1:ModifiedBy>hariprasadj.in@mouritech.com.march</types1:ModifiedBy>
      <types1:ModificationDate>2024-03-20T10:26:50Z</types1:ModificationDate>
      <types1:PublicationStatus>published</types1:PublicationStatus>
      <types1:PublishedBy>hariprasadj.in@mouritech.com.march</types1:PublishedBy>
      <types1:PublicationDate>2024-03-20T10:26:58Z</types1:PublicationDate>
      <types1:PublishedContributionId>project:/spi.Move_files_from_one_to_one/Move_files_from_one_to_one.pd.xml</types1:PublishedContributionId>
      <types1:AutosaveExists>false</types1:AutosaveExists>
      <types1:Entry>
         <process xmlns="http://schemas.active-endpoints.com/appmodules/screenflow/2010/10/avosScreenflow.xsd"
                  xmlns:tfm="http://schemas.active-endpoints.com/appmodules/screenflow/2021/04/taskflowModel.xsd"
                  xmlns:list="urn:activevos:spi:list:functions"
                  displayName="Move files from one to one"
                  name="Move_files_from_one_to_one"
                  overrideAPIName="false">
            <parameterSet xmlns="http://schemas.active-endpoints.com/appmodules/screenflow/2021/04/taskflowModel.xsd"/>
            <appliesTo/>
            <description/>
            <tags>.agent:MTLP-446</tags>
            <generator>Informatica Process Designer 11</generator>
            <input>
               <parameter description="" name="delimitedContent" type="reference">
                  <options>
                     <option name="required">false</option>
                     <option name="referenceTo">App-conn-Events:DelimitedContent</option>
                     <option name="isCopy">true</option>
                     <option name="guid">9F01cMHCNrIc0BHt3Ces8Q</option>
                  </options>
               </parameter>
            </input>
            <output>
               <field description="" name="FileName" type="string">
                  <options>
                     <option name="required">false</option>
                  </options>
               </field>
               <field description="" name="FileContent" type="string">
                  <options>
                     <option name="required">false</option>
                  </options>
               </field>
            </output>
            <tempFields>
               <field description="" name="ContentToWrite" type="reference">
                  <options>
                     <option name="referenceTo">App-conn-Events:SerializeToDelimitedContentTask</option>
                     <option name="required">false</option>
                     <option name="isCopy">true</option>
                     <option name="guid">9F01cMHCNrIc0BHt3Ces8Q</option>
                  </options>
               </field>
            </tempFields>
            <notes/>
            <deployment skipIfRunning="false" suspendOnFault="false" tracingLevel="verbose">
               <targetLocation>MTLP-446</targetLocation>
               <event eventSource="App-conn-Events:DelimitedContentParser"/>
            </deployment>
            <flow id="a">
               <start id="b">
                  <link id="lseai4go" targetId="lseai4gn"/>
               </start>
               <assignment id="lseai4gn">
                  <title>Assign to output</title>
                  <operation source="field" to="output.FileName">input.delimitedContent[1]/record[1]/field[1]/value</operation>
                  <operation source="field" to="temp.ContentToWrite[1]/fileName">input.delimitedContent[1]/fileInfo[1]/name</operation>
                  <operation source="field" to="temp.ContentToWrite[1]/delimitedContentObject">input.delimitedContent</operation>
                  <link id="lseai4gz" targetId="lseai4gy"/>
               </assignment>
               <service id="lseai4gy">
                  <title>Write to file</title>
                  <serviceName>App-conn-Events:DelimitedContentWriter</serviceName>
                  <serviceGUID>9F01cMHCNrIc0BHt3Ces8Q</serviceGUID>
                  <serviceInput>
                     <parameter name="serializationTask" source="field" updatable="true">temp.ContentToWrite</parameter>
                  </serviceInput>
                  <link id="lseai4h0" targetId="c"/>
               </service>
               <end id="c"/>
            </flow>
         </process>
         <ns1:sample-data-sets xmlns:ns1="http://schemas.active-endpoints.com/appmodules/repository/2010/10/sampleData.xsd">
            <ns1:SampleData>
               <ns1:Id>a84c72a1-bf07-42d9-92bf-7693980cd5d7</ns1:Id>
               <ns1:Name>in1</ns1:Name>
               <ns1:CreatedBy>hariprasadj.in@mouritech.com.march</ns1:CreatedBy>
               <ns1:CreationDate>2024-03-20T10:27:19Z</ns1:CreationDate>
               <ns1:ModifiedBy>hariprasadj.in@mouritech.com.march</ns1:ModifiedBy>
               <ns1:ModificationDate>2024-03-20T10:27:19Z</ns1:ModificationDate>
               <ns1:Data format="json">{
	 "delimitedContent": {
	 	 "fileInfo": {
	 	 	 "fullName": "",
	 	 	 "name": "",
	 	 	 "ext": "",
	 	 	 "path": "",
	 	 	 "dir": "",
	 	 	 "size": "",
	 	 	 "lastModified": ""
	 	 },
	 	 "header": {
	 	 	 "fieldIndex": "",
	 	 	 "name": ""
	 	 },
	 	 "totalRowsCount": "",
	 	 "record": {
	 	 	 "index": "",
	 	 	 "field": {
	 	 	 	 "value": ""
	 	 	 }
	 	 }
	 }
}</ns1:Data>
            </ns1:SampleData>
         </ns1:sample-data-sets>
      </types1:Entry>
      <types1:GUID>bRJT5fWMCShc3AKseW43w9</types1:GUID>
      <types1:DisplayName>Move files from one to one</types1:DisplayName>
   </types1:Item>
   <types1:CurrentServerDateTime>2024-04-02T04:24:36.076Z</types1:CurrentServerDateTime>
</aetgt:getResponse>
