<aetgt:getResponse xmlns:aetgt="http://schemas.active-endpoints.com/appmodules/repository/2010/10/avrepository.xsd"
                   xmlns:types1="http://schemas.active-endpoints.com/appmodules/repository/2010/10/avrepository.xsd">
   <types1:Item>
      <types1:EntryId>vuR55aaabdqpw0V-gt-4149389-2024-03-04T09:16:33.351Z::pd.xml</types1:EntryId>
      <types1:Name>Move_dotcsv_files</types1:Name>
      <types1:MimeType>application/xml+process</types1:MimeType>
      <types1:Description/>
      <types1:AppliesTo/>
      <types1:Tags/>
      <types1:VersionLabel>1.0</types1:VersionLabel>
      <types1:State>CURRENT</types1:State>
      <types1:ProcessGroup/>
      <types1:CreatedBy>hariprasadj.in@mouritech.com.march</types1:CreatedBy>
      <types1:CreationDate>2024-03-04T09:16:33Z</types1:CreationDate>
      <types1:ModifiedBy>hariprasadj.in@mouritech.com.march</types1:ModifiedBy>
      <types1:ModificationDate>2024-03-21T06:00:27Z</types1:ModificationDate>
      <types1:PublicationStatus>unpublished</types1:PublicationStatus>
      <types1:AutosaveExists>false</types1:AutosaveExists>
      <types1:Entry>
         <process xmlns="http://schemas.active-endpoints.com/appmodules/screenflow/2010/10/avosScreenflow.xsd"
                  xmlns:tfm="http://schemas.active-endpoints.com/appmodules/screenflow/2021/04/taskflowModel.xsd"
                  xmlns:list="urn:activevos:spi:list:functions"
                  displayName="Move dotcsv files"
                  name="Move_dotcsv_files"
                  overrideAPIName="false">
            <parameterSet xmlns="http://schemas.active-endpoints.com/appmodules/screenflow/2021/04/taskflowModel.xsd"/>
            <appliesTo/>
            <description/>
            <tags/>
            <generator>Informatica Process Designer 11</generator>
            <input>
               <parameter description="" name="delimitedContent" type="reference">
                  <options>
                     <option name="required">false</option>
                     <option name="referenceTo">Appmovedotcsv:DelimitedContent</option>
                     <option name="isCopy">true</option>
                     <option name="guid">30ocqQJDLuwgiPED04b2yb</option>
                  </options>
               </parameter>
            </input>
            <output>
               <field description="" name="filename" type="string">
                  <options>
                     <option name="required">false</option>
                  </options>
               </field>
               <field description="" name="content" type="boolean">
                  <options>
                     <option name="defaultvalue">false</option>
                     <option name="boolean_show_as">checkbox</option>
                     <option name="required">false</option>
                  </options>
               </field>
               <field description="" name="extension" type="boolean">
                  <options>
                     <option name="defaultvalue">false</option>
                     <option name="boolean_show_as">checkbox</option>
                     <option name="required">false</option>
                  </options>
               </field>
            </output>
            <tempFields>
               <field description="" name="content to write" type="reference">
                  <options>
                     <option name="referenceTo">Appmovedotcsv:SerializeToDelimitedContentTask</option>
                     <option name="required">false</option>
                     <option name="isCopy">true</option>
                     <option name="guid">30ocqQJDLuwgiPED04b2yb</option>
                  </options>
               </field>
            </tempFields>
            <notes/>
            <deployment skipIfRunning="false" suspendOnFault="false" tracingLevel="verbose">
               <event eventSource="Appmovedotcsv:DelimitedContentParser"/>
            </deployment>
            <flow id="a">
               <start id="b">
                  <link id="lu0r0ira" targetId="lrkho6zr"/>
               </start>
               <assignment id="lrkho6zr">
                  <title>Assignment to filename, File name etc.</title>
                  <operation source="field" to="output.filename">input.delimitedContent[1]/record[1]/field[1]/value</operation>
                  <operation source="field" to="temp.content to write[1]/fileName">input.delimitedContent[1]/fileInfo[1]/name</operation>
                  <operation source="field" to="temp.content to write[1]/delimitedContentObject">input.delimitedContent</operation>
                  <link id="lu0r0irf" targetId="lu0r0ire"/>
               </assignment>
               <service id="lu0r0ire">
                  <title>DelimitedContentWriter</title>
                  <serviceName>Appmovedotcsv:DelimitedContentWriter</serviceName>
                  <serviceGUID>30ocqQJDLuwgiPED04b2yb</serviceGUID>
                  <serviceInput>
                     <parameter name="serializationTask" source="field" updatable="true">temp.content to write</parameter>
                  </serviceInput>
                  <link id="lu0r0irg" targetId="c"/>
               </service>
               <end id="c"/>
            </flow>
         </process>
         <ns1:sample-data-sets xmlns:ns1="http://schemas.active-endpoints.com/appmodules/repository/2010/10/sampleData.xsd">
            <ns1:SampleData>
               <ns1:Id>c4c2e488-0d37-456c-8eea-2a89a7eaab4b</ns1:Id>
               <ns1:Name>in1</ns1:Name>
               <ns1:CreatedBy>hariprasadj.in@mouritech.com.march</ns1:CreatedBy>
               <ns1:CreationDate>2024-03-04T09:16:33Z</ns1:CreationDate>
               <ns1:ModifiedBy>hariprasadj.in@mouritech.com.march</ns1:ModifiedBy>
               <ns1:ModificationDate>2024-03-05T04:04:37Z</ns1:ModificationDate>
               <ns1:Data format="json">{
	 "input": "1"
}</ns1:Data>
            </ns1:SampleData>
            <ns1:SampleData>
               <ns1:Id>994f6017-122a-414f-a453-34e4d5310c76</ns1:Id>
               <ns1:Name>in2</ns1:Name>
               <ns1:CreatedBy>hariprasadj.in@mouritech.com.march</ns1:CreatedBy>
               <ns1:CreationDate>2024-03-04T09:16:33Z</ns1:CreationDate>
               <ns1:ModifiedBy>hariprasadj.in@mouritech.com.march</ns1:ModifiedBy>
               <ns1:ModificationDate>2024-03-05T04:04:37Z</ns1:ModificationDate>
               <ns1:Data format="json">{
	 "fileEvent": {
	 	 "fileInfo": {
	 	 	 "fullName": "",
	 	 	 "name": "",
	 	 	 "ext": "",
	 	 	 "path": "",
	 	 	 "dir": "",
	 	 	 "size": "",
	 	 	 "lastModified": ""
	 	 },
	 	 "content": ""
	 }
}</ns1:Data>
            </ns1:SampleData>
         </ns1:sample-data-sets>
      </types1:Entry>
      <types1:GUID>9qyU9XyWHmWf1I9asxHNck</types1:GUID>
      <types1:DisplayName>Move dotcsv files</types1:DisplayName>
   </types1:Item>
   <types1:CurrentServerDateTime>2024-04-02T04:24:36.231Z</types1:CurrentServerDateTime>
</aetgt:getResponse>
