<aetgt:getResponse xmlns:aetgt="http://schemas.active-endpoints.com/appmodules/repository/2010/10/avrepository.xsd"
                   xmlns:types1="http://schemas.active-endpoints.com/appmodules/repository/2010/10/avrepository.xsd">
   <types1:Item>
      <types1:EntryId>Hv4nzCZcjKsJlv5-gt-1070856-2024-03-26T06:45:30.532Z::conn.xml</types1:EntryId>
      <types1:Name>MyJSONConnection</types1:Name>
      <types1:ParentFlowIds>SUXL86zqzm5Y6tM-gt-1070866-2024-03-26T06:45:30.719Z::pd.xml</types1:ParentFlowIds>
      <types1:MimeType>application/xml+connection</types1:MimeType>
      <types1:Description>Connection for JSON files</types1:Description>
      <types1:AppliesTo/>
      <types1:Tags>.agent:MTLP-446</types1:Tags>
      <types1:VersionLabel>1.0</types1:VersionLabel>
      <types1:State>CURRENT</types1:State>
      <types1:ProcessGroup/>
      <types1:CreatedBy>hariprasadj.in@mouritech.com.march</types1:CreatedBy>
      <types1:CreationDate>2024-03-26T06:45:31Z</types1:CreationDate>
      <types1:ModifiedBy>hariprasadj.in@mouritech.com.march</types1:ModifiedBy>
      <types1:ModificationDate>2024-03-26T07:28:18Z</types1:ModificationDate>
      <types1:PublicationStatus>published</types1:PublicationStatus>
      <types1:PublishedBy>hariprasadj.in@mouritech.com.march</types1:PublishedBy>
      <types1:PublicationDate>2024-03-26T07:28:26Z</types1:PublicationDate>
      <types1:PublishedContributionId>project:/rt.connection/MyJSONConnection/MyJSONConnection.conn.xml</types1:PublishedContributionId>
      <types1:AutosaveExists>false</types1:AutosaveExists>
      <types1:Entry>
         <connection xmlns="http://schemas.informatica.com/socrates/data-services/2014/04/avosConnections.xsd"
                     displayName="MyJSONConnection"
                     label="MyJSONConnection"
                     name="MyJSONConnection">
            <description>Connection for JSON files</description>
            <tags>.agent:MTLP-446</tags>
            <agent>MTLP-446</agent>
            <consumers>
               <consumer enabled="true" name="FileParser" typeName="FileParser">
                  <description>This event source can be used to monitor folders for new files and process file information and its content.</description>
                  <attributes>
                     <attribute encrypted="false"
                                name="directoryName"
                                value="D:\INFORMATICA\Hari\JSON source new"/>
                     <attribute encrypted="false" name="recursive" value="false"/>
                     <attribute encrypted="false" name="include" value=""/>
                     <attribute encrypted="false" name="exclude" value=""/>
                     <attribute encrypted="false" name="noop" value="false"/>
                     <attribute encrypted="false" name="delete" value="false"/>
                     <attribute encrypted="false" name="preMove" value=""/>
                     <attribute encrypted="false" name="move" value=""/>
                     <attribute encrypted="false" name="moveFailed" value=""/>
                     <attribute encrypted="false" name="initialDelay" value="1"/>
                     <attribute encrypted="false" name="delay" value="1"/>
                     <attribute encrypted="false" name="maxMessagesPerPoll" value=""/>
                     <attribute encrypted="false" name="readLock" value="rename"/>
                     <attribute encrypted="false" name="readLockTimeout" value=""/>
                     <attribute encrypted="false" name="readLockCheckInterval" value=""/>
                     <attribute encrypted="false" name="readLockMinLength" value=""/>
                     <attribute encrypted="false" name="readLockLoggingLevel" value="WARN"/>
                     <attribute encrypted="false" name="charset" value=""/>
                     <attribute encrypted="false" name="otherAttributes" value=""/>
                     <attribute encrypted="false" name="contentFormat" value="PlainText"/>
                     <attribute encrypted="false" name="simplifyContent" value="false"/>
                     <attribute encrypted="false" name="singleObjectContent" value="false"/>
                  </attributes>
               </consumer>
            </consumers>
            <producers>
               <producer enabled="true" name="FileWriter" typeName="FileWriter">
                  <description>This event target writes XML to a target file .</description>
                  <attributes>
                     <attribute encrypted="false"
                                name="directoryName"
                                value="D:\INFORMATICA\Hari\JSON Target"/>
                     <attribute encrypted="false" name="fileExist" value="Override"/>
                     <attribute encrypted="false"
                                name="moveExisting"
                                value="D:\INFORMATICA\Hari\JSON Target\Backup"/>
                     <attribute encrypted="false" name="eagerDeleteTargetFile" value="true"/>
                     <attribute encrypted="false" name="tempPrefix" value=""/>
                     <attribute encrypted="false" name="tempFileName" value=""/>
                     <attribute encrypted="false" name="forceWrites" value="true"/>
                     <attribute encrypted="false" name="bufferSize" value=""/>
                     <attribute encrypted="false" name="charset" value=""/>
                  </attributes>
               </producer>
            </producers>
            <javaConnector xmlns="http://schemas.informatica.com/appmodules/screenflow/2014/04/avosConnectors.xsd"
                           agentOnly="true"
                           plugin="Camel"
                           supportsConnectionTest="true"
                           supportsDataPreview="false"
                           supportsOData="false"
                           supportsPublishSkipMetadataRefresh="false"
                           type="File"
                           uuid="ac000300-d9fe-11e4-8830-0800200c9a66">
               <description>Provides connections to file monitoring brokers.</description>
            </javaConnector>
         </connection>
      </types1:Entry>
      <types1:GUID>iKEcdDbwXAUdEmGfKCm8w1</types1:GUID>
      <types1:DisplayName>MyJSONConnection</types1:DisplayName>
   </types1:Item>
   <types1:CurrentServerDateTime>2024-04-02T04:24:35.401Z</types1:CurrentServerDateTime>
</aetgt:getResponse>
