<aetgt:getResponse xmlns:aetgt="http://schemas.active-endpoints.com/appmodules/repository/2010/10/avrepository.xsd"
                   xmlns:types1="http://schemas.active-endpoints.com/appmodules/repository/2010/10/avrepository.xsd">
   <types1:Item>
      <types1:EntryId>SUXL86zqzm5Y6tM-gt-1070866-2024-03-26T06:45:30.719Z::pd.xml</types1:EntryId>
      <types1:Name>MyTestJSONProcess</types1:Name>
      <types1:MimeType>application/xml+process</types1:MimeType>
      <types1:Description>Process to look for JSON files</types1:Description>
      <types1:AppliesTo/>
      <types1:Tags>.agent:MTLP-446</types1:Tags>
      <types1:VersionLabel>1.0</types1:VersionLabel>
      <types1:State>CURRENT</types1:State>
      <types1:ProcessGroup/>
      <types1:CreatedBy>hariprasadj.in@mouritech.com.march</types1:CreatedBy>
      <types1:CreationDate>2024-03-26T06:45:31Z</types1:CreationDate>
      <types1:ModifiedBy>hariprasadj.in@mouritech.com.march</types1:ModifiedBy>
      <types1:ModificationDate>2024-03-26T06:56:03Z</types1:ModificationDate>
      <types1:PublicationStatus>out-of-date</types1:PublicationStatus>
      <types1:PublishedBy>hariprasadj.in@mouritech.com.march</types1:PublishedBy>
      <types1:PublicationDate>2024-03-26T07:25:07Z</types1:PublicationDate>
      <types1:PublishedContributionId>project:/spi.MyTestJSONProcess/MyTestJSONProcess.pd.xml</types1:PublishedContributionId>
      <types1:AutosaveExists>false</types1:AutosaveExists>
      <types1:Entry>
         <process xmlns="http://schemas.active-endpoints.com/appmodules/screenflow/2010/10/avosScreenflow.xsd"
                  xmlns:tfm="http://schemas.active-endpoints.com/appmodules/screenflow/2021/04/taskflowModel.xsd"
                  xmlns:list="urn:activevos:spi:list:functions"
                  displayName="MyTestJSONProcess"
                  name="MyTestJSONProcess"
                  overrideAPIName="false">
            <parameterSet xmlns="http://schemas.active-endpoints.com/appmodules/screenflow/2021/04/taskflowModel.xsd"/>
            <appliesTo/>
            <description>Process to look for JSON files</description>
            <tags>.agent:MTLP-446</tags>
            <generator>Informatica Process Designer 11</generator>
            <input>
               <parameter description="" name="fileEvent" type="reference">
                  <options>
                     <option name="required">false</option>
                     <option name="referenceTo">MyJSONConnection:PlainFileContent</option>
                     <option name="isCopy">true</option>
                  </options>
               </parameter>
            </input>
            <tempFields>
               <field description="" name="JSONFileWriter" type="reference">
                  <options>
                     <option name="referenceTo">MyJSONConnection:FileWriteTask</option>
                     <option name="required">false</option>
                     <option name="isCopy">true</option>
                     <option name="guid">iKEcdDbwXAUdEmGfKCm8w1</option>
                  </options>
               </field>
            </tempFields>
            <notes/>
            <deployment skipIfRunning="false" suspendOnFault="false" tracingLevel="verbose">
               <targetLocation>MTLP-446</targetLocation>
               <event eventSource="MyJSONConnection:FileParser"/>
            </deployment>
            <flow id="a">
               <start id="b">
                  <link id="kgvobg86" targetId="jeari18w"/>
               </start>
               <assignment id="jeari18w">
                  <title>Setup File Write Values</title>
                  <operation source="constant" to="temp.JSONFileWriter[1]/fileName">Output.json</operation>
                  <operation source="constant" to="temp.JSONFileWriter[1]/format">PlainText</operation>
                  <operation source="field" to="temp.JSONFileWriter[1]/content">input.fileEvent[1]/content</operation>
                  <link id="jecc693x" targetId="jdezg7ke"/>
               </assignment>
               <service id="jdezg7ke">
                  <title>JSONFileWriter</title>
                  <serviceName>MyJSONConnection:FileWriter</serviceName>
                  <serviceGUID>iKEcdDbwXAUdEmGfKCm8w1</serviceGUID>
                  <serviceInput>
                     <parameter name="fileWriteTask" source="field" updatable="true">temp.JSONFileWriter</parameter>
                  </serviceInput>
                  <link id="je5xwuci" targetId="d"/>
               </service>
               <end id="d">
                  <title>End</title>
               </end>
            </flow>
         </process>
      </types1:Entry>
      <types1:GUID>aH0y4wWRSXZcZc5TGFyWcH</types1:GUID>
      <types1:DisplayName>MyTestJSONProcess</types1:DisplayName>
   </types1:Item>
   <types1:CurrentServerDateTime>2024-04-02T04:24:36.025Z</types1:CurrentServerDateTime>
</aetgt:getResponse>
