<aetgt:getResponse xmlns:aetgt="http://schemas.active-endpoints.com/appmodules/repository/2010/10/avrepository.xsd"
                   xmlns:types1="http://schemas.active-endpoints.com/appmodules/repository/2010/10/avrepository.xsd">
   <types1:Item>
      <types1:EntryId>WIsoZduD2L5SeE1-gt-9778287-2024-03-21T12:26:31.778Z::pd.xml</types1:EntryId>
      <types1:Name>MyXMLProcess</types1:Name>
      <types1:MimeType>application/xml+process</types1:MimeType>
      <types1:Description>Process to look for XML files</types1:Description>
      <types1:AppliesTo/>
      <types1:Tags>.agent:MTLP-446</types1:Tags>
      <types1:VersionLabel>1.0</types1:VersionLabel>
      <types1:State>CURRENT</types1:State>
      <types1:ProcessGroup/>
      <types1:CreatedBy>hariprasadj.in@mouritech.com.march</types1:CreatedBy>
      <types1:CreationDate>2024-03-21T12:26:32Z</types1:CreationDate>
      <types1:ModifiedBy>hariprasadj.in@mouritech.com.march</types1:ModifiedBy>
      <types1:ModificationDate>2024-03-22T04:33:42Z</types1:ModificationDate>
      <types1:PublicationStatus>out-of-date</types1:PublicationStatus>
      <types1:PublishedBy>hariprasadj.in@mouritech.com.march</types1:PublishedBy>
      <types1:PublicationDate>2024-03-22T04:32:49Z</types1:PublicationDate>
      <types1:PublishedContributionId>project:/spi.MyXMLProcess/MyXMLProcess.pd.xml</types1:PublishedContributionId>
      <types1:AutosaveExists>false</types1:AutosaveExists>
      <types1:Entry>
         <process xmlns="http://schemas.active-endpoints.com/appmodules/screenflow/2010/10/avosScreenflow.xsd"
                  xmlns:tfm="http://schemas.active-endpoints.com/appmodules/screenflow/2021/04/taskflowModel.xsd"
                  xmlns:list="urn:activevos:spi:list:functions"
                  displayName="MyXMLProcess"
                  name="MyXMLProcess"
                  overrideAPIName="false">
            <parameterSet xmlns="http://schemas.active-endpoints.com/appmodules/screenflow/2021/04/taskflowModel.xsd"/>
            <appliesTo/>
            <description>Process to look for XML files</description>
            <tags>.agent:MTLP-446</tags>
            <generator>Informatica Process Designer 11</generator>
            <input>
               <parameter description="" name="fileEvent" type="reference">
                  <options>
                     <option name="required">false</option>
                     <option name="referenceTo">MyXMLConnection:ParsedFileContent</option>
                     <option name="isCopy">true</option>
                     <option name="guid">01tArCEgVn2iUtUXKzy7iN</option>
                  </options>
               </parameter>
            </input>
            <tempFields>
               <field description="" name="XMLFileWriter" type="reference">
                  <options>
                     <option name="referenceTo">MyXMLConnection:FileWriteTask</option>
                     <option name="required">false</option>
                     <option name="isCopy">true</option>
                     <option name="guid">01tArCEgVn2iUtUXKzy7iN</option>
                  </options>
               </field>
            </tempFields>
            <notes/>
            <deployment skipIfRunning="false" suspendOnFault="false" tracingLevel="verbose">
               <targetLocation>MTLP-446</targetLocation>
               <event eventSource="MyXMLConnection:FileParser"/>
            </deployment>
            <flow id="a">
               <start id="b">
                  <link id="jec1naub" targetId="jeari18w"/>
               </start>
               <assignment id="jeari18w">
                  <title>Setup File Write Values</title>
                  <operation source="constant" to="temp.XMLFileWriter[1]/format">XML</operation>
                  <operation source="constant" to="temp.XMLFileWriter[1]/fileName">Output.xml</operation>
                  <operation source="field" to="temp.XMLFileWriter[1]/objects">input.fileEvent[1]/content</operation>
                  <operation source="constant" to="temp.XMLFileWriter[1]/listName">Employees</operation>
                  <operation source="constant" to="temp.XMLFileWriter[1]/objectName">Employee</operation>
                  <link id="jecc693x" targetId="jdezg7ke"/>
               </assignment>
               <service id="jdezg7ke">
                  <title>XMLFileWriter</title>
                  <serviceName>MyXMLConnection:FileWriter</serviceName>
                  <serviceGUID>01tArCEgVn2iUtUXKzy7iN</serviceGUID>
                  <serviceInput>
                     <parameter name="fileWriteTask" source="field" updatable="true">temp.XMLFileWriter</parameter>
                  </serviceInput>
                  <link id="je5xwuci" targetId="d"/>
               </service>
               <end id="d">
                  <title>End</title>
               </end>
            </flow>
         </process>
      </types1:Entry>
      <types1:GUID>env3DVG2Qk7byIWZGu1LMB</types1:GUID>
      <types1:DisplayName>MyXMLProcess</types1:DisplayName>
   </types1:Item>
   <types1:CurrentServerDateTime>2024-04-02T04:24:36.324Z</types1:CurrentServerDateTime>
</aetgt:getResponse>
