<aetgt:getResponse xmlns:aetgt="http://schemas.active-endpoints.com/appmodules/repository/2010/10/avrepository.xsd"
                   xmlns:types1="http://schemas.active-endpoints.com/appmodules/repository/2010/10/avrepository.xsd">
   <types1:Item>
      <types1:EntryId>RuuB3uopz4KhPVE-gt-691168-2024-03-25T10:40:52.702Z::pd.xml</types1:EntryId>
      <types1:Name>prc_URL_to_CSV_new</types1:Name>
      <types1:MimeType>application/xml+process</types1:MimeType>
      <types1:Description/>
      <types1:AppliesTo/>
      <types1:Tags>.anonymous</types1:Tags>
      <types1:VersionLabel>1.0</types1:VersionLabel>
      <types1:State>CURRENT</types1:State>
      <types1:ProcessGroup/>
      <types1:CreatedBy>hariprasadj.in@mouritech.com.march</types1:CreatedBy>
      <types1:CreationDate>2024-03-25T10:40:53Z</types1:CreationDate>
      <types1:ModifiedBy/>
      <types1:PublicationStatus>unpublished</types1:PublicationStatus>
      <types1:AutosaveExists>false</types1:AutosaveExists>
      <types1:Entry>
         <process xmlns="http://schemas.active-endpoints.com/appmodules/screenflow/2010/10/avosScreenflow.xsd"
                  xmlns:tfm="http://schemas.active-endpoints.com/appmodules/screenflow/2021/04/taskflowModel.xsd"
                  xmlns:list="urn:activevos:spi:list:functions"
                  displayName="prc URL to CSV new"
                  name="prc_URL_to_CSV_new"
                  overrideAPIName="false">
            <parameterSet xmlns="http://schemas.active-endpoints.com/appmodules/screenflow/2021/04/taskflowModel.xsd"/>
            <appliesTo/>
            <description/>
            <tags>.anonymous</tags>
            <generator>Informatica Process Designer 11</generator>
            <output>
               <field description="" name="O_result" type="string">
                  <options>
                     <option name="required">false</option>
                  </options>
               </field>
            </output>
            <notes/>
            <deployment skipIfRunning="false" suspendOnFault="false" tracingLevel="none">
               <rest>
                  <allowAnonymousAccess/>
               </rest>
            </deployment>
            <flow id="a">
               <start id="b">
                  <link id="ls1eubbj" targetId="ls1eubbi"/>
               </start>
               <service id="ls1eubbi">
                  <title>Run Cloud Task</title>
                  <serviceName>ICSExecuteTask</serviceName>
                  <serviceGUID/>
                  <serviceInput>
                     <parameter name="Task Name" source="constant">MappingTask URL to CSV new [MCT]</parameter>
                     <parameter name="Wait for Task to Complete" source="constant">false</parameter>
                     <parameter name="Fail on Cloud Task Errors" source="constant">false</parameter>
                     <parameter name="GUID" source="constant">cu6kJYayrKOcLaVcZDHocO</parameter>
                  </serviceInput>
                  <link id="ls1eubbv" targetId="ls1eubbu"/>
               </service>
               <assignment id="ls1eubbu">
                  <title>Assign to output</title>
                  <operation source="constant" to="output.O_result">{$output.SuccessSourceRows}  </operation>
                  <link id="ls1eubbw" targetId="c"/>
               </assignment>
               <end id="c"/>
            </flow>
         </process>
      </types1:Entry>
      <types1:GUID>hkaIkZaWG8ugedcn4thWMU</types1:GUID>
      <types1:DisplayName>prc URL to CSV new</types1:DisplayName>
   </types1:Item>
   <types1:CurrentServerDateTime>2024-04-02T04:24:43.662Z</types1:CurrentServerDateTime>
</aetgt:getResponse>
