<aetgt:getResponse xmlns:aetgt="http://schemas.active-endpoints.com/appmodules/repository/2010/10/avrepository.xsd"
                   xmlns:types1="http://schemas.active-endpoints.com/appmodules/repository/2010/10/avrepository.xsd">
   <types1:Item>
      <types1:EntryId>Owhz5chspiRASmv-gt-9323711-2024-03-20T04:53:06.658Z::pd.xml</types1:EntryId>
      <types1:Name>Prc-read_file_from_file_path</types1:Name>
      <types1:MimeType>application/xml+process</types1:MimeType>
      <types1:Description/>
      <types1:AppliesTo/>
      <types1:Tags>.agent:MTLP-446,.anonymous</types1:Tags>
      <types1:VersionLabel>1.0</types1:VersionLabel>
      <types1:State>CURRENT</types1:State>
      <types1:ProcessGroup/>
      <types1:CreatedBy>hariprasadj.in@mouritech.com.march</types1:CreatedBy>
      <types1:CreationDate>2024-03-20T04:53:07Z</types1:CreationDate>
      <types1:ModifiedBy>hariprasadj.in@mouritech.com.march</types1:ModifiedBy>
      <types1:ModificationDate>2024-03-20T05:27:16Z</types1:ModificationDate>
      <types1:PublicationStatus>published</types1:PublicationStatus>
      <types1:PublishedBy>hariprasadj.in@mouritech.com.march</types1:PublishedBy>
      <types1:PublicationDate>2024-03-20T05:27:26Z</types1:PublicationDate>
      <types1:PublishedContributionId>project:/spi.Prc-read_file_from_file_path/Prc-read_file_from_file_path.pd.xml</types1:PublishedContributionId>
      <types1:AutosaveExists>false</types1:AutosaveExists>
      <types1:Entry>
         <process xmlns="http://schemas.active-endpoints.com/appmodules/screenflow/2010/10/avosScreenflow.xsd"
                  xmlns:tfm="http://schemas.active-endpoints.com/appmodules/screenflow/2021/04/taskflowModel.xsd"
                  xmlns:list="urn:activevos:spi:list:functions"
                  displayName="Prc-read file from file path"
                  name="Prc-read_file_from_file_path"
                  overrideAPIName="false">
            <parameterSet xmlns="http://schemas.active-endpoints.com/appmodules/screenflow/2021/04/taskflowModel.xsd"/>
            <appliesTo/>
            <description/>
            <tags>.agent:MTLP-446,.anonymous</tags>
            <generator>Informatica Process Designer 11</generator>
            <output>
               <field description="" name="out_filecontent" type="string">
                  <options>
                     <option name="required">false</option>
                  </options>
               </field>
            </output>
            <tempFields>
               <field description="" name="temp_filepath" type="string">
                  <options>
                     <option name="required">false</option>
                  </options>
               </field>
            </tempFields>
            <notes/>
            <deployment skipIfRunning="false" suspendOnFault="false" tracingLevel="none">
               <targetLocation>MTLP-446</targetLocation>
               <rest>
                  <allowAnonymousAccess/>
               </rest>
            </deployment>
            <flow id="a">
               <start id="b">
                  <link id="ltzbo2jb" targetId="ltzbo2ja"/>
               </start>
               <assignment id="ltzbo2ja">
                  <title>Assignment to temp_filepath</title>
                  <operation source="formula" to="temp.temp_filepath">
                     <expression language="XQuery">'file:///D:/INFORMATICA/Hari/XMLTarget/Canada.csv'</expression>
                  </operation>
                  <link id="ltzbo2jk" targetId="ltzbo2jj"/>
               </assignment>
               <assignment id="ltzbo2jj">
                  <title>Assignment to out_filecontent</title>
                  <operation source="formula" to="output.out_filecontent">
                     <expression language="XQuery">fn:unparsed-text($temp.temp_filepath)</expression>
                  </operation>
                  <link id="ltzbo2jl" targetId="c"/>
               </assignment>
               <end id="c"/>
            </flow>
         </process>
         <ns1:sample-data-sets xmlns:ns1="http://schemas.active-endpoints.com/appmodules/repository/2010/10/sampleData.xsd">
            <ns1:SampleData>
               <ns1:Id>6aa59272-20af-4e00-987c-5aa7f0b03ffc</ns1:Id>
               <ns1:Name>in1</ns1:Name>
               <ns1:CreatedBy>hariprasadj.in@mouritech.com.march</ns1:CreatedBy>
               <ns1:CreationDate>2024-03-20T05:05:00Z</ns1:CreationDate>
               <ns1:ModifiedBy>hariprasadj.in@mouritech.com.march</ns1:ModifiedBy>
               <ns1:ModificationDate>2024-03-20T05:05:00Z</ns1:ModificationDate>
               <ns1:Data format="json">{}</ns1:Data>
            </ns1:SampleData>
            <ns1:SampleData>
               <ns1:Id>74f9049d-4f63-408b-8d29-84f9ae5c3c73</ns1:Id>
               <ns1:Name>test1</ns1:Name>
               <ns1:CreatedBy>hariprasadj.in@mouritech.com.march</ns1:CreatedBy>
               <ns1:CreationDate>2024-03-20T04:53:29Z</ns1:CreationDate>
               <ns1:ModifiedBy>hariprasadj.in@mouritech.com.march</ns1:ModifiedBy>
               <ns1:ModificationDate>2024-03-20T04:53:29Z</ns1:ModificationDate>
               <ns1:Data format="json">{}</ns1:Data>
            </ns1:SampleData>
         </ns1:sample-data-sets>
      </types1:Entry>
      <types1:GUID>3I6hxvVgA0edQ9tyoz760N</types1:GUID>
      <types1:DisplayName>Prc-read file from file path</types1:DisplayName>
   </types1:Item>
   <types1:CurrentServerDateTime>2024-04-02T04:24:35.657Z</types1:CurrentServerDateTime>
</aetgt:getResponse>
