<aetgt:getResponse xmlns:aetgt="http://schemas.active-endpoints.com/appmodules/repository/2010/10/avrepository.xsd"
                   xmlns:types1="http://schemas.active-endpoints.com/appmodules/repository/2010/10/avrepository.xsd">
   <types1:Item>
      <types1:EntryId>bci0seGbciZBpDU-gt-4952204-2024-03-06T08:48:38.019Z::pd.xml</types1:EntryId>
      <types1:Name>prc-convert-xml-json-parse-xml</types1:Name>
      <types1:MimeType>application/xml+process</types1:MimeType>
      <types1:Description/>
      <types1:AppliesTo/>
      <types1:Tags>.anonymous</types1:Tags>
      <types1:VersionLabel>1.0</types1:VersionLabel>
      <types1:State>CURRENT</types1:State>
      <types1:ProcessGroup/>
      <types1:CreatedBy>hariprasadj.in@mouritech.com.march</types1:CreatedBy>
      <types1:CreationDate>2024-03-06T08:48:38Z</types1:CreationDate>
      <types1:ModifiedBy>hariprasadj.in@mouritech.com.march</types1:ModifiedBy>
      <types1:ModificationDate>2024-03-18T09:17:34Z</types1:ModificationDate>
      <types1:PublicationStatus>published</types1:PublicationStatus>
      <types1:PublishedBy>hariprasadj.in@mouritech.com.march</types1:PublishedBy>
      <types1:PublicationDate>2024-03-18T09:18:48Z</types1:PublicationDate>
      <types1:PublishedContributionId>project:/spi.prc-convert-xml-json-parse-xml/prc-convert-xml-json-parse-xml.pd.xml</types1:PublishedContributionId>
      <types1:AutosaveExists>false</types1:AutosaveExists>
      <types1:Entry>
         <process xmlns="http://schemas.active-endpoints.com/appmodules/screenflow/2010/10/avosScreenflow.xsd"
                  xmlns:tfm="http://schemas.active-endpoints.com/appmodules/screenflow/2021/04/taskflowModel.xsd"
                  xmlns:list="urn:activevos:spi:list:functions"
                  displayName="prc-convert-xml-json-parse-xml"
                  name="prc-convert-xml-json-parse-xml"
                  overrideAPIName="false">
            <parameterSet xmlns="http://schemas.active-endpoints.com/appmodules/screenflow/2021/04/taskflowModel.xsd"/>
            <appliesTo/>
            <description/>
            <tags>.anonymous</tags>
            <generator>Informatica Process Designer 11</generator>
            <output>
               <field description="" name="output_json" type="reference">
                  <options>
                     <option name="referenceTo">$po:$any</option>
                     <option name="required">false</option>
                     <option name="isCopy">true</option>
                  </options>
               </field>
            </output>
            <tempFields>
               <field description="" name="temp_xml" type="xml">
                  <options>
                     <option name="required">false</option>
                     <option name="initialvalue">&lt;library&gt;     &lt;book&gt;         &lt;title&gt;The Great Gatsby&lt;/title&gt;         &lt;author&gt;F. Scott Fitzgerald&lt;/author&gt;         &lt;genre&gt;Novel&lt;/genre&gt;         &lt;year&gt;1925&lt;/year&gt;     &lt;/book&gt;     &lt;book&gt;         &lt;title&gt;To Kill a Mockingbird&lt;/title&gt;         &lt;author&gt;Harper Lee&lt;/author&gt;         &lt;genre&gt;Novel&lt;/genre&gt;         &lt;year&gt;1960&lt;/year&gt;     &lt;/book&gt;     &lt;book&gt;         &lt;title&gt;1984&lt;/title&gt;         &lt;author&gt;George Orwell&lt;/author&gt;         &lt;genre&gt;Dystopian&lt;/genre&gt;         &lt;year&gt;1949&lt;/year&gt;     &lt;/book&gt;     &lt;book&gt;         &lt;title&gt;The Catcher in the Rye&lt;/title&gt;         &lt;author&gt;J.D. Salinger&lt;/author&gt;         &lt;genre&gt;Novel&lt;/genre&gt;         &lt;year&gt;1951&lt;/year&gt;     &lt;/book&gt; &lt;/library&gt;</option>
                  </options>
               </field>
            </tempFields>
            <notes/>
            <deployment skipIfRunning="false" suspendOnFault="false" tracingLevel="none">
               <rest>
                  <allowAnonymousAccess/>
               </rest>
            </deployment>
            <flow id="a">
               <start id="b">
                  <link id="ltfjrgyu" targetId="ltfjrgyt"/>
               </start>
               <assignment id="ltfjrgyt">
                  <title>Assignment to output_json</title>
                  <operation source="formula" to="output.output_json">
                     <expression language="XQuery">util:parseXML($temp.temp_xml  )</expression>
                  </operation>
                  <link id="ltfjrgyv" targetId="c"/>
               </assignment>
               <end id="c"/>
            </flow>
         </process>
      </types1:Entry>
      <types1:GUID>4CpRfjnCRP8dfn19EaaR6D</types1:GUID>
      <types1:DisplayName>prc-convert-xml-json-parse-xml</types1:DisplayName>
   </types1:Item>
   <types1:CurrentServerDateTime>2024-04-02T04:24:34.801Z</types1:CurrentServerDateTime>
</aetgt:getResponse>
