<aetgt:getResponse xmlns:aetgt="http://schemas.active-endpoints.com/appmodules/repository/2010/10/avrepository.xsd"
                   xmlns:types1="http://schemas.active-endpoints.com/appmodules/repository/2010/10/avrepository.xsd">
   <types1:Item>
      <types1:EntryId>q6aaaa-gt-659084-2024-03-25T11:02:52.63Z::pd.xml</types1:EntryId>
      <types1:Name>Prc-getdata_from_url</types1:Name>
      <types1:MimeType>application/xml+process</types1:MimeType>
      <types1:Description/>
      <types1:AppliesTo/>
      <types1:Tags>.anonymous</types1:Tags>
      <types1:VersionLabel>1.0</types1:VersionLabel>
      <types1:State>CURRENT</types1:State>
      <types1:ProcessGroup/>
      <types1:CreatedBy>hariprasadj.in@mouritech.com.march</types1:CreatedBy>
      <types1:CreationDate>2024-03-25T11:02:53Z</types1:CreationDate>
      <types1:ModifiedBy/>
      <types1:PublicationStatus>published</types1:PublicationStatus>
      <types1:PublishedBy>hariprasadj.in@mouritech.com.march</types1:PublishedBy>
      <types1:PublicationDate>2024-03-25T11:03:01Z</types1:PublicationDate>
      <types1:PublishedContributionId>project:/spi.Prc-getdata_from_url/Prc-getdata_from_url.pd.xml</types1:PublishedContributionId>
      <types1:AutosaveExists>false</types1:AutosaveExists>
      <types1:Entry>
         <process xmlns="http://schemas.active-endpoints.com/appmodules/screenflow/2010/10/avosScreenflow.xsd"
                  xmlns:tfm="http://schemas.active-endpoints.com/appmodules/screenflow/2021/04/taskflowModel.xsd"
                  xmlns:list="urn:activevos:spi:list:functions"
                  displayName="Prc-getdata from url"
                  name="Prc-getdata_from_url"
                  overrideAPIName="false">
            <parameterSet xmlns="http://schemas.active-endpoints.com/appmodules/screenflow/2021/04/taskflowModel.xsd"/>
            <appliesTo/>
            <description/>
            <tags>.anonymous</tags>
            <generator>Informatica Process Designer 11</generator>
            <output>
               <field description="" name="output_result" type="string">
                  <options>
                     <option name="required">false</option>
                  </options>
               </field>
            </output>
            <notes/>
            <deployment skipIfRunning="false" suspendOnFault="false" tracingLevel="none">
               <rest>
                  <allowAnonymousAccess/>
               </rest>
            </deployment>
            <flow id="a">
               <start id="b">
                  <link id="lu6soq1a" targetId="lu6soq19"/>
               </start>
               <service id="lu6soq19">
                  <title>Get_data</title>
                  <serviceName>AppCon-Getdata:Get_data</serviceName>
                  <serviceGUID>2pHSh0n8LHScYqoNgiOOeD</serviceGUID>
                  <serviceInput/>
                  <link id="lu6soq1b" targetId="lu6soq12"/>
               </service>
               <assignment id="lu6soq12">
                  <title>Assignment to output_result</title>
                  <operation source="field" to="output.output_result">output.Output_response</operation>
                  <link id="lu6soq14" targetId="c"/>
               </assignment>
               <end id="c"/>
            </flow>
         </process>
      </types1:Entry>
      <types1:GUID>ehh5sI0huqcj6ijJeMONmh</types1:GUID>
      <types1:DisplayName>Prc-getdata from url</types1:DisplayName>
   </types1:Item>
   <types1:CurrentServerDateTime>2024-04-02T04:24:36.558Z</types1:CurrentServerDateTime>
</aetgt:getResponse>
