<aetgt:getResponse xmlns:aetgt="http://schemas.active-endpoints.com/appmodules/repository/2010/10/avrepository.xsd"
                   xmlns:types1="http://schemas.active-endpoints.com/appmodules/repository/2010/10/avrepository.xsd">
   <types1:Item>
      <types1:EntryId>mWR7hsAVR3aaa-gt-9337436-2024-03-20T05:49:48.194Z::pd.xml</types1:EntryId>
      <types1:Name>Prc-filewriter</types1:Name>
      <types1:MimeType>application/xml+process</types1:MimeType>
      <types1:Description/>
      <types1:AppliesTo/>
      <types1:Tags>.agent:MTLP-446,.anonymous</types1:Tags>
      <types1:VersionLabel>1.0</types1:VersionLabel>
      <types1:State>CURRENT</types1:State>
      <types1:ProcessGroup/>
      <types1:CreatedBy>hariprasadj.in@mouritech.com.march</types1:CreatedBy>
      <types1:CreationDate>2024-03-20T05:49:48Z</types1:CreationDate>
      <types1:ModifiedBy>hariprasadj.in@mouritech.com.march</types1:ModifiedBy>
      <types1:ModificationDate>2024-03-20T06:06:11Z</types1:ModificationDate>
      <types1:PublicationStatus>published</types1:PublicationStatus>
      <types1:PublishedBy>hariprasadj.in@mouritech.com.march</types1:PublishedBy>
      <types1:PublicationDate>2024-03-20T06:06:18Z</types1:PublicationDate>
      <types1:PublishedContributionId>project:/spi.Prc-filewriter/Prc-filewriter.pd.xml</types1:PublishedContributionId>
      <types1:AutosaveExists>false</types1:AutosaveExists>
      <types1:Entry>
         <process xmlns="http://schemas.active-endpoints.com/appmodules/screenflow/2010/10/avosScreenflow.xsd"
                  xmlns:tfm="http://schemas.active-endpoints.com/appmodules/screenflow/2021/04/taskflowModel.xsd"
                  xmlns:list="urn:activevos:spi:list:functions"
                  displayName="Prc-filewriter"
                  name="Prc-filewriter"
                  overrideAPIName="false">
            <parameterSet xmlns="http://schemas.active-endpoints.com/appmodules/screenflow/2021/04/taskflowModel.xsd"/>
            <appliesTo/>
            <description/>
            <tags>.agent:MTLP-446,.anonymous</tags>
            <generator>Informatica Process Designer 11</generator>
            <tempFields>
               <field description="" name="tmp_filewriter" type="reference">
                  <options>
                     <option name="referenceTo">AppConn-Filewriter:FileWriteTask</option>
                     <option name="required">false</option>
                     <option name="isCopy">true</option>
                     <option name="guid">4lcOvJu1wa5ggsZg0xQ4mr</option>
                  </options>
               </field>
            </tempFields>
            <notes/>
            <deployment skipIfRunning="false" suspendOnFault="false" tracingLevel="none">
               <targetLocation>MTLP-446</targetLocation>
               <rest>
                  <allowAnonymousAccess/>
               </rest>
            </deployment>
            <flow id="a">
               <start id="b">
                  <link id="ltzdtklu" targetId="ltzdtklt"/>
               </start>
               <assignment id="ltzdtklt">
                  <title>Assignment to File name, Plain File Content</title>
                  <operation source="formula" to="temp.tmp_filewriter[1]/fileName">
                     <expression language="XQuery">'testfilewriter.csv'</expression>
                  </operation>
                  <operation source="formula" to="temp.tmp_filewriter[1]/content">
                     <expression language="XQuery">'1,2,3,
4,5,6,
7,8,9'</expression>
                  </operation>
                  <link id="ltzdtklz" targetId="ltzdtkly"/>
               </assignment>
               <service id="ltzdtkly">
                  <title>FileWriter</title>
                  <serviceName>AppConn-Filewriter:FileWriter</serviceName>
                  <serviceGUID>4lcOvJu1wa5ggsZg0xQ4mr</serviceGUID>
                  <serviceInput>
                     <parameter name="fileWriteTask" source="field" updatable="true">temp.tmp_filewriter</parameter>
                  </serviceInput>
                  <link id="ltzdtkm0" targetId="c"/>
               </service>
               <end id="c"/>
            </flow>
         </process>
         <ns1:sample-data-sets xmlns:ns1="http://schemas.active-endpoints.com/appmodules/repository/2010/10/sampleData.xsd">
            <ns1:SampleData>
               <ns1:Id>32c5f722-34e2-45c8-8360-1511c87b33ab</ns1:Id>
               <ns1:Name>in1</ns1:Name>
               <ns1:CreatedBy>hariprasadj.in@mouritech.com.march</ns1:CreatedBy>
               <ns1:CreationDate>2024-03-20T05:59:00Z</ns1:CreationDate>
               <ns1:ModifiedBy>hariprasadj.in@mouritech.com.march</ns1:ModifiedBy>
               <ns1:ModificationDate>2024-03-20T05:59:00Z</ns1:ModificationDate>
               <ns1:Data format="json">{}</ns1:Data>
            </ns1:SampleData>
         </ns1:sample-data-sets>
      </types1:Entry>
      <types1:GUID>4V5BO85LfWCibil5c8DU0W</types1:GUID>
      <types1:DisplayName>Prc-filewriter</types1:DisplayName>
   </types1:Item>
   <types1:CurrentServerDateTime>2024-04-02T04:24:36.264Z</types1:CurrentServerDateTime>
</aetgt:getResponse>
