<aetgt:getResponse xmlns:aetgt="http://schemas.active-endpoints.com/appmodules/repository/2010/10/avrepository.xsd"
                   xmlns:types1="http://schemas.active-endpoints.com/appmodules/repository/2010/10/avrepository.xsd">
   <types1:Item>
      <types1:EntryId>cnNZPD4ARW8UBM7-gt-5667455-2024-03-08T08:49:00.46Z::pd.xml</types1:EntryId>
      <types1:Name>prc-filter-records-xml_data</types1:Name>
      <types1:MimeType>application/xml+process</types1:MimeType>
      <types1:Description/>
      <types1:AppliesTo/>
      <types1:Tags>.anonymous</types1:Tags>
      <types1:VersionLabel>1.0</types1:VersionLabel>
      <types1:State>CURRENT</types1:State>
      <types1:ProcessGroup/>
      <types1:CreatedBy>hariprasadj.in@mouritech.com.march</types1:CreatedBy>
      <types1:CreationDate>2024-03-08T08:49:00Z</types1:CreationDate>
      <types1:ModifiedBy>hariprasadj.in@mouritech.com.march</types1:ModifiedBy>
      <types1:ModificationDate>2024-03-08T09:08:32Z</types1:ModificationDate>
      <types1:PublicationStatus>published</types1:PublicationStatus>
      <types1:PublishedBy>hariprasadj.in@mouritech.com.march</types1:PublishedBy>
      <types1:PublicationDate>2024-03-11T04:41:54Z</types1:PublicationDate>
      <types1:PublishedContributionId>project:/spi.prc-filter-records-xml_data/prc-filter-records-xml_data.pd.xml</types1:PublishedContributionId>
      <types1:AutosaveExists>false</types1:AutosaveExists>
      <types1:Entry>
         <process xmlns="http://schemas.active-endpoints.com/appmodules/screenflow/2010/10/avosScreenflow.xsd"
                  xmlns:tfm="http://schemas.active-endpoints.com/appmodules/screenflow/2021/04/taskflowModel.xsd"
                  xmlns:list="urn:activevos:spi:list:functions"
                  displayName="prc-filter-records-xml data"
                  name="prc-filter-records-xml_data"
                  overrideAPIName="false">
            <parameterSet xmlns="http://schemas.active-endpoints.com/appmodules/screenflow/2021/04/taskflowModel.xsd"/>
            <appliesTo/>
            <description/>
            <tags>.anonymous</tags>
            <generator>Informatica Process Designer 11</generator>
            <input>
               <parameter description="" name="input" type="reference">
                  <options>
                     <option name="referenceTo">$po:$any</option>
                     <option name="required">false</option>
                     <option name="isCopy">true</option>
                  </options>
               </parameter>
            </input>
            <output>
               <field description="" name="output" type="reference">
                  <options>
                     <option name="referenceTo">$po:$any</option>
                     <option name="required">false</option>
                     <option name="isCopy">true</option>
                  </options>
               </field>
            </output>
            <tempFields>
               <field description="" name="temp_code" type="reference">
                  <options>
                     <option name="referenceTo">$po:$any</option>
                     <option name="required">false</option>
                     <option name="isCopy">true</option>
                  </options>
               </field>
            </tempFields>
            <notes/>
            <deployment skipIfRunning="false" suspendOnFault="false" tracingLevel="none">
               <rest>
                  <allowAnonymousAccess/>
               </rest>
            </deployment>
            <flow id="a">
               <start id="b">
                  <link id="ltiev3j0" targetId="ltiev3iz"/>
               </start>
               <assignment id="ltiev3iz">
                  <title>Assignment to input, temp_code etc.</title>
                  <operation source="formula" to="input.input">
                     <expression language="XQuery">&lt;students&gt;
    &lt;student&gt;
        &lt;id&gt;1&lt;/id&gt;
    &lt;/student&gt;
    &lt;student&gt;
        &lt;id&gt;2&lt;/id&gt;
    &lt;/student&gt;
    &lt;student&gt;
        &lt;id&gt;3&lt;/id&gt;
    &lt;/student&gt;
    &lt;student&gt;
        &lt;id&gt;4&lt;/id&gt;
    &lt;/student&gt;
    &lt;student&gt;
        &lt;id&gt;5&lt;/id&gt;
    &lt;/student&gt;
    &lt;student&gt;
        &lt;id&gt;6&lt;/id&gt;
    &lt;/student&gt;
    &lt;student&gt;
        &lt;id&gt;7&lt;/id&gt;
    &lt;/student&gt;
    &lt;student&gt;
        &lt;id&gt;8&lt;/id&gt;
    &lt;/student&gt;
    &lt;student&gt;
        &lt;id&gt;9&lt;/id&gt;
    &lt;/student&gt;
    &lt;student&gt;
        &lt;id&gt;10&lt;/id&gt;
    &lt;/student&gt;
&lt;/students&gt;
</expression>
                  </operation>
                  <operation source="formula" to="temp.temp_code">
                     <expression language="XQuery">let $students := $input.input 
  
for $id in $students /student 
where $id = 1
return $id  
</expression>
                  </operation>
                  <operation source="formula" to="output.output">
                     <expression language="XQuery">$temp.temp_code </expression>
                  </operation>
                  <link id="ltiev3j1" targetId="c"/>
               </assignment>
               <end id="c"/>
            </flow>
         </process>
      </types1:Entry>
      <types1:GUID>6p87XZ2YkdFhyIzl04gQUp</types1:GUID>
      <types1:DisplayName>prc-filter-records-xml data</types1:DisplayName>
   </types1:Item>
   <types1:CurrentServerDateTime>2024-04-02T04:24:34.62Z</types1:CurrentServerDateTime>
</aetgt:getResponse>
