<aetgt:getResponse xmlns:aetgt="http://schemas.active-endpoints.com/appmodules/repository/2010/10/avrepository.xsd"
                   xmlns:types1="http://schemas.active-endpoints.com/appmodules/repository/2010/10/avrepository.xsd">
   <types1:Item>
      <types1:EntryId>FSJsJGD4ARW8UBM-gt-9356559-2024-03-20T07:29:15.07Z::pd.xml</types1:EntryId>
      <types1:Name>Prc-filemonitor</types1:Name>
      <types1:MimeType>application/xml+process</types1:MimeType>
      <types1:Description/>
      <types1:AppliesTo/>
      <types1:Tags>.agent:MTLP-446</types1:Tags>
      <types1:VersionLabel>1.0</types1:VersionLabel>
      <types1:State>CURRENT</types1:State>
      <types1:ProcessGroup/>
      <types1:CreatedBy>hariprasadj.in@mouritech.com.march</types1:CreatedBy>
      <types1:CreationDate>2024-03-20T07:29:15Z</types1:CreationDate>
      <types1:ModifiedBy>hariprasadj.in@mouritech.com.march</types1:ModifiedBy>
      <types1:ModificationDate>2024-03-20T10:23:26Z</types1:ModificationDate>
      <types1:PublicationStatus>published</types1:PublicationStatus>
      <types1:PublishedBy>hariprasadj.in@mouritech.com.march</types1:PublishedBy>
      <types1:PublicationDate>2024-03-20T10:23:44Z</types1:PublicationDate>
      <types1:PublishedContributionId>project:/spi.Prc-filemonitor/Prc-filemonitor.pd.xml</types1:PublishedContributionId>
      <types1:AutosaveExists>false</types1:AutosaveExists>
      <types1:Entry>
         <process xmlns="http://schemas.active-endpoints.com/appmodules/screenflow/2010/10/avosScreenflow.xsd"
                  xmlns:tfm="http://schemas.active-endpoints.com/appmodules/screenflow/2021/04/taskflowModel.xsd"
                  xmlns:list="urn:activevos:spi:list:functions"
                  displayName="Prc-filemonitor"
                  name="Prc-filemonitor"
                  overrideAPIName="false">
            <parameterSet xmlns="http://schemas.active-endpoints.com/appmodules/screenflow/2021/04/taskflowModel.xsd"/>
            <appliesTo/>
            <description/>
            <tags>.agent:MTLP-446</tags>
            <generator>Informatica Process Designer 11</generator>
            <input>
               <parameter description="" name="fileEvent" type="reference">
                  <options>
                     <option name="required">false</option>
                     <option name="referenceTo">app-conn-filemonitor:FileInformation</option>
                     <option name="isCopy">true</option>
                     <option name="guid">4T4KIIwAekEj5KBjvcc6oz</option>
                  </options>
               </parameter>
            </input>
            <output>
               <field description="" name="filename" type="string">
                  <options>
                     <option name="required">false</option>
                  </options>
               </field>
               <field description="" name="filecontent" type="string">
                  <options>
                     <option name="required">false</option>
                  </options>
               </field>
            </output>
            <tempFields>
               <field description="" name="contenttowrite" type="reference">
                  <options>
                     <option name="referenceTo">app-conn-filemonitor:FileInformation</option>
                     <option name="required">false</option>
                     <option name="isCopy">true</option>
                     <option name="guid">4T4KIIwAekEj5KBjvcc6oz</option>
                  </options>
               </field>
            </tempFields>
            <notes/>
            <deployment skipIfRunning="false" suspendOnFault="false" tracingLevel="none">
               <targetLocation>MTLP-446</targetLocation>
               <event eventSource="app-conn-filemonitor:FileMonitor"/>
            </deployment>
            <flow id="a">
               <start id="b">
                  <link id="ltzh3cof" targetId="ltzh3coe"/>
               </start>
               <assignment id="ltzh3coe">
                  <title>Assignment to filename, File name only etc.</title>
                  <operation source="field" to="output.filename">input.fileEvent[1]/name</operation>
                  <operation source="field" to="temp.contenttowrite[1]/name">input.fileEvent[1]/fullName</operation>
                  <operation source="field" to="temp.contenttowrite[1]/dir">input.fileEvent</operation>
                  <link id="ltzh3cog" targetId="c"/>
               </assignment>
               <end id="c"/>
            </flow>
         </process>
         <ns1:sample-data-sets xmlns:ns1="http://schemas.active-endpoints.com/appmodules/repository/2010/10/sampleData.xsd">
            <ns1:SampleData>
               <ns1:Id>2d9b810d-54b5-4ca8-93c8-f319a9db6140</ns1:Id>
               <ns1:Name>in1</ns1:Name>
               <ns1:CreatedBy>hariprasadj.in@mouritech.com.march</ns1:CreatedBy>
               <ns1:CreationDate>2024-03-20T07:29:46Z</ns1:CreationDate>
               <ns1:ModifiedBy>hariprasadj.in@mouritech.com.march</ns1:ModifiedBy>
               <ns1:ModificationDate>2024-03-20T07:29:46Z</ns1:ModificationDate>
               <ns1:Data format="json">{
	 "fileEvent": {
	 	 "fullName": "",
	 	 "name": "",
	 	 "ext": "",
	 	 "path": "",
	 	 "dir": "",
	 	 "size": "",
	 	 "lastModified": ""
	 }
}</ns1:Data>
            </ns1:SampleData>
         </ns1:sample-data-sets>
      </types1:Entry>
      <types1:GUID>acbjZ1UwHGLiyF7js6IdWs</types1:GUID>
      <types1:DisplayName>Prc-filemonitor</types1:DisplayName>
   </types1:Item>
   <types1:CurrentServerDateTime>2024-04-02T04:24:36.129Z</types1:CurrentServerDateTime>
</aetgt:getResponse>
