<aetgt:getResponse xmlns:aetgt="http://schemas.active-endpoints.com/appmodules/repository/2010/10/avrepository.xsd"
                   xmlns:types1="http://schemas.active-endpoints.com/appmodules/repository/2010/10/avrepository.xsd">
   <types1:Item>
      <types1:EntryId>xbbf3TzAnOjseGb-gt-8797218-2024-03-18T11:44:04.037Z::pd.xml</types1:EntryId>
      <types1:Name>prc-file-monitor</types1:Name>
      <types1:MimeType>application/xml+process</types1:MimeType>
      <types1:Description/>
      <types1:AppliesTo/>
      <types1:Tags/>
      <types1:VersionLabel>1.0</types1:VersionLabel>
      <types1:State>CURRENT</types1:State>
      <types1:ProcessGroup/>
      <types1:CreatedBy>hariprasadj.in@mouritech.com.march</types1:CreatedBy>
      <types1:CreationDate>2024-03-18T11:44:04Z</types1:CreationDate>
      <types1:ModifiedBy>hariprasadj.in@mouritech.com.march</types1:ModifiedBy>
      <types1:ModificationDate>2024-03-18T11:45:23Z</types1:ModificationDate>
      <types1:PublicationStatus>unpublished</types1:PublicationStatus>
      <types1:AutosaveExists>false</types1:AutosaveExists>
      <types1:Entry>
         <process xmlns="http://schemas.active-endpoints.com/appmodules/screenflow/2010/10/avosScreenflow.xsd"
                  xmlns:tfm="http://schemas.active-endpoints.com/appmodules/screenflow/2021/04/taskflowModel.xsd"
                  xmlns:list="urn:activevos:spi:list:functions"
                  displayName="prc-file-monitor"
                  name="prc-file-monitor"
                  overrideAPIName="false">
            <parameterSet xmlns="http://schemas.active-endpoints.com/appmodules/screenflow/2021/04/taskflowModel.xsd"/>
            <appliesTo/>
            <description/>
            <tags/>
            <generator>Informatica Process Designer 11</generator>
            <notes/>
            <deployment skipIfRunning="false" suspendOnFault="false" tracingLevel="none">
               <rest/>
            </deployment>
            <flow id="a">
               <start id="b">
                  <link id="ltwv0xxf" targetId="ltwv0xxe"/>
               </start>
               <service id="ltwv0xxe">
                  <serviceName>$none</serviceName>
                  <serviceGUID/>
                  <serviceInput/>
                  <link id="ltwv0xxg" targetId="c"/>
               </service>
               <end id="c"/>
            </flow>
         </process>
      </types1:Entry>
      <types1:GUID>aOXyVluxyW9lLKt5URVM8H</types1:GUID>
      <types1:DisplayName>prc-file-monitor</types1:DisplayName>
   </types1:Item>
   <types1:CurrentServerDateTime>2024-04-02T04:24:35.545Z</types1:CurrentServerDateTime>
</aetgt:getResponse>
