<aetgt:getResponse xmlns:aetgt="http://schemas.active-endpoints.com/appmodules/repository/2010/10/avrepository.xsd"
                   xmlns:types1="http://schemas.active-endpoints.com/appmodules/repository/2010/10/avrepository.xsd">
   <types1:Item>
      <types1:EntryId>MBu8zbgdwUiQLnz-gt-4149485-2024-03-04T09:16:34.628Z::pd.xml</types1:EntryId>
      <types1:Name>Prc-urlcsv</types1:Name>
      <types1:MimeType>application/xml+process</types1:MimeType>
      <types1:Description/>
      <types1:AppliesTo/>
      <types1:Tags>.anonymous</types1:Tags>
      <types1:VersionLabel>1.0</types1:VersionLabel>
      <types1:State>CURRENT</types1:State>
      <types1:ProcessGroup/>
      <types1:CreatedBy>hariprasadj.in@mouritech.com.march</types1:CreatedBy>
      <types1:CreationDate>2024-03-04T09:16:35Z</types1:CreationDate>
      <types1:ModifiedBy>hariprasadj.in@mouritech.com.march</types1:ModifiedBy>
      <types1:ModificationDate>2024-03-25T11:25:40Z</types1:ModificationDate>
      <types1:PublicationStatus>published</types1:PublicationStatus>
      <types1:PublishedBy>hariprasadj.in@mouritech.com.march</types1:PublishedBy>
      <types1:PublicationDate>2024-03-25T11:25:45Z</types1:PublicationDate>
      <types1:PublishedContributionId>project:/spi.Prc-urlcsv/Prc-urlcsv.pd.xml</types1:PublishedContributionId>
      <types1:AutosaveExists>false</types1:AutosaveExists>
      <types1:Entry>
         <process xmlns="http://schemas.active-endpoints.com/appmodules/screenflow/2010/10/avosScreenflow.xsd"
                  xmlns:tfm="http://schemas.active-endpoints.com/appmodules/screenflow/2021/04/taskflowModel.xsd"
                  xmlns:list="urn:activevos:spi:list:functions"
                  displayName="Prc-urlcsv"
                  name="Prc-urlcsv"
                  overrideAPIName="false">
            <parameterSet xmlns="http://schemas.active-endpoints.com/appmodules/screenflow/2021/04/taskflowModel.xsd"/>
            <appliesTo/>
            <description/>
            <tags>.anonymous</tags>
            <generator>Informatica Process Designer 11</generator>
            <output>
               <field description="" name="out_result" type="string">
                  <options>
                     <option name="required">false</option>
                  </options>
               </field>
            </output>
            <notes/>
            <deployment skipIfRunning="false" suspendOnFault="false" tracingLevel="none">
               <rest>
                  <allowAnonymousAccess/>
               </rest>
            </deployment>
            <flow id="a">
               <start id="b">
                  <link id="lr56dok0" targetId="lr56dojz"/>
               </start>
               <service id="lr56dojz">
                  <title>URL_csv</title>
                  <serviceName>AppCon-Getdata:Get_data</serviceName>
                  <serviceGUID>2pHSh0n8LHScYqoNgiOOeD</serviceGUID>
                  <serviceInput/>
                  <link id="lr7aqvyp" targetId="lr7aqvyo"/>
               </service>
               <assignment id="lr7aqvyo">
                  <title>Assignment to out_result</title>
                  <operation source="constant" to="output.out_result">{$output.Out_response}{$output.Output_response} </operation>
                  <link id="lr7aqvyq" targetId="c"/>
               </assignment>
               <end id="c"/>
            </flow>
         </process>
      </types1:Entry>
      <types1:GUID>8MAve3AZHr8cFKPKLiOJuA</types1:GUID>
      <types1:DisplayName>Prc-urlcsv</types1:DisplayName>
   </types1:Item>
   <types1:CurrentServerDateTime>2024-04-02T04:24:36.591Z</types1:CurrentServerDateTime>
</aetgt:getResponse>
