<aetgt:getResponse xmlns:aetgt="http://schemas.active-endpoints.com/appmodules/repository/2010/10/avrepository.xsd"
                   xmlns:types1="http://schemas.active-endpoints.com/appmodules/repository/2010/10/avrepository.xsd">
   <types1:Item>
      <types1:EntryId>0FIRi92qBbbeJOS-gt-6576498-2024-03-11T10:55:57.992Z::pd.xml</types1:EntryId>
      <types1:Name>prc-filter-dept-records</types1:Name>
      <types1:MimeType>application/xml+process</types1:MimeType>
      <types1:Description/>
      <types1:AppliesTo/>
      <types1:Tags>.anonymous</types1:Tags>
      <types1:VersionLabel>1.0</types1:VersionLabel>
      <types1:State>CURRENT</types1:State>
      <types1:ProcessGroup/>
      <types1:CreatedBy>hariprasadj.in@mouritech.com.march</types1:CreatedBy>
      <types1:CreationDate>2024-03-11T10:55:58Z</types1:CreationDate>
      <types1:ModifiedBy>hariprasadj.in@mouritech.com.march</types1:ModifiedBy>
      <types1:ModificationDate>2024-03-11T10:57:58Z</types1:ModificationDate>
      <types1:PublicationStatus>published</types1:PublicationStatus>
      <types1:PublishedBy>hariprasadj.in@mouritech.com.march</types1:PublishedBy>
      <types1:PublicationDate>2024-03-11T10:58:02Z</types1:PublicationDate>
      <types1:PublishedContributionId>project:/spi.prc-filter-dept-records/prc-filter-dept-records.pd.xml</types1:PublishedContributionId>
      <types1:AutosaveExists>false</types1:AutosaveExists>
      <types1:Entry>
         <process xmlns="http://schemas.active-endpoints.com/appmodules/screenflow/2010/10/avosScreenflow.xsd"
                  xmlns:tfm="http://schemas.active-endpoints.com/appmodules/screenflow/2021/04/taskflowModel.xsd"
                  xmlns:list="urn:activevos:spi:list:functions"
                  displayName="prc-filter-dept-records"
                  name="prc-filter-dept-records"
                  overrideAPIName="false">
            <parameterSet xmlns="http://schemas.active-endpoints.com/appmodules/screenflow/2021/04/taskflowModel.xsd"/>
            <appliesTo/>
            <description/>
            <tags>.anonymous</tags>
            <generator>Informatica Process Designer 11</generator>
            <input>
               <parameter description="" name="input" type="reference">
                  <options>
                     <option name="referenceTo">$po:$any</option>
                     <option name="required">false</option>
                     <option name="isCopy">true</option>
                  </options>
               </parameter>
            </input>
            <output>
               <field description="" name="output" type="reference">
                  <options>
                     <option name="referenceTo">$po:$any</option>
                     <option name="required">false</option>
                     <option name="isCopy">true</option>
                  </options>
               </field>
            </output>
            <tempFields>
               <field description="" name="temp" type="reference">
                  <options>
                     <option name="referenceTo">$po:$any</option>
                     <option name="required">false</option>
                     <option name="isCopy">true</option>
                  </options>
               </field>
            </tempFields>
            <notes/>
            <deployment skipIfRunning="false" suspendOnFault="false" tracingLevel="none">
               <rest>
                  <allowAnonymousAccess/>
               </rest>
            </deployment>
            <flow id="a">
               <start id="b">
                  <link id="ltmtpgrw" targetId="ltmtpgrv"/>
               </start>
               <assignment id="ltmtpgrv">
                  <title>Assignment to input, temp etc.</title>
                  <operation source="formula" to="input.input">
                     <expression language="XQuery">&lt;employees&gt;
  &lt;employee&gt;
    &lt;id&gt;1&lt;/id&gt;
    &lt;name&gt;John Doe&lt;/name&gt;
    &lt;department&gt;Engineering&lt;/department&gt;
  &lt;/employee&gt;
  &lt;employee&gt;
    &lt;id&gt;2&lt;/id&gt;
    &lt;name&gt;Jane Smith&lt;/name&gt;
    &lt;department&gt;Marketing&lt;/department&gt;
  &lt;/employee&gt;
  &lt;employee&gt;
    &lt;id&gt;3&lt;/id&gt;
    &lt;name&gt;Michael Johnson&lt;/name&gt;
    &lt;department&gt;Engineering&lt;/department&gt;
  &lt;/employee&gt;
  &lt;employee&gt;
    &lt;id&gt;4&lt;/id&gt;
    &lt;name&gt;Michael Doe&lt;/name&gt;
    &lt;department&gt;Engineering&lt;/department&gt;
  &lt;/employee&gt;
  &lt;employee&gt;
    &lt;id&gt;5&lt;/id&gt;
    &lt;name&gt;John Smith&lt;/name&gt;
    &lt;department&gt;Marketing&lt;/department&gt;
  &lt;/employee&gt;
  &lt;employee&gt;
    &lt;id&gt;6&lt;/id&gt;
    &lt;name&gt;Jane Johnson&lt;/name&gt;
    &lt;department&gt;Engineering&lt;/department&gt;
  &lt;/employee&gt;
&lt;/employees&gt;</expression>
                  </operation>
                  <operation source="formula" to="temp.temp">
                     <expression language="XQuery">let $input:=$input.input
where $input//department = "Engineering"
return $input</expression>
                  </operation>
                  <operation source="formula" to="output.output">
                     <expression language="XQuery">$temp.temp </expression>
                  </operation>
                  <link id="ltmtpgrx" targetId="c"/>
               </assignment>
               <end id="c"/>
            </flow>
         </process>
      </types1:Entry>
      <types1:GUID>gUM59sh1iW0d0jWgalXHyE</types1:GUID>
      <types1:DisplayName>prc-filter-dept-records</types1:DisplayName>
   </types1:Item>
   <types1:CurrentServerDateTime>2024-04-02T04:24:34.781Z</types1:CurrentServerDateTime>
</aetgt:getResponse>
