<aetgt:getResponse xmlns:aetgt="http://schemas.active-endpoints.com/appmodules/repository/2010/10/avrepository.xsd"
                   xmlns:types1="http://schemas.active-endpoints.com/appmodules/repository/2010/10/avrepository.xsd">
   <types1:Item>
      <types1:EntryId>NGJZx1Xmgaabclv-gt-4906841-2024-03-06T10:47:34.644Z::pd.xml</types1:EntryId>
      <types1:Name>prc-filter-xml-records</types1:Name>
      <types1:MimeType>application/xml+process</types1:MimeType>
      <types1:Description/>
      <types1:AppliesTo/>
      <types1:Tags>.anonymous</types1:Tags>
      <types1:VersionLabel>1.0</types1:VersionLabel>
      <types1:State>CURRENT</types1:State>
      <types1:ProcessGroup/>
      <types1:CreatedBy>hariprasadj.in@mouritech.com.march</types1:CreatedBy>
      <types1:CreationDate>2024-03-06T10:47:35Z</types1:CreationDate>
      <types1:ModifiedBy>hariprasadj.in@mouritech.com.march</types1:ModifiedBy>
      <types1:ModificationDate>2024-03-07T10:48:45Z</types1:ModificationDate>
      <types1:PublicationStatus>published</types1:PublicationStatus>
      <types1:PublishedBy>hariprasadj.in@mouritech.com.march</types1:PublishedBy>
      <types1:PublicationDate>2024-03-07T10:48:47Z</types1:PublicationDate>
      <types1:PublishedContributionId>project:/spi.prc-filter-xml-records/prc-filter-xml-records.pd.xml</types1:PublishedContributionId>
      <types1:AutosaveExists>false</types1:AutosaveExists>
      <types1:Entry>
         <process xmlns="http://schemas.active-endpoints.com/appmodules/screenflow/2010/10/avosScreenflow.xsd"
                  xmlns:tfm="http://schemas.active-endpoints.com/appmodules/screenflow/2021/04/taskflowModel.xsd"
                  xmlns:list="urn:activevos:spi:list:functions"
                  displayName="prc-filter-xml-records"
                  name="prc-filter-xml-records"
                  overrideAPIName="false">
            <parameterSet xmlns="http://schemas.active-endpoints.com/appmodules/screenflow/2021/04/taskflowModel.xsd"/>
            <appliesTo/>
            <description/>
            <tags>.anonymous</tags>
            <generator>Informatica Process Designer 11</generator>
            <input>
               <parameter description="" name="input_xml" type="reference">
                  <options>
                     <option name="referenceTo">$po:$any</option>
                     <option name="required">false</option>
                     <option name="isCopy">true</option>
                  </options>
               </parameter>
            </input>
            <output>
               <field description="" name="output" type="reference">
                  <options>
                     <option name="referenceTo">$po:$any</option>
                     <option name="required">false</option>
                     <option name="isCopy">true</option>
                  </options>
               </field>
            </output>
            <notes/>
            <deployment skipIfRunning="false" suspendOnFault="false" tracingLevel="none">
               <rest>
                  <allowAnonymousAccess/>
               </rest>
            </deployment>
            <flow id="a">
               <start id="b">
                  <link id="ltfo45bu" targetId="ltfo45bt"/>
               </start>
               <assignment id="ltfo45bt">
                  <title>Assignment to input_xml, output</title>
                  <operation source="formula" to="input.input_xml">
                     <expression language="XQuery">&lt;courses&gt;     
   &lt;course category="JAVA"&gt;  
      &lt;title lang="en"&gt;Learn Java in 3 Months.&lt;/title&gt;  
      &lt;trainer&gt;Sonoo Jaiswal&lt;/trainer&gt;  
      &lt;year&gt;2008&lt;/year&gt;  
      &lt;fees&gt;10000.00&lt;/fees&gt;  
   &lt;/course&gt;    
    &lt;course category="Dot Net"&gt;  
      &lt;title lang="en"&gt;Learn Dot Net in 3 Months.&lt;/title&gt;  
      &lt;trainer&gt;Vicky Kaushal&lt;/trainer&gt;  
      &lt;year&gt;2008&lt;/year&gt;  
      &lt;fees&gt;10000.00&lt;/fees&gt;  
   &lt;/course&gt;  
    &lt;course category="C"&gt;  
      &lt;title lang="en"&gt;Learn C in 2 Months.&lt;/title&gt;  
      &lt;trainer&gt;Ramesh Kumar&lt;/trainer&gt;  
      &lt;year&gt;2014&lt;/year&gt;  
      &lt;fees&gt;3000.00&lt;/fees&gt;  
   &lt;/course&gt;  
    &lt;course category="XML"&gt;  
      &lt;title lang="en"&gt;Learn XML in 2 Months.&lt;/title&gt;  
      &lt;trainer&gt;Ajeet Kumar&lt;/trainer&gt;  
      &lt;year&gt;2015&lt;/year&gt;  
      &lt;fees&gt;4000.00&lt;/fees&gt;  
   &lt;/course&gt;    
&lt;/courses&gt; 


</expression>
                  </operation>
                  <operation source="formula" to="output.output">
                     <expression language="XQuery">let $input:=$input.input_xml 
return $input/course[year = 2015]</expression>
                  </operation>
                  <link id="ltfo45bv" targetId="c"/>
               </assignment>
               <end id="c"/>
            </flow>
         </process>
         <ns1:sample-data-sets xmlns:ns1="http://schemas.active-endpoints.com/appmodules/repository/2010/10/sampleData.xsd">
            <ns1:SampleData>
               <ns1:Id>1e4ecf38-de79-4b74-a9af-10be1a6d0c33</ns1:Id>
               <ns1:Name>in1</ns1:Name>
               <ns1:CreatedBy>hariprasadj.in@mouritech.com.march</ns1:CreatedBy>
               <ns1:CreationDate>2024-03-06T12:15:14Z</ns1:CreationDate>
               <ns1:ModifiedBy>hariprasadj.in@mouritech.com.march</ns1:ModifiedBy>
               <ns1:ModificationDate>2024-03-06T12:15:14Z</ns1:ModificationDate>
               <ns1:Data format="json">{}</ns1:Data>
            </ns1:SampleData>
         </ns1:sample-data-sets>
      </types1:Entry>
      <types1:GUID>8l3fWRF7YdbimKdruSHL0j</types1:GUID>
      <types1:DisplayName>prc-filter-xml-records</types1:DisplayName>
   </types1:Item>
   <types1:CurrentServerDateTime>2024-04-02T04:24:35.287Z</types1:CurrentServerDateTime>
</aetgt:getResponse>
