<aetgt:getResponse xmlns:aetgt="http://schemas.active-endpoints.com/appmodules/repository/2010/10/avrepository.xsd"
                   xmlns:types1="http://schemas.active-endpoints.com/appmodules/repository/2010/10/avrepository.xsd">
   <types1:Item>
      <types1:EntryId>nYDeMVX3cjk91pq-gt-4453526-2024-03-05T05:32:01.219Z::pd.xml</types1:EntryId>
      <types1:Name>prc-count_of_xml_elements</types1:Name>
      <types1:MimeType>application/xml+process</types1:MimeType>
      <types1:Description/>
      <types1:AppliesTo/>
      <types1:Tags>.anonymous</types1:Tags>
      <types1:VersionLabel>1.0</types1:VersionLabel>
      <types1:State>CURRENT</types1:State>
      <types1:ProcessGroup/>
      <types1:CreatedBy>hariprasadj.in@mouritech.com.march</types1:CreatedBy>
      <types1:CreationDate>2024-03-05T05:32:01Z</types1:CreationDate>
      <types1:ModifiedBy>hariprasadj.in@mouritech.com.march</types1:ModifiedBy>
      <types1:ModificationDate>2024-03-06T10:39:54Z</types1:ModificationDate>
      <types1:PublicationStatus>published</types1:PublicationStatus>
      <types1:PublishedBy>hariprasadj.in@mouritech.com.march</types1:PublishedBy>
      <types1:PublicationDate>2024-03-11T07:00:01Z</types1:PublicationDate>
      <types1:PublishedContributionId>project:/spi.prc-count_of_xml_elements/prc-count_of_xml_elements.pd.xml</types1:PublishedContributionId>
      <types1:AutosaveExists>false</types1:AutosaveExists>
      <types1:Entry>
         <process xmlns="http://schemas.active-endpoints.com/appmodules/screenflow/2010/10/avosScreenflow.xsd"
                  xmlns:tfm="http://schemas.active-endpoints.com/appmodules/screenflow/2021/04/taskflowModel.xsd"
                  xmlns:list="urn:activevos:spi:list:functions"
                  displayName="prc-count of xml elements"
                  name="prc-count_of_xml_elements"
                  overrideAPIName="false">
            <parameterSet xmlns="http://schemas.active-endpoints.com/appmodules/screenflow/2021/04/taskflowModel.xsd"/>
            <appliesTo/>
            <description/>
            <tags>.anonymous</tags>
            <generator>Informatica Process Designer 11</generator>
            <output>
               <field description="" name="output" type="int">
                  <options>
                     <option name="required">false</option>
                  </options>
               </field>
            </output>
            <notes/>
            <deployment skipIfRunning="false" suspendOnFault="false" tracingLevel="none">
               <rest>
                  <allowAnonymousAccess/>
               </rest>
            </deployment>
            <flow id="a">
               <start id="b">
                  <link id="ltdxjd09" targetId="ltdxjd08"/>
               </start>
               <assignment id="ltdxjd08">
                  <title>Assignment to output</title>
                  <operation source="formula" to="output.output">
                     <expression language="XQuery">let $xml :=
&lt;records&gt;
    &lt;record&gt;
        &lt;id&gt;1&lt;/id&gt;
        &lt;name&gt;John Doe&lt;/name&gt;
        &lt;age&gt;30&lt;/age&gt;
        &lt;city&gt;New York&lt;/city&gt;
    &lt;/record&gt;
    &lt;record&gt;
        &lt;id&gt;2&lt;/id&gt;
        &lt;name&gt;Jane Smith&lt;/name&gt;
        &lt;age&gt;25&lt;/age&gt;
        &lt;city&gt;Los Angeles&lt;/city&gt;
    &lt;/record&gt;
    &lt;record&gt;
        &lt;id&gt;3&lt;/id&gt;
        &lt;name&gt;Michael Johnson&lt;/name&gt;
        &lt;age&gt;40&lt;/age&gt;
        &lt;city&gt;Chicago&lt;/city&gt;
    &lt;/record&gt;
    &lt;record&gt;
        &lt;id&gt;4&lt;/id&gt;
        &lt;name&gt;Emily Brown&lt;/name&gt;
        &lt;age&gt;35&lt;/age&gt;
        &lt;city&gt;Houston&lt;/city&gt;
    &lt;/record&gt;
    &lt;record&gt;
        &lt;id&gt;5&lt;/id&gt;
        &lt;name&gt;David Lee&lt;/name&gt;
        &lt;age&gt;28&lt;/age&gt;
        &lt;city&gt;Miami&lt;/city&gt;
    &lt;/record&gt;
    &lt;record&gt;
        &lt;id&gt;6&lt;/id&gt;
        &lt;name&gt;Sarah Wilson&lt;/name&gt;
        &lt;age&gt;33&lt;/age&gt;
        &lt;city&gt;Seattle&lt;/city&gt;
    &lt;/record&gt;
    &lt;record&gt;
        &lt;id&gt;7&lt;/id&gt;
        &lt;name&gt;Chris Martinez&lt;/name&gt;
        &lt;age&gt;45&lt;/age&gt;
        &lt;city&gt;San Francisco&lt;/city&gt;
    &lt;/record&gt;
    &lt;record&gt;
        &lt;id&gt;8&lt;/id&gt;
        &lt;name&gt;Amy Taylor&lt;/name&gt;
        &lt;age&gt;29&lt;/age&gt;
        &lt;city&gt;Boston&lt;/city&gt;
    &lt;/record&gt;
    &lt;record&gt;
        &lt;id&gt;9&lt;/id&gt;
        &lt;name&gt;Mark Anderson&lt;/name&gt;
        &lt;age&gt;38&lt;/age&gt;
        &lt;city&gt;Denver&lt;/city&gt;
    &lt;/record&gt;
    &lt;record&gt;
        &lt;id&gt;10&lt;/id&gt;
        &lt;name&gt;Lisa Davis&lt;/name&gt;
        &lt;age&gt;32&lt;/age&gt;
        &lt;city&gt;Atlanta&lt;/city&gt;
    &lt;/record&gt;
&lt;/records&gt;


return count($xml//record)
</expression>
                  </operation>
                  <link id="ltfmm8t3" targetId="c"/>
               </assignment>
               <end id="c"/>
            </flow>
         </process>
         <ns1:sample-data-sets xmlns:ns1="http://schemas.active-endpoints.com/appmodules/repository/2010/10/sampleData.xsd">
            <ns1:SampleData>
               <ns1:Id>361ba798-cfcb-42cf-b311-79303541b1c8</ns1:Id>
               <ns1:Name>in1</ns1:Name>
               <ns1:CreatedBy>hariprasadj.in@mouritech.com.march</ns1:CreatedBy>
               <ns1:CreationDate>2024-03-05T06:59:16Z</ns1:CreationDate>
               <ns1:ModifiedBy>hariprasadj.in@mouritech.com.march</ns1:ModifiedBy>
               <ns1:ModificationDate>2024-03-05T06:59:16Z</ns1:ModificationDate>
               <ns1:Data format="json">{}</ns1:Data>
            </ns1:SampleData>
            <ns1:SampleData>
               <ns1:Id>95758798-01bc-4849-9464-56de1ebaf32e</ns1:Id>
               <ns1:Name>input1</ns1:Name>
               <ns1:CreatedBy>hariprasadj.in@mouritech.com.march</ns1:CreatedBy>
               <ns1:CreationDate>2024-03-05T10:38:49Z</ns1:CreationDate>
               <ns1:ModifiedBy>hariprasadj.in@mouritech.com.march</ns1:ModifiedBy>
               <ns1:ModificationDate>2024-03-05T10:38:49Z</ns1:ModificationDate>
               <ns1:Data format="json">{}</ns1:Data>
            </ns1:SampleData>
         </ns1:sample-data-sets>
      </types1:Entry>
      <types1:GUID>5DT46Dfoa0JgTnulwS29oO</types1:GUID>
      <types1:DisplayName>prc-count of xml elements</types1:DisplayName>
   </types1:Item>
   <types1:CurrentServerDateTime>2024-04-02T04:24:35.713Z</types1:CurrentServerDateTime>
</aetgt:getResponse>
