<aetgt:getResponse xmlns:aetgt="http://schemas.active-endpoints.com/appmodules/repository/2010/10/avrepository.xsd"
                   xmlns:types1="http://schemas.active-endpoints.com/appmodules/repository/2010/10/avrepository.xsd">
   <types1:Item>
      <types1:EntryId>ck1SwEYrwn2H0Fd-gt-4241503-2024-03-04T09:16:25.041Z::pd.xml</types1:EntryId>
      <types1:Name>Prc_xml_to_json_1</types1:Name>
      <types1:MimeType>application/xml+process</types1:MimeType>
      <types1:Description/>
      <types1:AppliesTo/>
      <types1:Tags>.anonymous</types1:Tags>
      <types1:VersionLabel>1.0</types1:VersionLabel>
      <types1:State>CURRENT</types1:State>
      <types1:ProcessGroup/>
      <types1:CreatedBy>hariprasadj.in@mouritech.com.march</types1:CreatedBy>
      <types1:CreationDate>2024-03-04T09:16:25Z</types1:CreationDate>
      <types1:ModifiedBy>hariprasadj.in@mouritech.com.march</types1:ModifiedBy>
      <types1:ModificationDate>2024-03-18T07:21:04Z</types1:ModificationDate>
      <types1:PublicationStatus>published</types1:PublicationStatus>
      <types1:PublishedBy>hariprasadj.in@mouritech.com.march</types1:PublishedBy>
      <types1:PublicationDate>2024-03-18T07:21:08Z</types1:PublicationDate>
      <types1:PublishedContributionId>project:/spi.Prc_xml_to_json_1/Prc_xml_to_json_1.pd.xml</types1:PublishedContributionId>
      <types1:AutosaveExists>false</types1:AutosaveExists>
      <types1:Entry>
         <process xmlns="http://schemas.active-endpoints.com/appmodules/screenflow/2010/10/avosScreenflow.xsd"
                  xmlns:tfm="http://schemas.active-endpoints.com/appmodules/screenflow/2021/04/taskflowModel.xsd"
                  xmlns:list="urn:activevos:spi:list:functions"
                  displayName="Prc_xml to json 1"
                  name="Prc_xml_to_json_1"
                  overrideAPIName="false">
            <parameterSet xmlns="http://schemas.active-endpoints.com/appmodules/screenflow/2021/04/taskflowModel.xsd"/>
            <appliesTo/>
            <description/>
            <tags>.anonymous</tags>
            <generator>Informatica Process Designer 11</generator>
            <output>
               <field description="" name="Output" type="reference">
                  <options>
                     <option name="referenceTo">$po:$any</option>
                     <option name="required">false</option>
                     <option name="isCopy">true</option>
                  </options>
               </field>
            </output>
            <tempFields>
               <field description="" name="Temp_xml" type="reference">
                  <options>
                     <option name="referenceTo">$po:$any</option>
                     <option name="required">false</option>
                     <option name="isCopy">true</option>
                     <option name="guid"/>
                  </options>
               </field>
            </tempFields>
            <notes/>
            <deployment skipIfRunning="false" suspendOnFault="false" tracingLevel="none">
               <rest>
                  <allowAnonymousAccess/>
               </rest>
            </deployment>
            <flow id="a">
               <start id="b">
                  <link id="lsx05j6n" targetId="lsx05j6m"/>
               </start>
               <assignment id="lsx05j6m">
                  <title>Assignment to Output, Temp_xml</title>
                  <operation source="formula" to="temp.Temp_xml">
                     <expression language="XQuery">&lt;xml_input&gt;
  &lt;record&gt;
    &lt;id&gt;1&lt;/id&gt;
    &lt;name&gt;John Doe&lt;/name&gt;
    &lt;age&gt;30&lt;/age&gt;
    &lt;city&gt;New York&lt;/city&gt;
  &lt;/record&gt;
  &lt;record&gt;
    &lt;id&gt;2&lt;/id&gt;
    &lt;name&gt;Alice Smith&lt;/name&gt;
    &lt;age&gt;25&lt;/age&gt;
    &lt;city&gt;Los Angeles&lt;/city&gt;
  &lt;/record&gt;
  &lt;record&gt;
    &lt;id&gt;3&lt;/id&gt;
    &lt;name&gt;Michael Johnson&lt;/name&gt;
    &lt;age&gt;40&lt;/age&gt;
    &lt;city&gt;Chicago&lt;/city&gt;
  &lt;/record&gt;
  &lt;record&gt;
    &lt;id&gt;4&lt;/id&gt;
    &lt;name&gt;Emily Brown&lt;/name&gt;
    &lt;age&gt;35&lt;/age&gt;
    &lt;city&gt;Houston&lt;/city&gt;
  &lt;/record&gt;
  &lt;record&gt;
    &lt;id&gt;5&lt;/id&gt;
    &lt;name&gt;Robert Wilson&lt;/name&gt;
    &lt;age&gt;28&lt;/age&gt;
    &lt;city&gt;Miami&lt;/city&gt;
  &lt;/record&gt;
  &lt;record&gt;
    &lt;id&gt;6&lt;/id&gt;
    &lt;name&gt;Sarah Martinez&lt;/name&gt;
    &lt;age&gt;33&lt;/age&gt;
    &lt;city&gt;San Francisco&lt;/city&gt;
  &lt;/record&gt;
  &lt;record&gt;
    &lt;id&gt;7&lt;/id&gt;
    &lt;name&gt;David Taylor&lt;/name&gt;
    &lt;age&gt;45&lt;/age&gt;
    &lt;city&gt;Dallas&lt;/city&gt;
  &lt;/record&gt;
  &lt;record&gt;
    &lt;id&gt;8&lt;/id&gt;
    &lt;name&gt;Lisa Anderson&lt;/name&gt;
    &lt;age&gt;32&lt;/age&gt;
    &lt;city&gt;Seattle&lt;/city&gt;
  &lt;/record&gt;
  &lt;record&gt;
    &lt;id&gt;9&lt;/id&gt;
    &lt;name&gt;James Lee&lt;/name&gt;
    &lt;age&gt;27&lt;/age&gt;
    &lt;city&gt;Boston&lt;/city&gt;
  &lt;/record&gt;
  &lt;record&gt;
    &lt;id&gt;10&lt;/id&gt;
    &lt;name&gt;Mary White&lt;/name&gt;
    &lt;age&gt;38&lt;/age&gt;
    &lt;city&gt;Atlanta&lt;/city&gt;
  &lt;/record&gt;
&lt;/xml_input&gt;
</expression>
                  </operation>
                  <operation source="formula" to="output.Output">
                     <expression language="XQuery">util:toJSON($temp.Temp_xml )</expression>
                  </operation>
                  <link id="lsx05j6o" targetId="c"/>
               </assignment>
               <end id="c"/>
            </flow>
         </process>
      </types1:Entry>
      <types1:GUID>7uzg06Pw0oJks9yX85ueQy</types1:GUID>
      <types1:DisplayName>Prc_xml to json 1</types1:DisplayName>
   </types1:Item>
   <types1:CurrentServerDateTime>2024-04-02T04:24:34.655Z</types1:CurrentServerDateTime>
</aetgt:getResponse>
