<aetgt:getResponse xmlns:aetgt="http://schemas.active-endpoints.com/appmodules/repository/2010/10/avrepository.xsd"
                   xmlns:types1="http://schemas.active-endpoints.com/appmodules/repository/2010/10/avrepository.xsd">
   <types1:Item>
      <types1:EntryId>lCCKpNz6HKoJBUh-gt-4241393-2024-03-04T09:16:23.186Z::pd.xml</types1:EntryId>
      <types1:Name>Prc_salesforce_add_records</types1:Name>
      <types1:MimeType>application/xml+process</types1:MimeType>
      <types1:Description/>
      <types1:AppliesTo/>
      <types1:Tags>.anonymous</types1:Tags>
      <types1:VersionLabel>1.0</types1:VersionLabel>
      <types1:State>CURRENT</types1:State>
      <types1:ProcessGroup/>
      <types1:CreatedBy>hariprasadj.in@mouritech.com.march</types1:CreatedBy>
      <types1:CreationDate>2024-03-04T09:16:23Z</types1:CreationDate>
      <types1:ModifiedBy>hariprasadj.in@mouritech.com.march</types1:ModifiedBy>
      <types1:ModificationDate>2024-03-25T10:40:31Z</types1:ModificationDate>
      <types1:PublicationStatus>unpublished</types1:PublicationStatus>
      <types1:AutosaveExists>false</types1:AutosaveExists>
      <types1:Entry>
         <process xmlns="http://schemas.active-endpoints.com/appmodules/screenflow/2010/10/avosScreenflow.xsd"
                  xmlns:tfm="http://schemas.active-endpoints.com/appmodules/screenflow/2021/04/taskflowModel.xsd"
                  xmlns:list="urn:activevos:spi:list:functions"
                  displayName="Prc_salesforce_add records"
                  name="Prc_salesforce_add_records"
                  overrideAPIName="false">
            <parameterSet xmlns="http://schemas.active-endpoints.com/appmodules/screenflow/2021/04/taskflowModel.xsd"/>
            <appliesTo/>
            <description/>
            <tags>.anonymous</tags>
            <generator>Informatica Process Designer 11</generator>
            <input>
               <parameter description="" name="Empid" type="string">
                  <options>
                     <option name="required">false</option>
                  </options>
               </parameter>
               <parameter description="" name="Ename" type="string">
                  <options>
                     <option name="required">false</option>
                  </options>
               </parameter>
               <parameter description="" name="Ephone" type="int">
                  <options>
                     <option name="required">false</option>
                  </options>
               </parameter>
            </input>
            <output>
               <field description="" name="Status" type="string">
                  <options>
                     <option name="required">false</option>
                  </options>
               </field>
            </output>
            <notes/>
            <deployment skipIfRunning="false" suspendOnFault="false" tracingLevel="verbose">
               <rest>
                  <allowAnonymousAccess/>
               </rest>
            </deployment>
            <flow id="a">
               <start id="b">
                  <link id="ls0icu90" targetId="ls0icu8z"/>
               </start>
               <create id="ls0icu8z">
                  <title>Employee</title>
                  <entityName>app-SF-conn1:Employee__c</entityName>
                  <createInput>
                     <parameter name="Empid__c" source="field" updatable="true">input.Empid</parameter>
                     <parameter name="Ename__c" source="field" updatable="true">input.Ename</parameter>
                     <parameter name="Ephone__c" source="field" updatable="true">input.Ephone</parameter>
                  </createInput>
                  <link id="ls0icu9d" targetId="ls0icu9c"/>
               </create>
               <assignment id="ls0icu9c">
                  <title>Assignment to Status</title>
                  <operation source="formula" to="output.Status">
                     <expression language="XQuery">fn:concat("Account created successfully. The account ID is:",$output.CreatedEmployee__c.Empid__c  )</expression>
                  </operation>
                  <link id="ls0icu9e" targetId="c"/>
               </assignment>
               <end id="c"/>
            </flow>
         </process>
         <ns1:sample-data-sets xmlns:ns1="http://schemas.active-endpoints.com/appmodules/repository/2010/10/sampleData.xsd">
            <ns1:SampleData>
               <ns1:Id>d3f2bacb-7460-412d-8804-305758fcd847</ns1:Id>
               <ns1:Name>in1</ns1:Name>
               <ns1:CreatedBy>hariprasadj.in@mouritech.com.march</ns1:CreatedBy>
               <ns1:CreationDate>2024-03-04T09:16:23Z</ns1:CreationDate>
               <ns1:ModifiedBy>hariprasadj.in@mouritech.com.march</ns1:ModifiedBy>
               <ns1:ModificationDate>2024-03-25T10:40:31Z</ns1:ModificationDate>
               <ns1:Data format="json">{
	 "Empid": "3456",
	 "Ename": "Rama",
	 "Ephone": "7654345624"
}</ns1:Data>
            </ns1:SampleData>
         </ns1:sample-data-sets>
      </types1:Entry>
      <types1:GUID>8JbBUJNYgGAdE33ujFfG82</types1:GUID>
      <types1:DisplayName>Prc_salesforce_add records</types1:DisplayName>
   </types1:Item>
   <types1:CurrentServerDateTime>2024-04-02T04:24:35.646Z</types1:CurrentServerDateTime>
</aetgt:getResponse>
