<aetgt:getResponse xmlns:aetgt="http://schemas.active-endpoints.com/appmodules/repository/2010/10/avrepository.xsd"
                   xmlns:types1="http://schemas.active-endpoints.com/appmodules/repository/2010/10/avrepository.xsd">
   <types1:Item>
      <types1:EntryId>aaa-gt-4241495-2024-03-04T09:16:25.004Z::pd.xml</types1:EntryId>
      <types1:Name>Prc_xml_to_json1111</types1:Name>
      <types1:MimeType>application/xml+process</types1:MimeType>
      <types1:Description/>
      <types1:AppliesTo/>
      <types1:Tags>.anonymous</types1:Tags>
      <types1:VersionLabel>1.0</types1:VersionLabel>
      <types1:State>CURRENT</types1:State>
      <types1:ProcessGroup/>
      <types1:CreatedBy>hariprasadj.in@mouritech.com.march</types1:CreatedBy>
      <types1:CreationDate>2024-03-04T09:16:25Z</types1:CreationDate>
      <types1:ModifiedBy>hariprasadj.in@mouritech.com.march</types1:ModifiedBy>
      <types1:ModificationDate>2024-03-18T09:13:00Z</types1:ModificationDate>
      <types1:PublicationStatus>published</types1:PublicationStatus>
      <types1:PublishedBy>hariprasadj.in@mouritech.com.march</types1:PublishedBy>
      <types1:PublicationDate>2024-03-18T09:13:04Z</types1:PublicationDate>
      <types1:PublishedContributionId>project:/spi.Prc_xml_to_json1111/Prc_xml_to_json1111.pd.xml</types1:PublishedContributionId>
      <types1:AutosaveExists>false</types1:AutosaveExists>
      <types1:Entry>
         <process xmlns="http://schemas.active-endpoints.com/appmodules/screenflow/2010/10/avosScreenflow.xsd"
                  xmlns:tfm="http://schemas.active-endpoints.com/appmodules/screenflow/2021/04/taskflowModel.xsd"
                  xmlns:list="urn:activevos:spi:list:functions"
                  displayName="Prc_xml to json1111"
                  name="Prc_xml_to_json1111"
                  overrideAPIName="false">
            <parameterSet xmlns="http://schemas.active-endpoints.com/appmodules/screenflow/2021/04/taskflowModel.xsd"/>
            <appliesTo/>
            <description/>
            <tags>.anonymous</tags>
            <generator>Informatica Process Designer 11</generator>
            <output>
               <field description="" name="output" type="reference">
                  <options>
                     <option name="referenceTo">$po:$any</option>
                     <option name="required">false</option>
                     <option name="isCopy">true</option>
                  </options>
               </field>
            </output>
            <tempFields>
               <field description="" name="temp" type="xml">
                  <options>
                     <option name="required">false</option>
                     <option name="initialvalue">&lt;library&gt;   &lt;book&gt;     &lt;title&gt;Harry Potter and the Philosopher's Stone&lt;/title&gt;     &lt;author&gt;J.K. Rowling&lt;/author&gt;     &lt;genre&gt;Fantasy&lt;/genre&gt;     &lt;year&gt;1997&lt;/year&gt;   &lt;/book&gt;   &lt;book&gt;     &lt;title&gt;To Kill a Mockingbird&lt;/title&gt;     &lt;author&gt;Harper Lee&lt;/author&gt;     &lt;genre&gt;Novel&lt;/genre&gt;     &lt;year&gt;1960&lt;/year&gt;   &lt;/book&gt;   &lt;book&gt;     &lt;title&gt;The Great Gatsby&lt;/title&gt;     &lt;author&gt;F. Scott Fitzgerald&lt;/author&gt;     &lt;genre&gt;Classic&lt;/genre&gt;     &lt;year&gt;1925&lt;/year&gt;   &lt;/book&gt;   &lt;book&gt;     &lt;title&gt;The Catcher in the Rye&lt;/title&gt;     &lt;author&gt;J.D. Salinger&lt;/author&gt;     &lt;genre&gt;Novel&lt;/genre&gt;     &lt;year&gt;1951&lt;/year&gt;   &lt;/book&gt;   &lt;!-- Add more books as needed --&gt; &lt;/library&gt;</option>
                  </options>
               </field>
            </tempFields>
            <notes/>
            <deployment skipIfRunning="false" suspendOnFault="false" tracingLevel="none">
               <rest>
                  <allowAnonymousAccess/>
               </rest>
            </deployment>
            <flow id="a">
               <start id="b">
                  <link id="lsx0h4oc" targetId="lsx0h4ob"/>
               </start>
               <assignment id="lsx0h4ob">
                  <title>Assignment to output</title>
                  <operation source="formula" to="output.output">
                     <expression language="XQuery">util:toJSON($temp.temp )</expression>
                  </operation>
                  <link id="lsx0h4od" targetId="c"/>
               </assignment>
               <end id="c"/>
            </flow>
         </process>
      </types1:Entry>
      <types1:GUID>jXfO94PWXqSisgE9IH3DUb</types1:GUID>
      <types1:DisplayName>Prc_xml to json1111</types1:DisplayName>
   </types1:Item>
   <types1:CurrentServerDateTime>2024-04-02T04:24:35.677Z</types1:CurrentServerDateTime>
</aetgt:getResponse>
