<aetgt:getResponse xmlns:aetgt="http://schemas.active-endpoints.com/appmodules/repository/2010/10/avrepository.xsd"
                   xmlns:types1="http://schemas.active-endpoints.com/appmodules/repository/2010/10/avrepository.xsd">
   <types1:Item>
      <types1:EntryId>goE9paabdqpw0VP-gt-4149243-2024-03-04T09:16:26.111Z::pd.xml</types1:EntryId>
      <types1:Name>Prc_toxml</types1:Name>
      <types1:MimeType>application/xml+process</types1:MimeType>
      <types1:Description/>
      <types1:AppliesTo/>
      <types1:Tags>.anonymous</types1:Tags>
      <types1:VersionLabel>1.0</types1:VersionLabel>
      <types1:State>CURRENT</types1:State>
      <types1:ProcessGroup/>
      <types1:CreatedBy>hariprasadj.in@mouritech.com.march</types1:CreatedBy>
      <types1:CreationDate>2024-03-04T09:16:26Z</types1:CreationDate>
      <types1:ModifiedBy>hariprasadj.in@mouritech.com.march</types1:ModifiedBy>
      <types1:ModificationDate>2024-03-05T04:04:34Z</types1:ModificationDate>
      <types1:PublicationStatus>published</types1:PublicationStatus>
      <types1:PublishedBy>hariprasadj.in@mouritech.com.march</types1:PublishedBy>
      <types1:PublicationDate>2024-03-15T09:03:44Z</types1:PublicationDate>
      <types1:PublishedContributionId>project:/spi.Prc_toxml/Prc_toxml.pd.xml</types1:PublishedContributionId>
      <types1:AutosaveExists>false</types1:AutosaveExists>
      <types1:Entry>
         <process xmlns="http://schemas.active-endpoints.com/appmodules/screenflow/2010/10/avosScreenflow.xsd"
                  xmlns:tfm="http://schemas.active-endpoints.com/appmodules/screenflow/2021/04/taskflowModel.xsd"
                  xmlns:list="urn:activevos:spi:list:functions"
                  displayName="Prc_toxml"
                  name="Prc_toxml"
                  overrideAPIName="false">
            <parameterSet xmlns="http://schemas.active-endpoints.com/appmodules/screenflow/2021/04/taskflowModel.xsd"/>
            <appliesTo/>
            <description/>
            <tags>.anonymous</tags>
            <generator>Informatica Process Designer 11</generator>
            <output>
               <field description="" name="output" type="reference">
                  <options>
                     <option name="referenceTo">$po:$any</option>
                     <option name="required">false</option>
                     <option name="isCopy">true</option>
                  </options>
               </field>
            </output>
            <tempFields>
               <field description="" name="Temp_xml" type="reference">
                  <options>
                     <option name="referenceTo">$po:$any</option>
                     <option name="required">false</option>
                     <option name="initialvalue">&lt;emails&gt;   &lt;email&gt;     &lt;to&gt;Vimal&lt;/to&gt;     &lt;from&gt;Sonoo&lt;/from&gt;     &lt;heading&gt;Hello&lt;/heading&gt;     &lt;body&gt;Hello brother, how are you!&lt;/body&gt;   &lt;/email&gt;   &lt;email&gt;     &lt;to&gt;Peter&lt;/to&gt;     &lt;from&gt;Jack&lt;/from&gt;     &lt;heading&gt;Birth day wish&lt;/heading&gt;     &lt;body&gt;Happy birth day Tom!&lt;/body&gt;   &lt;/email&gt;   &lt;email&gt;     &lt;to&gt;James&lt;/to&gt;     &lt;from&gt;Jaclin&lt;/from&gt;     &lt;heading&gt;Morning walk&lt;/heading&gt;     &lt;body&gt;Please start morning walk to stay fit!&lt;/body&gt;   &lt;/email&gt;   &lt;email&gt;     &lt;to&gt;Kartik&lt;/to&gt;     &lt;from&gt;Kumar&lt;/from&gt;     &lt;heading&gt;Health Tips&lt;/heading&gt;     &lt;body&gt;Smoking is injurious to health!&lt;/body&gt;   &lt;/email&gt;   &lt;/emails&gt;  </option>
                     <option name="isCopy">true</option>
                  </options>
               </field>
            </tempFields>
            <notes/>
            <deployment skipIfRunning="false" suspendOnFault="false" tracingLevel="none">
               <rest>
                  <allowAnonymousAccess/>
               </rest>
            </deployment>
            <flow id="a">
               <start id="b">
                  <link id="lsx0w98p" targetId="lsx0w98o"/>
               </start>
               <assignment id="lsx0w98o">
                  <title>Assignment to output</title>
                  <operation source="formula" to="output.output">
                     <expression language="XQuery">util:toJSON($temp.Temp_xml )</expression>
                  </operation>
                  <link id="lsx0w98q" targetId="c"/>
               </assignment>
               <end id="c"/>
            </flow>
         </process>
      </types1:Entry>
      <types1:GUID>ksdIgApbqWcd8oxKPmajAb</types1:GUID>
      <types1:DisplayName>Prc_toxml</types1:DisplayName>
   </types1:Item>
   <types1:CurrentServerDateTime>2024-04-02T04:24:34.701Z</types1:CurrentServerDateTime>
</aetgt:getResponse>
