<aetgt:getResponse xmlns:aetgt="http://schemas.active-endpoints.com/appmodules/repository/2010/10/avrepository.xsd"
                   xmlns:types1="http://schemas.active-endpoints.com/appmodules/repository/2010/10/avrepository.xsd">
   <types1:Item>
      <types1:EntryId>uR55aaabdqpw0VP-gt-4149327-2024-03-04T09:16:32.7Z::pd.xml</types1:EntryId>
      <types1:Name>Pro-converting_JSON_to_XML</types1:Name>
      <types1:MimeType>application/xml+process</types1:MimeType>
      <types1:Description/>
      <types1:AppliesTo>AppConnection-JSONtoXML:FileWriteTask</types1:AppliesTo>
      <types1:Tags>.agent:MTLP-446</types1:Tags>
      <types1:VersionLabel>1.0</types1:VersionLabel>
      <types1:State>CURRENT</types1:State>
      <types1:ProcessGroup/>
      <types1:CreatedBy>hariprasadj.in@mouritech.com.march</types1:CreatedBy>
      <types1:CreationDate>2024-03-04T09:16:33Z</types1:CreationDate>
      <types1:ModifiedBy>hariprasadj.in@mouritech.com.march</types1:ModifiedBy>
      <types1:ModificationDate>2024-03-05T04:04:36Z</types1:ModificationDate>
      <types1:PublicationStatus>unpublished</types1:PublicationStatus>
      <types1:AutosaveExists>false</types1:AutosaveExists>
      <types1:Entry>
         <process xmlns="http://schemas.active-endpoints.com/appmodules/screenflow/2010/10/avosScreenflow.xsd"
                  xmlns:tfm="http://schemas.active-endpoints.com/appmodules/screenflow/2021/04/taskflowModel.xsd"
                  xmlns:list="urn:activevos:spi:list:functions"
                  displayName="Pro-converting JSON to XML"
                  name="Pro-converting_JSON_to_XML"
                  overrideAPIName="false">
            <parameterSet xmlns="http://schemas.active-endpoints.com/appmodules/screenflow/2021/04/taskflowModel.xsd"/>
            <appliesTo isCopy="true">AppConnection-JSONtoXML:FileWriteTask</appliesTo>
            <description/>
            <tags>.agent:MTLP-446</tags>
            <generator>Informatica Process Designer 11</generator>
            <input>
               <parameter description="" name="Xquerycode" type="string">
                  <options>
                     <option name="required">false</option>
                  </options>
               </parameter>
            </input>
            <output>
               <field description="" name="Data" type="reference">
                  <options>
                     <option name="referenceTo">AppConnection-JSONtoXML:FileWriteTask</option>
                     <option name="required">false</option>
                     <option name="isCopy">true</option>
                     <option name="guid">42arDYj1PiQjSq48SKYLmM</option>
                  </options>
               </field>
            </output>
            <tempFields>
               <field description="" name="Temp" type="string">
                  <options>
                     <option name="required">false</option>
                  </options>
               </field>
            </tempFields>
            <notes/>
            <deployment skipIfRunning="false" suspendOnFault="false" tracingLevel="none">
               <targetLocation>MTLP-446</targetLocation>
               <rest/>
            </deployment>
            <flow id="a">
               <start id="b">
                  <link id="lsu94zuq" targetId="lsu94zup"/>
               </start>
               <assignment id="lsu94zup">
                  <title>Assignment to File name, Xquerycode</title>
                  <operation source="constant" to="fileName">{$output.Data[1]/fileName}  </operation>
                  <operation source="formula" to="input.Xquerycode">
                     <expression language="XQuery">declare namespace map = "$format";
declare namespace array = "$content";

declare function local:json-to-xml($json as xs:string) as element() {
    let $parsed-json := json-doc($json)
    return local:convert($parsed-json)
};

declare function local:convert($json as item()) as element() {
    typeswitch($json)
        case $obj as map(*) return local:object-to-xml($obj)
        case $arr as array(*) return local:array-to-xml($arr)
        default return ()
};

declare function local:object-to-xml($obj as map(*)) as element() {
    &lt;object&gt; {
        for $key in map:keys($obj)
        let $value := $obj($key)
        return element { $key } { local:convert($value) }
    } &lt;/object&gt;
};

declare function local:array-to-xml($arr as array(*)) as element() {
    &lt;array&gt; {
        for $item in $arr
        return local:convert($item)
    } &lt;/array&gt;
};

let $json := fn:unparsed-text("D:\INFORMATICA\Hari\JSON Source\.done\sample4.json")
return local:json-to-xml($json)

    </expression>
                  </operation>
                  <link id="lsu94zv0" targetId="lsu94zuz"/>
               </assignment>
               <service id="lsu94zuz">
                  <title>FileWriter</title>
                  <serviceName>AppConnection-JSONtoXML:FileWriter</serviceName>
                  <serviceGUID>42arDYj1PiQjSq48SKYLmM</serviceGUID>
                  <serviceInput>
                     <parameter name="fileWriteTask" source="field" updatable="true">output.Data</parameter>
                     <parameter name="attachment" source="formula">
                        <expression language="XQuery">$input.Xquerycode </expression>
                     </parameter>
                  </serviceInput>
                  <link id="lsu94zv1" targetId="c"/>
               </service>
               <end id="c"/>
            </flow>
         </process>
      </types1:Entry>
      <types1:GUID>6TJgT20a7MFcOIhuxaaswY</types1:GUID>
      <types1:DisplayName>Pro-converting JSON to XML</types1:DisplayName>
   </types1:Item>
   <types1:CurrentServerDateTime>2024-04-02T04:24:36.285Z</types1:CurrentServerDateTime>
</aetgt:getResponse>
