<aetgt:getResponse xmlns:aetgt="http://schemas.active-endpoints.com/appmodules/repository/2010/10/avrepository.xsd"
                   xmlns:types1="http://schemas.active-endpoints.com/appmodules/repository/2010/10/avrepository.xsd">
   <types1:Item>
      <types1:EntryId>gk1AhrswVYx8R8W-gt-9103557-2024-03-19T05:17:56.108Z::pd.xml</types1:EntryId>
      <types1:Name>pro-filereader-filewriter</types1:Name>
      <types1:MimeType>application/xml+process</types1:MimeType>
      <types1:Description/>
      <types1:AppliesTo/>
      <types1:Tags>.agent:MTLP-446</types1:Tags>
      <types1:VersionLabel>1.0</types1:VersionLabel>
      <types1:State>CURRENT</types1:State>
      <types1:ProcessGroup/>
      <types1:CreatedBy>hariprasadj.in@mouritech.com.march</types1:CreatedBy>
      <types1:CreationDate>2024-03-19T05:17:56Z</types1:CreationDate>
      <types1:ModifiedBy>hariprasadj.in@mouritech.com.march</types1:ModifiedBy>
      <types1:ModificationDate>2024-03-19T07:26:59Z</types1:ModificationDate>
      <types1:PublicationStatus>out-of-date</types1:PublicationStatus>
      <types1:PublishedBy>hariprasadj.in@mouritech.com.march</types1:PublishedBy>
      <types1:PublicationDate>2024-03-19T07:26:05Z</types1:PublicationDate>
      <types1:PublishedContributionId>project:/spi.pro-filereader-filewriter/pro-filereader-filewriter.pd.xml</types1:PublishedContributionId>
      <types1:AutosaveExists>false</types1:AutosaveExists>
      <types1:Entry>
         <process xmlns="http://schemas.active-endpoints.com/appmodules/screenflow/2010/10/avosScreenflow.xsd"
                  xmlns:tfm="http://schemas.active-endpoints.com/appmodules/screenflow/2021/04/taskflowModel.xsd"
                  xmlns:list="urn:activevos:spi:list:functions"
                  displayName="pro-filereader-filewriter"
                  name="pro-filereader-filewriter"
                  overrideAPIName="false">
            <parameterSet xmlns="http://schemas.active-endpoints.com/appmodules/screenflow/2021/04/taskflowModel.xsd"/>
            <appliesTo/>
            <description/>
            <tags>.agent:MTLP-446</tags>
            <generator>Informatica Process Designer 11</generator>
            <input>
               <parameter description="" name="fileEvent" type="reference">
                  <options>
                     <option name="required">false</option>
                     <option name="referenceTo">FileConnectionForApplicationIntegration:FileInformation</option>
                     <option name="isCopy">true</option>
                     <option name="guid">iPwJkrtIj0IddQl7rJAxeM</option>
                  </options>
               </parameter>
            </input>
            <tempFields>
               <field description="" name="Log record" type="string">
                  <options>
                     <option name="required">false</option>
                  </options>
               </field>
               <field description="" name="Log write task" type="reference">
                  <options>
                     <option name="referenceTo">FileConnectionForApplicationIntegration:FileWriteTask</option>
                     <option name="required">false</option>
                     <option name="isCopy">true</option>
                     <option name="guid">iPwJkrtIj0IddQl7rJAxeM</option>
                  </options>
               </field>
            </tempFields>
            <notes/>
            <deployment skipIfRunning="false" suspendOnFault="false" tracingLevel="verbose">
               <targetLocation>MTLP-446</targetLocation>
               <event eventSource="FileConnectionForApplicationIntegration:FileMonitor"/>
            </deployment>
            <flow id="a">
               <start id="b">
                  <link id="ltxx0743" targetId="ltxx0742"/>
               </start>
               <assignment id="ltxx0742">
                  <title>Assignment to Log record, File name etc.</title>
                  <operation source="formula" to="temp.Log record">
                     <expression language="XQuery">concat( '[', current-dateTime(), ']: ', 'directory="', $input.fileEvent//dir/text(), '"; file name="', $input.fileEvent//fullName/text(), '"; file size="', $input.fileEvent//size/text(), ' bytes"; last modified="', $input.fileEvent//lastModified/text(), '";' )</expression>
                  </operation>
                  <operation source="formula" to="temp.Log write task[1]/fileName">
                     <expression language="XQuery">$input.fileEvent/fullName </expression>
                  </operation>
                  <operation source="field" to="temp.Log write task[1]/content">temp.Log record</operation>
                  <link id="ltxx074o" targetId="ltxx074n"/>
               </assignment>
               <service id="ltxx074n">
                  <title>FileWriter</title>
                  <serviceName>FileConnectionForApplicationIntegration:FileWriter</serviceName>
                  <serviceGUID>iPwJkrtIj0IddQl7rJAxeM</serviceGUID>
                  <serviceInput>
                     <parameter name="fileWriteTask" source="field" updatable="true">temp.Log write task</parameter>
                  </serviceInput>
                  <link id="ltxx074p" targetId="c"/>
               </service>
               <end id="c"/>
            </flow>
         </process>
         <ns1:sample-data-sets xmlns:ns1="http://schemas.active-endpoints.com/appmodules/repository/2010/10/sampleData.xsd">
            <ns1:SampleData>
               <ns1:Id>8c253e58-752a-43d2-aa1a-2f90a17ebe3b</ns1:Id>
               <ns1:Name>1</ns1:Name>
               <ns1:CreatedBy>hariprasadj.in@mouritech.com.march</ns1:CreatedBy>
               <ns1:CreationDate>2024-03-19T05:45:37Z</ns1:CreationDate>
               <ns1:ModifiedBy>hariprasadj.in@mouritech.com.march</ns1:ModifiedBy>
               <ns1:ModificationDate>2024-03-19T05:45:37Z</ns1:ModificationDate>
               <ns1:Data format="json">{
	 "fileEvent": {
	 	 "fullName": "",
	 	 "name": "",
	 	 "ext": "",
	 	 "path": "",
	 	 "dir": "",
	 	 "size": "",
	 	 "lastModified": ""
	 }
}</ns1:Data>
            </ns1:SampleData>
         </ns1:sample-data-sets>
      </types1:Entry>
      <types1:GUID>lDKt6HvJXw6lVYeg4wzTMJ</types1:GUID>
      <types1:DisplayName>pro-filereader-filewriter</types1:DisplayName>
   </types1:Item>
   <types1:CurrentServerDateTime>2024-04-02T04:24:36.111Z</types1:CurrentServerDateTime>
</aetgt:getResponse>
