<aetgt:getResponse xmlns:aetgt="http://schemas.active-endpoints.com/appmodules/repository/2010/10/avrepository.xsd"
                   xmlns:types1="http://schemas.active-endpoints.com/appmodules/repository/2010/10/avrepository.xsd">
   <types1:Item>
      <types1:EntryId>8s3FdpOfTRgpDqo-gt-4551143-2024-03-05T04:04:59.555Z::pd.xml</types1:EntryId>
      <types1:Name>Pro-JSON_to_XML_using_MCT</types1:Name>
      <types1:MimeType>application/xml+process</types1:MimeType>
      <types1:Description/>
      <types1:AppliesTo/>
      <types1:Tags>.anonymous</types1:Tags>
      <types1:VersionLabel>1.0</types1:VersionLabel>
      <types1:State>CURRENT</types1:State>
      <types1:ProcessGroup/>
      <types1:CreatedBy>hariprasadj.in@mouritech.com.march</types1:CreatedBy>
      <types1:CreationDate>2024-03-05T04:05:00Z</types1:CreationDate>
      <types1:ModifiedBy/>
      <types1:PublicationStatus>unpublished</types1:PublicationStatus>
      <types1:AutosaveExists>false</types1:AutosaveExists>
      <types1:Entry>
         <process xmlns="http://schemas.active-endpoints.com/appmodules/screenflow/2010/10/avosScreenflow.xsd"
                  xmlns:tfm="http://schemas.active-endpoints.com/appmodules/screenflow/2021/04/taskflowModel.xsd"
                  xmlns:list="urn:activevos:spi:list:functions"
                  displayName="Pro-JSON to XML using MCT"
                  name="Pro-JSON_to_XML_using_MCT"
                  overrideAPIName="false">
            <parameterSet xmlns="http://schemas.active-endpoints.com/appmodules/screenflow/2021/04/taskflowModel.xsd"/>
            <appliesTo/>
            <description/>
            <tags>.anonymous</tags>
            <generator>Informatica Process Designer 11</generator>
            <notes/>
            <deployment skipIfRunning="false" suspendOnFault="false" tracingLevel="none">
               <rest>
                  <allowAnonymousAccess/>
               </rest>
            </deployment>
            <flow id="a">
               <start id="b">
                  <link id="lsuanwr8" targetId="lsuanwr7"/>
               </start>
               <service id="lsuanwr7">
                  <title>Run Cloud Task</title>
                  <serviceName>ICSExecuteTask</serviceName>
                  <serviceGUID/>
                  <serviceInput>
                     <parameter name="Task Name" source="constant">MCT-JSON to XML [MCT]</parameter>
                     <parameter name="Wait for Task to Complete" source="constant">false</parameter>
                     <parameter name="Fail on Cloud Task Errors" source="constant">false</parameter>
                     <parameter name="GUID" source="constant">4M0ILxM657ahW6cCLaZruN</parameter>
                  </serviceInput>
                  <link id="lsuanwr9" targetId="c"/>
               </service>
               <end id="c"/>
            </flow>
         </process>
         <ns1:sample-data-sets xmlns:ns1="http://schemas.active-endpoints.com/appmodules/repository/2010/10/sampleData.xsd">
            <ns1:SampleData>
               <ns1:Id>2bc91735-297a-42ae-be8b-f3450e1ecfdd</ns1:Id>
               <ns1:Name>input</ns1:Name>
               <ns1:CreatedBy>hariprasadj.in@mouritech.com.march</ns1:CreatedBy>
               <ns1:CreationDate>2024-03-05T04:05:00Z</ns1:CreationDate>
               <ns1:ModifiedBy>hariprasadj.in@mouritech.com.march</ns1:ModifiedBy>
               <ns1:ModificationDate>2024-03-05T04:05:00Z</ns1:ModificationDate>
               <ns1:Data format="json">{}</ns1:Data>
            </ns1:SampleData>
         </ns1:sample-data-sets>
      </types1:Entry>
      <types1:GUID>7nXiedAHMF3kSweByzDGUI</types1:GUID>
      <types1:DisplayName>Pro-JSON to XML using MCT</types1:DisplayName>
   </types1:Item>
   <types1:CurrentServerDateTime>2024-04-02T04:24:43.583Z</types1:CurrentServerDateTime>
</aetgt:getResponse>
