<aetgt:getResponse xmlns:aetgt="http://schemas.active-endpoints.com/appmodules/repository/2010/10/avrepository.xsd"
                   xmlns:types1="http://schemas.active-endpoints.com/appmodules/repository/2010/10/avrepository.xsd">
   <types1:Item>
      <types1:EntryId>QcjoYsjqluQgabc-gt-4241654-2024-03-04T09:16:32.693Z::pd.xml</types1:EntryId>
      <types1:Name>Processmoveonlydotcsvfiles</types1:Name>
      <types1:MimeType>application/xml+process</types1:MimeType>
      <types1:Description/>
      <types1:AppliesTo/>
      <types1:Tags>.agent:MTLP-446</types1:Tags>
      <types1:VersionLabel>1.0</types1:VersionLabel>
      <types1:State>CURRENT</types1:State>
      <types1:ProcessGroup/>
      <types1:CreatedBy>hariprasadj.in@mouritech.com.march</types1:CreatedBy>
      <types1:CreationDate>2024-03-04T09:16:33Z</types1:CreationDate>
      <types1:ModifiedBy>hariprasadj.in@mouritech.com.march</types1:ModifiedBy>
      <types1:ModificationDate>2024-03-05T04:04:36Z</types1:ModificationDate>
      <types1:PublicationStatus>unpublished</types1:PublicationStatus>
      <types1:AutosaveExists>false</types1:AutosaveExists>
      <types1:Entry>
         <process xmlns="http://schemas.active-endpoints.com/appmodules/screenflow/2010/10/avosScreenflow.xsd"
                  xmlns:tfm="http://schemas.active-endpoints.com/appmodules/screenflow/2021/04/taskflowModel.xsd"
                  xmlns:list="urn:activevos:spi:list:functions"
                  displayName="Processmoveonlydotcsvfiles"
                  name="Processmoveonlydotcsvfiles"
                  overrideAPIName="false">
            <parameterSet xmlns="http://schemas.active-endpoints.com/appmodules/screenflow/2021/04/taskflowModel.xsd"/>
            <appliesTo/>
            <description/>
            <tags>.agent:MTLP-446</tags>
            <generator>Informatica Process Designer 11</generator>
            <input>
               <parameter description="" name="fileEvent" type="reference">
                  <options>
                     <option name="required">false</option>
                     <option name="referenceTo">AppConmoveonlydotcsvneww:PlainFileContent</option>
                     <option name="isCopy">true</option>
                     <option name="guid">4BoIX93jyeoe9iR2zoWAuU</option>
                  </options>
               </parameter>
            </input>
            <output>
               <field description="" name="File_name" type="string">
                  <options>
                     <option name="required">false</option>
                  </options>
               </field>
               <field description="" name="File_content" type="string">
                  <options>
                     <option name="required">false</option>
                  </options>
               </field>
            </output>
            <tempFields>
               <field description="" name="write" type="string">
                  <options>
                     <option name="required">false</option>
                  </options>
               </field>
            </tempFields>
            <notes/>
            <deployment skipIfRunning="false" suspendOnFault="false" tracingLevel="none">
               <targetLocation>MTLP-446</targetLocation>
               <event eventSource="AppConmoveonlydotcsvneww:FileParser"/>
            </deployment>
            <flow id="a">
               <start id="b">
                  <link id="lsslojt5" targetId="lsslojt4"/>
               </start>
               <assignment id="lsslojt4">
                  <title>Assignment 1</title>
                  <link id="lsslojt6" targetId="c"/>
               </assignment>
               <end id="c"/>
            </flow>
         </process>
      </types1:Entry>
      <types1:GUID>1YXhFx1V6ZRhJKItPV9oSl</types1:GUID>
      <types1:DisplayName>Processmoveonlydotcsvfiles</types1:DisplayName>
   </types1:Item>
   <types1:CurrentServerDateTime>2024-04-02T04:24:36.042Z</types1:CurrentServerDateTime>
</aetgt:getResponse>
