<aetgt:getResponse xmlns:aetgt="http://schemas.active-endpoints.com/appmodules/repository/2010/10/avrepository.xsd"
                   xmlns:types1="http://schemas.active-endpoints.com/appmodules/repository/2010/10/avrepository.xsd">
   <types1:Item>
      <types1:EntryId>ki2bfQnbf6riX2F-gt-4871256-2024-03-06T07:13:11.77Z::pd.xml</types1:EntryId>
      <types1:Name>Process13</types1:Name>
      <types1:MimeType>application/xml+process</types1:MimeType>
      <types1:Description/>
      <types1:AppliesTo/>
      <types1:Tags>.anonymous</types1:Tags>
      <types1:VersionLabel>1.0</types1:VersionLabel>
      <types1:State>CURRENT</types1:State>
      <types1:ProcessGroup/>
      <types1:CreatedBy>hariprasadj.in@mouritech.com.march</types1:CreatedBy>
      <types1:CreationDate>2024-03-06T07:13:12Z</types1:CreationDate>
      <types1:ModifiedBy>hariprasadj.in@mouritech.com.march</types1:ModifiedBy>
      <types1:ModificationDate>2024-03-06T07:23:51Z</types1:ModificationDate>
      <types1:PublicationStatus>published</types1:PublicationStatus>
      <types1:PublishedBy>hariprasadj.in@mouritech.com.march</types1:PublishedBy>
      <types1:PublicationDate>2024-03-06T07:23:53Z</types1:PublicationDate>
      <types1:PublishedContributionId>project:/spi.Process13/Process13.pd.xml</types1:PublishedContributionId>
      <types1:AutosaveExists>false</types1:AutosaveExists>
      <types1:Entry>
         <process xmlns="http://schemas.active-endpoints.com/appmodules/screenflow/2010/10/avosScreenflow.xsd"
                  xmlns:tfm="http://schemas.active-endpoints.com/appmodules/screenflow/2021/04/taskflowModel.xsd"
                  xmlns:list="urn:activevos:spi:list:functions"
                  displayName="Process13"
                  name="Process13"
                  overrideAPIName="false">
            <parameterSet xmlns="http://schemas.active-endpoints.com/appmodules/screenflow/2021/04/taskflowModel.xsd"/>
            <appliesTo/>
            <description/>
            <tags>.anonymous</tags>
            <generator>Informatica Process Designer 11</generator>
            <input>
               <parameter description="" name="input" type="reference">
                  <options>
                     <option name="referenceTo">$po:$any</option>
                     <option name="required">false</option>
                     <option name="isCopy">true</option>
                  </options>
               </parameter>
            </input>
            <output>
               <field description="" name="output" type="int">
                  <options>
                     <option name="required">false</option>
                  </options>
               </field>
            </output>
            <notes/>
            <deployment skipIfRunning="false" suspendOnFault="false" tracingLevel="none">
               <rest>
                  <allowAnonymousAccess/>
               </rest>
            </deployment>
            <flow id="a">
               <start id="b">
                  <link id="ltfgnk5g" targetId="ltfgnk5f"/>
               </start>
               <assignment id="ltfgnk5f">
                  <title>Assignment to input, output</title>
                  <operation source="formula" to="input.input">
                     <expression language="XQuery">&lt;records&gt;
    &lt;record&gt;
        &lt;id&gt;1&lt;/id&gt;
        &lt;name&gt;John Doe&lt;/name&gt;
        &lt;age&gt;30&lt;/age&gt;
        &lt;city&gt;New York&lt;/city&gt;
    &lt;/record&gt;
    &lt;record&gt;
        &lt;id&gt;2&lt;/id&gt;
        &lt;name&gt;Jane Smith&lt;/name&gt;
        &lt;age&gt;25&lt;/age&gt;
        &lt;city&gt;Los Angeles&lt;/city&gt;
    &lt;/record&gt;
    &lt;record&gt;
        &lt;id&gt;3&lt;/id&gt;
        &lt;name&gt;Michael Johnson&lt;/name&gt;
        &lt;age&gt;40&lt;/age&gt;
        &lt;city&gt;Chicago&lt;/city&gt;
    &lt;/record&gt;
    &lt;record&gt;
        &lt;id&gt;4&lt;/id&gt;
        &lt;name&gt;Emily Brown&lt;/name&gt;
        &lt;age&gt;35&lt;/age&gt;
        &lt;city&gt;Houston&lt;/city&gt;
    &lt;/record&gt;
    &lt;record&gt;
        &lt;id&gt;5&lt;/id&gt;
        &lt;name&gt;David Lee&lt;/name&gt;
        &lt;age&gt;28&lt;/age&gt;
        &lt;city&gt;Miami&lt;/city&gt;
    &lt;/record&gt;
    &lt;record&gt;
        &lt;id&gt;6&lt;/id&gt;
        &lt;name&gt;Sarah Wilson&lt;/name&gt;
        &lt;age&gt;33&lt;/age&gt;
        &lt;city&gt;Seattle&lt;/city&gt;
    &lt;/record&gt;
    &lt;record&gt;
        &lt;id&gt;7&lt;/id&gt;
        &lt;name&gt;Chris Martinez&lt;/name&gt;
        &lt;age&gt;45&lt;/age&gt;
        &lt;city&gt;San Francisco&lt;/city&gt;
    &lt;/record&gt;
    &lt;record&gt;
        &lt;id&gt;8&lt;/id&gt;
        &lt;name&gt;Amy Taylor&lt;/name&gt;
        &lt;age&gt;29&lt;/age&gt;
        &lt;city&gt;Boston&lt;/city&gt;
    &lt;/record&gt;
    &lt;record&gt;
        &lt;id&gt;9&lt;/id&gt;
        &lt;name&gt;Mark Anderson&lt;/name&gt;
        &lt;age&gt;38&lt;/age&gt;
        &lt;city&gt;Denver&lt;/city&gt;
    &lt;/record&gt;
    &lt;record&gt;
        &lt;id&gt;10&lt;/id&gt;
        &lt;name&gt;Lisa Davis&lt;/name&gt;
        &lt;age&gt;32&lt;/age&gt;
        &lt;city&gt;Atlanta&lt;/city&gt;
    &lt;/record&gt;
&lt;/records&gt;



</expression>
                  </operation>
                  <operation source="formula" to="output.output">
                     <expression language="XQuery">count($input.input/record )</expression>
                  </operation>
                  <link id="ltfgnk5h" targetId="c"/>
               </assignment>
               <end id="c"/>
            </flow>
         </process>
      </types1:Entry>
      <types1:GUID>3JO4T8eDZOqjx3pNFZGuio</types1:GUID>
      <types1:DisplayName>Process13</types1:DisplayName>
   </types1:Item>
   <types1:CurrentServerDateTime>2024-04-02T04:24:35.5Z</types1:CurrentServerDateTime>
</aetgt:getResponse>
