<aetgt:getResponse xmlns:aetgt="http://schemas.active-endpoints.com/appmodules/repository/2010/10/avrepository.xsd"
                   xmlns:types1="http://schemas.active-endpoints.com/appmodules/repository/2010/10/avrepository.xsd">
   <types1:Item>
      <types1:EntryId>pmmgaabclvAhrsw-gt-4149369-2024-03-04T09:16:33.249Z::pd.xml</types1:EntryId>
      <types1:Name>Processmtext</types1:Name>
      <types1:MimeType>application/xml+process</types1:MimeType>
      <types1:Description/>
      <types1:AppliesTo/>
      <types1:Tags>.agent:MTLP-446</types1:Tags>
      <types1:VersionLabel>1.0</types1:VersionLabel>
      <types1:State>CURRENT</types1:State>
      <types1:ProcessGroup/>
      <types1:CreatedBy>hariprasadj.in@mouritech.com.march</types1:CreatedBy>
      <types1:CreationDate>2024-03-04T09:16:33Z</types1:CreationDate>
      <types1:ModifiedBy>hariprasadj.in@mouritech.com.march</types1:ModifiedBy>
      <types1:ModificationDate>2024-03-05T04:04:37Z</types1:ModificationDate>
      <types1:PublicationStatus>unpublished</types1:PublicationStatus>
      <types1:AutosaveExists>false</types1:AutosaveExists>
      <types1:Entry>
         <process xmlns="http://schemas.active-endpoints.com/appmodules/screenflow/2010/10/avosScreenflow.xsd"
                  xmlns:tfm="http://schemas.active-endpoints.com/appmodules/screenflow/2021/04/taskflowModel.xsd"
                  xmlns:list="urn:activevos:spi:list:functions"
                  displayName="Processmtext"
                  name="Processmtext"
                  overrideAPIName="false">
            <parameterSet xmlns="http://schemas.active-endpoints.com/appmodules/screenflow/2021/04/taskflowModel.xsd"/>
            <appliesTo/>
            <description/>
            <tags>.agent:MTLP-446</tags>
            <generator>Informatica Process Designer 11</generator>
            <input>
               <parameter description="" name="fileEvent" type="reference">
                  <options>
                     <option name="required">false</option>
                     <option name="referenceTo">AppConnection6-1:PlainFileContent</option>
                     <option name="isCopy">true</option>
                     <option name="guid">1qy6uXjli8LdYJpVT5ZvG5</option>
                  </options>
               </parameter>
            </input>
            <output>
               <field description="" name="Filename" type="string">
                  <options>
                     <option name="required">false</option>
                  </options>
               </field>
               <field description="" name="Filecomtent" type="boolean">
                  <options>
                     <option name="defaultvalue">false</option>
                     <option name="boolean_show_as">checkbox</option>
                     <option name="required">false</option>
                  </options>
               </field>
               <field description="" name="Extension" type="boolean">
                  <options>
                     <option name="defaultvalue">false</option>
                     <option name="boolean_show_as">checkbox</option>
                     <option name="required">false</option>
                  </options>
               </field>
            </output>
            <tempFields>
               <field description="" name="temp field" type="reference">
                  <options>
                     <option name="referenceTo">AppConnection6-1:FileWriteTask</option>
                     <option name="required">false</option>
                     <option name="isCopy">true</option>
                     <option name="guid">1qy6uXjli8LdYJpVT5ZvG5</option>
                  </options>
               </field>
            </tempFields>
            <notes/>
            <deployment skipIfRunning="false" suspendOnFault="false" tracingLevel="none">
               <targetLocation>MTLP-446</targetLocation>
               <event eventSource="AppConnection6-1:FileParser"/>
            </deployment>
            <flow id="a">
               <start id="b">
                  <link id="lst5ygbx" targetId="lst5ygbw"/>
               </start>
               <service id="lst5ygbw">
                  <title>FileWriter</title>
                  <serviceName>AppConnection6-1:FileWriter</serviceName>
                  <serviceGUID>1qy6uXjli8LdYJpVT5ZvG5</serviceGUID>
                  <serviceInput>
                     <parameter name="fileWriteTask" source="field" updatable="true">temp.temp field</parameter>
                  </serviceInput>
                  <link id="lst5ygc5" targetId="lst5ygc4"/>
               </service>
               <assignment id="lst5ygc4">
                  <title>Assignment to Filename, Filecomtent etc.</title>
                  <operation source="field" to="output.Filename">output.fileInfo[1]/name</operation>
                  <operation source="field" to="output.Filecomtent">output.Filecomtent</operation>
                  <operation source="field" to="output.Extension">output.Extension</operation>
                  <link id="lst5ygc6" targetId="c"/>
               </assignment>
               <end id="c"/>
            </flow>
         </process>
      </types1:Entry>
      <types1:GUID>4G5RxCtiinMb4aok1Bl8ch</types1:GUID>
      <types1:DisplayName>Processmtext</types1:DisplayName>
   </types1:Item>
   <types1:CurrentServerDateTime>2024-04-02T04:24:36.025Z</types1:CurrentServerDateTime>
</aetgt:getResponse>
