<aetgt:getResponse xmlns:aetgt="http://schemas.active-endpoints.com/appmodules/repository/2010/10/avrepository.xsd"
                   xmlns:types1="http://schemas.active-endpoints.com/appmodules/repository/2010/10/avrepository.xsd">
   <types1:Item>
      <types1:EntryId>IKchzt1Y6tMFygl-gt-4241538-2024-03-04T09:16:25.553Z::pd.xml</types1:EntryId>
      <types1:Name>Process2-1</types1:Name>
      <types1:MimeType>application/xml+process</types1:MimeType>
      <types1:Description/>
      <types1:AppliesTo/>
      <types1:Tags>.anonymous</types1:Tags>
      <types1:VersionLabel>1.0</types1:VersionLabel>
      <types1:State>CURRENT</types1:State>
      <types1:ProcessGroup/>
      <types1:CreatedBy>hariprasadj.in@mouritech.com.march</types1:CreatedBy>
      <types1:CreationDate>2024-03-04T09:16:26Z</types1:CreationDate>
      <types1:ModifiedBy>hariprasadj.in@mouritech.com.march</types1:ModifiedBy>
      <types1:ModificationDate>2024-03-25T10:40:31Z</types1:ModificationDate>
      <types1:PublicationStatus>unpublished</types1:PublicationStatus>
      <types1:AutosaveExists>false</types1:AutosaveExists>
      <types1:Entry>
         <process xmlns="http://schemas.active-endpoints.com/appmodules/screenflow/2010/10/avosScreenflow.xsd"
                  xmlns:tfm="http://schemas.active-endpoints.com/appmodules/screenflow/2021/04/taskflowModel.xsd"
                  xmlns:list="urn:activevos:spi:list:functions"
                  displayName="Process2"
                  name="Process2-1"
                  overrideAPIName="false">
            <parameterSet xmlns="http://schemas.active-endpoints.com/appmodules/screenflow/2021/04/taskflowModel.xsd"/>
            <appliesTo/>
            <description/>
            <tags>.anonymous</tags>
            <generator>Informatica Process Designer 11</generator>
            <input>
               <parameter description="" name="input" type="string">
                  <options>
                     <option name="required">false</option>
                  </options>
               </parameter>
            </input>
            <output>
               <field description="" name="output" type="string">
                  <options>
                     <option name="required">false</option>
                  </options>
               </field>
            </output>
            <notes/>
            <deployment skipIfRunning="false" suspendOnFault="false" tracingLevel="verbose">
               <rest>
                  <allowAnonymousAccess/>
               </rest>
            </deployment>
            <flow id="a">
               <start id="b">
                  <link id="lrk8ov2g" targetId="lrk8ov2f"/>
               </start>
               <assignment id="lrk8ov2f">
                  <title>Assignment to output</title>
                  <operation source="field" to="output.output">input.input</operation>
                  <link id="lrk8ov2l" targetId="lrk8ov2k"/>
               </assignment>
               <container id="lrk8ov2k" type="exclusive">
                  <title>output</title>
                  <flow id="lrk8ov2o">
                     <assignment id="lrk8ov2y">
                        <title>Assignment to output</title>
                        <operation source="field" to="output.output">input.input</operation>
                     </assignment>
                     <link id="lrk8ov2p" targetId="lrk8ov2k" type="containerLink"/>
                  </flow>
                  <flow id="lrk8ov2r">
                     <assignment id="lrk8ov33">
                        <title>Assignment to output</title>
                        <operation source="field" to="output.output">input.input</operation>
                     </assignment>
                     <link id="lrk8ov2s" targetId="lrk8ov2k" type="containerLink"/>
                  </flow>
                  <link id="lrk8ov2n" targetId="lrk8ov2o" type="containerLink">
                     <condition source="formula">
                        <function name="string-equals">
                           <arg name="left">{$output.output}</arg>
                           <arg name="right">1</arg>
                        </function>
                     </condition>
                  </link>
                  <link id="lrk8ov2q" targetId="lrk8ov2r" type="containerLink"/>
                  <link id="lrk8ov2m" targetId="c"/>
               </container>
               <end id="c"/>
            </flow>
         </process>
         <ns1:sample-data-sets xmlns:ns1="http://schemas.active-endpoints.com/appmodules/repository/2010/10/sampleData.xsd">
            <ns1:SampleData>
               <ns1:Id>4f19cbad-f0dd-4743-8e68-6428b4e49546</ns1:Id>
               <ns1:Name>input1</ns1:Name>
               <ns1:CreatedBy>hariprasadj.in@mouritech.com.march</ns1:CreatedBy>
               <ns1:CreationDate>2024-03-04T09:16:26Z</ns1:CreationDate>
               <ns1:ModifiedBy>hariprasadj.in@mouritech.com.march</ns1:ModifiedBy>
               <ns1:ModificationDate>2024-03-25T10:40:31Z</ns1:ModificationDate>
               <ns1:Data format="json">{
	 "input": "1"
}</ns1:Data>
            </ns1:SampleData>
         </ns1:sample-data-sets>
      </types1:Entry>
      <types1:GUID>9RcQEf50bCDhtFOcgTJfms</types1:GUID>
      <types1:DisplayName>Process2</types1:DisplayName>
   </types1:Item>
   <types1:CurrentServerDateTime>2024-04-02T04:24:35.228Z</types1:CurrentServerDateTime>
</aetgt:getResponse>
