<aetgt:getResponse xmlns:aetgt="http://schemas.active-endpoints.com/appmodules/repository/2010/10/avrepository.xsd"
                   xmlns:types1="http://schemas.active-endpoints.com/appmodules/repository/2010/10/avrepository.xsd">
   <types1:Item>
      <types1:EntryId>fT8SOlA1vyoY2G7-gt-4621444-2024-03-05T10:18:30.086Z::pd.xml</types1:EntryId>
      <types1:Name>Process10</types1:Name>
      <types1:MimeType>application/xml+process</types1:MimeType>
      <types1:Description/>
      <types1:AppliesTo/>
      <types1:Tags/>
      <types1:VersionLabel>1.0</types1:VersionLabel>
      <types1:State>CURRENT</types1:State>
      <types1:ProcessGroup/>
      <types1:CreatedBy>hariprasadj.in@mouritech.com.march</types1:CreatedBy>
      <types1:CreationDate>2024-03-05T10:18:30Z</types1:CreationDate>
      <types1:ModifiedBy/>
      <types1:PublicationStatus>unpublished</types1:PublicationStatus>
      <types1:AutosaveExists>false</types1:AutosaveExists>
      <types1:Entry>
         <process xmlns="http://schemas.active-endpoints.com/appmodules/screenflow/2010/10/avosScreenflow.xsd"
                  xmlns:tfm="http://schemas.active-endpoints.com/appmodules/screenflow/2021/04/taskflowModel.xsd"
                  xmlns:list="urn:activevos:spi:list:functions"
                  displayName="Process10"
                  name="Process10"
                  overrideAPIName="false">
            <parameterSet xmlns="http://schemas.active-endpoints.com/appmodules/screenflow/2021/04/taskflowModel.xsd"/>
            <appliesTo/>
            <description/>
            <tags/>
            <generator>Informatica Process Designer 11</generator>
            <input>
               <parameter description="" name="input1" type="int">
                  <options>
                     <option name="required">false</option>
                  </options>
               </parameter>
               <parameter description="" name="input2" type="int">
                  <options>
                     <option name="required">false</option>
                  </options>
               </parameter>
            </input>
            <output>
               <field description="" name="sum" type="int">
                  <options>
                     <option name="required">false</option>
                  </options>
               </field>
            </output>
            <tempFields>
               <field description="" name="Temp" type="string">
                  <options>
                     <option name="required">false</option>
                  </options>
               </field>
            </tempFields>
            <notes/>
            <deployment skipIfRunning="false" suspendOnFault="false" tracingLevel="none">
               <rest/>
            </deployment>
            <flow id="a">
               <start id="b">
                  <link id="lte4y2ue" targetId="lte4y2ud"/>
               </start>
               <assignment id="lte4y2ud">
                  <title>Assignment to Temp</title>
                  <operation source="formula" to="temp.Temp">
                     <expression language="XQuery">declare function local:add($num1 as xs:integer, $num2 as xs:integer) as xs:integer {
  $num1 + $num2
};

let $number1 := $input.input1 
let $number2 := $input.input2 
let $result := local:add($number1, $number2)
return $result
</expression>
                  </operation>
                  <link id="lte4y2ux" targetId="c"/>
               </assignment>
               <end id="c"/>
            </flow>
         </process>
      </types1:Entry>
      <types1:GUID>1MUjGcGTX6IlIWuHvvX0IP</types1:GUID>
      <types1:DisplayName>Process10</types1:DisplayName>
   </types1:Item>
   <types1:CurrentServerDateTime>2024-04-02T04:24:35.626Z</types1:CurrentServerDateTime>
</aetgt:getResponse>
