<aetgt:getResponse xmlns:aetgt="http://schemas.active-endpoints.com/appmodules/repository/2010/10/avrepository.xsd"
                   xmlns:types1="http://schemas.active-endpoints.com/appmodules/repository/2010/10/avrepository.xsd">
   <types1:Item>
      <types1:EntryId>6nCmp6oIuQaaabc-gt-8765269-2024-03-18T08:55:49.28Z::pd.xml</types1:EntryId>
      <types1:Name>Process21</types1:Name>
      <types1:MimeType>application/xml+process</types1:MimeType>
      <types1:Description/>
      <types1:AppliesTo/>
      <types1:Tags>.anonymous</types1:Tags>
      <types1:VersionLabel>1.0</types1:VersionLabel>
      <types1:State>CURRENT</types1:State>
      <types1:ProcessGroup/>
      <types1:CreatedBy>hariprasadj.in@mouritech.com.march</types1:CreatedBy>
      <types1:CreationDate>2024-03-18T08:55:49Z</types1:CreationDate>
      <types1:ModifiedBy/>
      <types1:PublicationStatus>published</types1:PublicationStatus>
      <types1:PublishedBy>hariprasadj.in@mouritech.com.march</types1:PublishedBy>
      <types1:PublicationDate>2024-03-18T08:55:52Z</types1:PublicationDate>
      <types1:PublishedContributionId>project:/spi.Process21/Process21.pd.xml</types1:PublishedContributionId>
      <types1:AutosaveExists>false</types1:AutosaveExists>
      <types1:Entry>
         <process xmlns="http://schemas.active-endpoints.com/appmodules/screenflow/2010/10/avosScreenflow.xsd"
                  xmlns:tfm="http://schemas.active-endpoints.com/appmodules/screenflow/2021/04/taskflowModel.xsd"
                  xmlns:list="urn:activevos:spi:list:functions"
                  displayName="Process21"
                  name="Process21"
                  overrideAPIName="false">
            <parameterSet xmlns="http://schemas.active-endpoints.com/appmodules/screenflow/2021/04/taskflowModel.xsd"/>
            <appliesTo/>
            <description/>
            <tags>.anonymous</tags>
            <generator>Informatica Process Designer 11</generator>
            <output>
               <field description="" name="output" type="reference">
                  <options>
                     <option name="referenceTo">$po:$any</option>
                     <option name="required">false</option>
                     <option name="isCopy">true</option>
                  </options>
               </field>
            </output>
            <notes/>
            <deployment skipIfRunning="false" suspendOnFault="false" tracingLevel="none">
               <rest>
                  <allowAnonymousAccess/>
               </rest>
            </deployment>
            <flow id="a">
               <start id="b">
                  <link id="ltwpl6az" targetId="ltwpl6ay"/>
               </start>
               <assignment id="ltwpl6ay">
                  <title>Assignment to output</title>
                  <operation source="formula" to="output.output">
                     <expression language="XQuery">let $xml :=
&lt;library&gt;
  &lt;book&gt;
    &lt;title&gt;Harry Potter and the Philosopher's Stone&lt;/title&gt;
    &lt;author&gt;J.K. Rowling&lt;/author&gt;
    &lt;genre&gt;Fantasy&lt;/genre&gt;
    &lt;year&gt;1997&lt;/year&gt;
  &lt;/book&gt;
  &lt;book&gt;
    &lt;title&gt;To Kill a Mockingbird&lt;/title&gt;
    &lt;author&gt;Harper Lee&lt;/author&gt;
    &lt;genre&gt;Novel&lt;/genre&gt;
    &lt;year&gt;1960&lt;/year&gt;
  &lt;/book&gt;
  &lt;book&gt;
    &lt;title&gt;The Great Gatsby&lt;/title&gt;
    &lt;author&gt;F. Scott Fitzgerald&lt;/author&gt;
    &lt;genre&gt;Classic&lt;/genre&gt;
    &lt;year&gt;1925&lt;/year&gt;
  &lt;/book&gt;
&lt;/library&gt;

let $books := $xml/book
return
  array {
    for $book in $books
    return
      map {
        "title": string($book/title),
        "author": string($book/author),
        "genre": string($book/genre),
        "year": xs:integer($book/year)
      }
  }
</expression>
                  </operation>
                  <link id="ltwpl6b0" targetId="c"/>
               </assignment>
               <end id="c"/>
            </flow>
         </process>
      </types1:Entry>
      <types1:GUID>7RThFdZoXz2bIsJt6dXIsH</types1:GUID>
      <types1:DisplayName>Process21</types1:DisplayName>
   </types1:Item>
   <types1:CurrentServerDateTime>2024-04-02T04:24:34.591Z</types1:CurrentServerDateTime>
</aetgt:getResponse>
