<aetgt:getResponse xmlns:aetgt="http://schemas.active-endpoints.com/appmodules/repository/2010/10/avrepository.xsd"
                   xmlns:types1="http://schemas.active-endpoints.com/appmodules/repository/2010/10/avrepository.xsd">
   <types1:Item>
      <types1:EntryId>lAXhNUdyOoMdtlI-gt-7553909-2024-03-14T10:33:18.185Z::pd.xml</types1:EntryId>
      <types1:Name>Process_object_as_input</types1:Name>
      <types1:MimeType>application/xml+process</types1:MimeType>
      <types1:Description/>
      <types1:AppliesTo/>
      <types1:Tags>.anonymous</types1:Tags>
      <types1:VersionLabel>1.0</types1:VersionLabel>
      <types1:State>CURRENT</types1:State>
      <types1:ProcessGroup/>
      <types1:CreatedBy>hariprasadj.in@mouritech.com.march</types1:CreatedBy>
      <types1:CreationDate>2024-03-14T10:33:18Z</types1:CreationDate>
      <types1:ModifiedBy/>
      <types1:PublicationStatus>published</types1:PublicationStatus>
      <types1:PublishedBy>hariprasadj.in@mouritech.com.march</types1:PublishedBy>
      <types1:PublicationDate>2024-03-14T10:34:03Z</types1:PublicationDate>
      <types1:PublishedContributionId>project:/spi.Process_object_as_input/Process_object_as_input.pd.xml</types1:PublishedContributionId>
      <types1:AutosaveExists>false</types1:AutosaveExists>
      <types1:Entry>
         <process xmlns="http://schemas.active-endpoints.com/appmodules/screenflow/2010/10/avosScreenflow.xsd"
                  xmlns:tfm="http://schemas.active-endpoints.com/appmodules/screenflow/2021/04/taskflowModel.xsd"
                  xmlns:list="urn:activevos:spi:list:functions"
                  displayName="Process object as input"
                  name="Process_object_as_input"
                  overrideAPIName="false">
            <parameterSet xmlns="http://schemas.active-endpoints.com/appmodules/screenflow/2021/04/taskflowModel.xsd"/>
            <appliesTo/>
            <description/>
            <tags>.anonymous</tags>
            <generator>Informatica Process Designer 11</generator>
            <input>
               <parameter description="" name="customerin" type="reference">
                  <options>
                     <option name="referenceTo">$po:customerinformation</option>
                     <option name="required">false</option>
                     <option name="isCopy">true</option>
                     <option name="guid">at4M9U6beAglaRW3dnOtqC</option>
                  </options>
               </parameter>
            </input>
            <output>
               <field description="" name="customeridoutput" type="string">
                  <options>
                     <option name="required">false</option>
                  </options>
               </field>
               <field description="" name="customerfullname" type="string">
                  <options>
                     <option name="required">false</option>
                  </options>
               </field>
               <field description="" name="customerphoneoutput" type="string">
                  <options>
                     <option name="required">false</option>
                  </options>
               </field>
            </output>
            <notes/>
            <deployment skipIfRunning="false" suspendOnFault="false" tracingLevel="none">
               <rest>
                  <allowAnonymousAccess/>
               </rest>
            </deployment>
            <flow id="a">
               <start id="b">
                  <link id="ltr32qfw" targetId="ltr32qfv"/>
               </start>
               <assignment id="ltr32qfv">
                  <title>Assign output</title>
                  <operation source="field" to="output.customeridoutput">input.customerin[1]/Customerid</operation>
                  <operation source="formula" to="output.customerfullname">
                     <expression language="XQuery">fn:concat($input.customerin[1]/customerfirstname , $input.customerin[1]/customerlastname )</expression>
                  </operation>
                  <operation source="field" to="output.customerphoneoutput">input.customerin[1]/customerphone</operation>
                  <link id="ltr32qfx" targetId="c"/>
               </assignment>
               <end id="c"/>
            </flow>
         </process>
         <ns1:sample-data-sets xmlns:ns1="http://schemas.active-endpoints.com/appmodules/repository/2010/10/sampleData.xsd">
            <ns1:SampleData>
               <ns1:Id>7a7d1dbf-085b-4fa7-a8ca-38b5c813f21d</ns1:Id>
               <ns1:Name>in1</ns1:Name>
               <ns1:CreatedBy>hariprasadj.in@mouritech.com.march</ns1:CreatedBy>
               <ns1:CreationDate>2024-03-14T10:38:26Z</ns1:CreationDate>
               <ns1:ModifiedBy>hariprasadj.in@mouritech.com.march</ns1:ModifiedBy>
               <ns1:ModificationDate>2024-03-14T10:38:26Z</ns1:ModificationDate>
               <ns1:Data format="json">{
	 "customerin": {
	 	 "Customerid": "123",
	 	 "customerfirstname": "hari",
	 	 "customerlastname": "prasad",
	 	 "customerphone": "6785676789"
	 }
}</ns1:Data>
            </ns1:SampleData>
         </ns1:sample-data-sets>
      </types1:Entry>
      <types1:GUID>lb373FEARaEkGFWjChsv0z</types1:GUID>
      <types1:DisplayName>Process object as input</types1:DisplayName>
   </types1:Item>
   <types1:CurrentServerDateTime>2024-04-02T04:24:36.228Z</types1:CurrentServerDateTime>
</aetgt:getResponse>
