<aetgt:getResponse xmlns:aetgt="http://schemas.active-endpoints.com/appmodules/repository/2010/10/avrepository.xsd"
                   xmlns:types1="http://schemas.active-endpoints.com/appmodules/repository/2010/10/avrepository.xsd">
   <types1:Item>
      <types1:EntryId>5T3jFIMeINciZBp-gt-4149167-2024-03-04T09:16:23.915Z::pd.xml</types1:EntryId>
      <types1:Name>Process_xml_to_json</types1:Name>
      <types1:MimeType>application/xml+process</types1:MimeType>
      <types1:Description/>
      <types1:AppliesTo/>
      <types1:Tags>.anonymous</types1:Tags>
      <types1:VersionLabel>1.0</types1:VersionLabel>
      <types1:State>CURRENT</types1:State>
      <types1:ProcessGroup/>
      <types1:CreatedBy>hariprasadj.in@mouritech.com.march</types1:CreatedBy>
      <types1:CreationDate>2024-03-04T09:16:24Z</types1:CreationDate>
      <types1:ModifiedBy>hariprasadj.in@mouritech.com.march</types1:ModifiedBy>
      <types1:ModificationDate>2024-03-14T09:01:35Z</types1:ModificationDate>
      <types1:PublicationStatus>published</types1:PublicationStatus>
      <types1:PublishedBy>hariprasadj.in@mouritech.com.march</types1:PublishedBy>
      <types1:PublicationDate>2024-03-14T09:01:52Z</types1:PublicationDate>
      <types1:PublishedContributionId>project:/spi.Process_xml_to_json/Process_xml_to_json.pd.xml</types1:PublishedContributionId>
      <types1:AutosaveExists>false</types1:AutosaveExists>
      <types1:Entry>
         <process xmlns="http://schemas.active-endpoints.com/appmodules/screenflow/2010/10/avosScreenflow.xsd"
                  xmlns:tfm="http://schemas.active-endpoints.com/appmodules/screenflow/2021/04/taskflowModel.xsd"
                  xmlns:list="urn:activevos:spi:list:functions"
                  displayName="Process xml to json"
                  name="Process_xml_to_json"
                  overrideAPIName="false">
            <parameterSet xmlns="http://schemas.active-endpoints.com/appmodules/screenflow/2021/04/taskflowModel.xsd"/>
            <appliesTo/>
            <description/>
            <tags>.anonymous</tags>
            <generator>Informatica Process Designer 11</generator>
            <output>
               <field description="" name="Output_json" type="reference">
                  <options>
                     <option name="referenceTo">$po:$any</option>
                     <option name="required">false</option>
                     <option name="isCopy">true</option>
                     <option name="guid"/>
                  </options>
               </field>
            </output>
            <tempFields>
               <field description="" name="temp_xml" type="reference">
                  <options>
                     <option name="referenceTo">$po:$any</option>
                     <option name="required">false</option>
                     <option name="isCopy">true</option>
                     <option name="guid"/>
                  </options>
               </field>
            </tempFields>
            <notes/>
            <deployment skipIfRunning="false" suspendOnFault="false" tracingLevel="none">
               <rest>
                  <allowAnonymousAccess/>
               </rest>
            </deployment>
            <flow id="a">
               <start id="b">
                  <link id="lsujx4i5" targetId="lsujx4i4"/>
               </start>
               <assignment id="lsujx4i4">
                  <title>Assignment to temp_json, Output_xml</title>
                  <operation source="formula" to="temp.temp_xml">
                     <expression language="XQuery">&lt;records&gt;
  &lt;record&gt;
    &lt;id&gt;1&lt;/id&gt;
    &lt;name&gt;Alice&lt;/name&gt;
    &lt;age&gt;25&lt;/age&gt;
    &lt;city&gt;New York&lt;/city&gt;
  &lt;/record&gt;
  &lt;record&gt;
    &lt;id&gt;2&lt;/id&gt;
    &lt;name&gt;Bob&lt;/name&gt;
    &lt;age&gt;30&lt;/age&gt;
    &lt;city&gt;Los Angeles&lt;/city&gt;
  &lt;/record&gt;
  &lt;record&gt;
    &lt;id&gt;3&lt;/id&gt;
    &lt;name&gt;Charlie&lt;/name&gt;
    &lt;age&gt;40&lt;/age&gt;
    &lt;city&gt;Chicago&lt;/city&gt;
  &lt;/record&gt;
  &lt;record&gt;
    &lt;id&gt;4&lt;/id&gt;
    &lt;name&gt;Diana&lt;/name&gt;
    &lt;age&gt;35&lt;/age&gt;
    &lt;city&gt;Houston&lt;/city&gt;
  &lt;/record&gt;
  &lt;record&gt;
    &lt;id&gt;5&lt;/id&gt;
    &lt;name&gt;Ethan&lt;/name&gt;
    &lt;age&gt;28&lt;/age&gt;
    &lt;city&gt;Miami&lt;/city&gt;
  &lt;/record&gt;
  &lt;record&gt;
    &lt;id&gt;6&lt;/id&gt;
    &lt;name&gt;Fiona&lt;/name&gt;
    &lt;age&gt;32&lt;/age&gt;
    &lt;city&gt;Seattle&lt;/city&gt;
  &lt;/record&gt;
  &lt;record&gt;
    &lt;id&gt;7&lt;/id&gt;
    &lt;name&gt;George&lt;/name&gt;
    &lt;age&gt;45&lt;/age&gt;
    &lt;city&gt;San Francisco&lt;/city&gt;
  &lt;/record&gt;
  &lt;record&gt;
    &lt;id&gt;8&lt;/id&gt;
    &lt;name&gt;Hannah&lt;/name&gt;
    &lt;age&gt;27&lt;/age&gt;
    &lt;city&gt;Denver&lt;/city&gt;
  &lt;/record&gt;
  &lt;record&gt;
    &lt;id&gt;9&lt;/id&gt;
    &lt;name&gt;Ian&lt;/name&gt;
    &lt;age&gt;33&lt;/age&gt;
    &lt;city&gt;Phoenix&lt;/city&gt;
  &lt;/record&gt;
  &lt;record&gt;
    &lt;id&gt;10&lt;/id&gt;
    &lt;name&gt;Jane&lt;/name&gt;
    &lt;age&gt;29&lt;/age&gt;
    &lt;city&gt;Atlanta&lt;/city&gt;
  &lt;/record&gt;
&lt;/records&gt;
</expression>
                  </operation>
                  <operation source="formula" to="output.Output_json">
                     <expression language="XQuery">util:toJSON($temp.temp_xml ) </expression>
                  </operation>
                  <link id="lsujx4i6" targetId="c"/>
               </assignment>
               <end id="c"/>
            </flow>
         </process>
      </types1:Entry>
      <types1:GUID>96sUQMO4De5jmEVptByqcV</types1:GUID>
      <types1:DisplayName>Process xml to json</types1:DisplayName>
   </types1:Item>
   <types1:CurrentServerDateTime>2024-04-02T04:24:34.725Z</types1:CurrentServerDateTime>
</aetgt:getResponse>
