<aetgt:getResponse xmlns:aetgt="http://schemas.active-endpoints.com/appmodules/repository/2010/10/avrepository.xsd"
                   xmlns:types1="http://schemas.active-endpoints.com/appmodules/repository/2010/10/avrepository.xsd">
   <types1:Item>
      <types1:EntryId>rwXtqdsQR6kbeJH-gt-4149110-2024-03-04T09:16:22.89Z::pd.xml</types1:EntryId>
      <types1:Name>Process6-1</types1:Name>
      <types1:MimeType>application/xml+process</types1:MimeType>
      <types1:Description/>
      <types1:AppliesTo/>
      <types1:Tags>.anonymous</types1:Tags>
      <types1:VersionLabel>1.0</types1:VersionLabel>
      <types1:State>CURRENT</types1:State>
      <types1:ProcessGroup/>
      <types1:CreatedBy>hariprasadj.in@mouritech.com.march</types1:CreatedBy>
      <types1:CreationDate>2024-03-04T09:16:23Z</types1:CreationDate>
      <types1:ModifiedBy>hariprasadj.in@mouritech.com.march</types1:ModifiedBy>
      <types1:ModificationDate>2024-03-05T04:04:30Z</types1:ModificationDate>
      <types1:PublicationStatus>unpublished</types1:PublicationStatus>
      <types1:AutosaveExists>false</types1:AutosaveExists>
      <types1:Entry>
         <process xmlns="http://schemas.active-endpoints.com/appmodules/screenflow/2010/10/avosScreenflow.xsd"
                  xmlns:tfm="http://schemas.active-endpoints.com/appmodules/screenflow/2021/04/taskflowModel.xsd"
                  xmlns:list="urn:activevos:spi:list:functions"
                  displayName="Process6"
                  name="Process6-1"
                  overrideAPIName="false">
            <parameterSet xmlns="http://schemas.active-endpoints.com/appmodules/screenflow/2021/04/taskflowModel.xsd"/>
            <appliesTo/>
            <description/>
            <tags>.anonymous</tags>
            <generator>Informatica Process Designer 11</generator>
            <input>
               <parameter description="" name="Name" type="string">
                  <options>
                     <option name="required">false</option>
                  </options>
               </parameter>
               <parameter description="" name="Empid" type="int">
                  <options>
                     <option name="required">false</option>
                  </options>
               </parameter>
            </input>
            <output>
               <field description="" name="Nameempid" type="string">
                  <options>
                     <option name="required">false</option>
                  </options>
               </field>
            </output>
            <notes/>
            <deployment skipIfRunning="false" suspendOnFault="false" tracingLevel="none">
               <rest>
                  <allowAnonymousAccess/>
               </rest>
            </deployment>
            <flow id="a">
               <start id="b">
                  <link id="lssgqa7n" targetId="lssgqa7m"/>
               </start>
               <assignment id="lssgqa7m">
                  <title>Assignment to Nameempid</title>
                  <operation source="formula" to="output.Nameempid">
                     <expression language="XQuery">$input.Name + "'s Employee No" = "'$input.Empid '"</expression>
                  </operation>
                  <link id="lssgqa7o" targetId="c"/>
               </assignment>
               <end id="c"/>
            </flow>
         </process>
      </types1:Entry>
      <types1:GUID>3hrJqF3IsasdJvTFxLfo2A</types1:GUID>
      <types1:DisplayName>Process6</types1:DisplayName>
   </types1:Item>
   <types1:CurrentServerDateTime>2024-04-02T04:24:35.741Z</types1:CurrentServerDateTime>
</aetgt:getResponse>
