<aetgt:getResponse xmlns:aetgt="http://schemas.active-endpoints.com/appmodules/repository/2010/10/avrepository.xsd"
                   xmlns:types1="http://schemas.active-endpoints.com/appmodules/repository/2010/10/avrepository.xsd">
   <types1:Item>
      <types1:EntryId>Fz7M1reAFLK2D86-gt-4241726-2024-03-04T09:16:34.504Z::pd.xml</types1:EntryId>
      <types1:Name>Process1-1</types1:Name>
      <types1:MimeType>application/xml+process</types1:MimeType>
      <types1:Description/>
      <types1:AppliesTo/>
      <types1:Tags>.anonymous</types1:Tags>
      <types1:VersionLabel>1.0</types1:VersionLabel>
      <types1:State>CURRENT</types1:State>
      <types1:ProcessGroup/>
      <types1:CreatedBy>hariprasadj.in@mouritech.com.march</types1:CreatedBy>
      <types1:CreationDate>2024-03-04T09:16:35Z</types1:CreationDate>
      <types1:ModifiedBy>hariprasadj.in@mouritech.com.march</types1:ModifiedBy>
      <types1:ModificationDate>2024-03-25T10:40:34Z</types1:ModificationDate>
      <types1:PublicationStatus>unpublished</types1:PublicationStatus>
      <types1:AutosaveExists>false</types1:AutosaveExists>
      <types1:Entry>
         <process xmlns="http://schemas.active-endpoints.com/appmodules/screenflow/2010/10/avosScreenflow.xsd"
                  xmlns:tfm="http://schemas.active-endpoints.com/appmodules/screenflow/2021/04/taskflowModel.xsd"
                  xmlns:list="urn:activevos:spi:list:functions"
                  displayName="Process1"
                  name="Process1-1"
                  overrideAPIName="false">
            <parameterSet xmlns="http://schemas.active-endpoints.com/appmodules/screenflow/2021/04/taskflowModel.xsd"/>
            <appliesTo/>
            <description/>
            <tags>.anonymous</tags>
            <generator>Informatica Process Designer 11</generator>
            <output>
               <field description="" name="Output result" type="string">
                  <options>
                     <option name="required">false</option>
                  </options>
               </field>
            </output>
            <notes/>
            <deployment skipIfRunning="false" suspendOnFault="false" tracingLevel="none">
               <rest>
                  <allowAnonymousAccess/>
               </rest>
            </deployment>
            <flow id="a">
               <start id="b">
                  <link id="lrhkq1v7" targetId="lrhkq1v6"/>
               </start>
               <service id="lrhkq1v6">
                  <title>convert url to csv</title>
                  <serviceName>App-conn-url2:convert url to csv</serviceName>
                  <serviceGUID>d9Y2iL0CXWzi8CPOX0KGSB</serviceGUID>
                  <serviceInput/>
                  <link id="lrhkq1vf" targetId="lrhkq1ve"/>
               </service>
               <assignment id="lrhkq1ve">
                  <title>Assignment to Output result</title>
                  <operation source="constant" to="output.Output result">{$output.Output}</operation>
                  <link id="lrhkq1vg" targetId="c"/>
               </assignment>
               <end id="c"/>
            </flow>
         </process>
      </types1:Entry>
      <types1:GUID>1jv10LOq7ysiM74ZSEwqUA</types1:GUID>
      <types1:DisplayName>Process1</types1:DisplayName>
   </types1:Item>
   <types1:CurrentServerDateTime>2024-04-02T04:24:36.541Z</types1:CurrentServerDateTime>
</aetgt:getResponse>
