<aetgt:getResponse xmlns:aetgt="http://schemas.active-endpoints.com/appmodules/repository/2010/10/avrepository.xsd"
                   xmlns:types1="http://schemas.active-endpoints.com/appmodules/repository/2010/10/avrepository.xsd">
   <types1:Item>
      <types1:EntryId>ogpKi9zhFtybdua-gt-4241403-2024-03-04T09:16:23.226Z::pd.xml</types1:EntryId>
      <types1:Name>Process8</types1:Name>
      <types1:MimeType>application/xml+process</types1:MimeType>
      <types1:Description/>
      <types1:AppliesTo/>
      <types1:Tags>.anonymous</types1:Tags>
      <types1:VersionLabel>1.0</types1:VersionLabel>
      <types1:State>CURRENT</types1:State>
      <types1:ProcessGroup/>
      <types1:CreatedBy>hariprasadj.in@mouritech.com.march</types1:CreatedBy>
      <types1:CreationDate>2024-03-04T09:16:23Z</types1:CreationDate>
      <types1:ModifiedBy>hariprasadj.in@mouritech.com.march</types1:ModifiedBy>
      <types1:ModificationDate>2024-03-05T04:04:30Z</types1:ModificationDate>
      <types1:PublicationStatus>unpublished</types1:PublicationStatus>
      <types1:AutosaveExists>false</types1:AutosaveExists>
      <types1:Entry>
         <process xmlns="http://schemas.active-endpoints.com/appmodules/screenflow/2010/10/avosScreenflow.xsd"
                  xmlns:tfm="http://schemas.active-endpoints.com/appmodules/screenflow/2021/04/taskflowModel.xsd"
                  xmlns:list="urn:activevos:spi:list:functions"
                  displayName="Process8"
                  name="Process8"
                  overrideAPIName="false">
            <parameterSet xmlns="http://schemas.active-endpoints.com/appmodules/screenflow/2021/04/taskflowModel.xsd"/>
            <appliesTo/>
            <description/>
            <tags>.anonymous</tags>
            <generator>Informatica Process Designer 11</generator>
            <input>
               <parameter description="" name="In_xml" type="reference">
                  <options>
                     <option name="referenceTo">$po:$any</option>
                     <option name="required">false</option>
                     <option name="isCopy">true</option>
                  </options>
               </parameter>
            </input>
            <output>
               <field description="" name="Out_xml" type="string">
                  <options>
                     <option name="required">false</option>
                  </options>
               </field>
            </output>
            <tempFields>
               <field description="" name="untitled1" type="reference">
                  <options>
                     <option name="referenceTo">$po:$any</option>
                     <option name="required">false</option>
                     <option name="initialvalue">&lt;students&gt;  &lt;student&gt;    &lt;name&gt;Rick Grimes&lt;/name&gt;    &lt;age&gt;35&lt;/age&gt;    &lt;subject&gt;Maths&lt;/subject&gt;    &lt;gender&gt;Male&lt;/gender&gt;  &lt;/student&gt;  &lt;student&gt;    &lt;name&gt;Daryl Dixon &lt;/name&gt;    &lt;age&gt;33&lt;/age&gt;    &lt;subject&gt;Science&lt;/subject&gt;    &lt;gender&gt;Male&lt;/gender&gt;  &lt;/student&gt;  &lt;student&gt;    &lt;name&gt;Maggie&lt;/name&gt;    &lt;age&gt;36&lt;/age&gt;    &lt;subject&gt;Arts&lt;/subject&gt;    &lt;gender&gt;Female&lt;/gender&gt;  &lt;/student&gt; &lt;/students&gt;</option>
                     <option name="isCopy">true</option>
                  </options>
               </field>
            </tempFields>
            <notes/>
            <deployment skipIfRunning="false" suspendOnFault="false" tracingLevel="none">
               <rest>
                  <allowAnonymousAccess/>
               </rest>
            </deployment>
            <flow id="a">
               <start id="b">
                  <link id="lt85dvf0" targetId="lt758h8w"/>
               </start>
               <assignment id="lt758h8w">
                  <title>Assignment to Out_xml</title>
                  <operation source="formula" to="output.Out_xml">
                     <expression language="XQuery">fn:count($input.In_xml )</expression>
                  </operation>
                  <link id="lt758h8y" targetId="c"/>
               </assignment>
               <end id="c"/>
            </flow>
         </process>
      </types1:Entry>
      <types1:GUID>59B3d7ypqVphra7hpcmJw2</types1:GUID>
      <types1:DisplayName>Process8</types1:DisplayName>
   </types1:Item>
   <types1:CurrentServerDateTime>2024-04-02T04:24:35.018Z</types1:CurrentServerDateTime>
</aetgt:getResponse>
