<aetgt:getResponse xmlns:aetgt="http://schemas.active-endpoints.com/appmodules/repository/2010/10/avrepository.xsd"
                   xmlns:types1="http://schemas.active-endpoints.com/appmodules/repository/2010/10/avrepository.xsd">
   <types1:Item>
      <types1:EntryId>dx6CjqFVNN5Kaaa-gt-4149451-2024-03-04T09:16:34.061Z::pd.xml</types1:EntryId>
      <types1:Name>Process7mfnew</types1:Name>
      <types1:MimeType>application/xml+process</types1:MimeType>
      <types1:Description/>
      <types1:AppliesTo/>
      <types1:Tags>.agent:MTLP-446</types1:Tags>
      <types1:VersionLabel>1.0</types1:VersionLabel>
      <types1:State>CURRENT</types1:State>
      <types1:ProcessGroup/>
      <types1:CreatedBy>hariprasadj.in@mouritech.com.march</types1:CreatedBy>
      <types1:CreationDate>2024-03-04T09:16:34Z</types1:CreationDate>
      <types1:ModifiedBy>hariprasadj.in@mouritech.com.march</types1:ModifiedBy>
      <types1:ModificationDate>2024-03-05T04:04:38Z</types1:ModificationDate>
      <types1:PublicationStatus>unpublished</types1:PublicationStatus>
      <types1:AutosaveExists>false</types1:AutosaveExists>
      <types1:Entry>
         <process xmlns="http://schemas.active-endpoints.com/appmodules/screenflow/2010/10/avosScreenflow.xsd"
                  xmlns:tfm="http://schemas.active-endpoints.com/appmodules/screenflow/2021/04/taskflowModel.xsd"
                  xmlns:list="urn:activevos:spi:list:functions"
                  displayName="Process7mfnew"
                  name="Process7mfnew"
                  overrideAPIName="false">
            <parameterSet xmlns="http://schemas.active-endpoints.com/appmodules/screenflow/2021/04/taskflowModel.xsd"/>
            <appliesTo/>
            <description/>
            <tags>.agent:MTLP-446</tags>
            <generator>Informatica Process Designer 11</generator>
            <input>
               <parameter description="" name="delimitedContent" type="reference">
                  <options>
                     <option name="required">false</option>
                     <option name="referenceTo">AppConnection7:DelimitedContent</option>
                     <option name="isCopy">true</option>
                     <option name="guid">5sTiC6qQsGmckqSFa1osCD</option>
                  </options>
               </parameter>
            </input>
            <output>
               <field description="" name="File_name" type="string">
                  <options>
                     <option name="required">false</option>
                  </options>
               </field>
               <field description="" name="File_content" type="string">
                  <options>
                     <option name="required">false</option>
                  </options>
               </field>
            </output>
            <tempFields>
               <field description="" name="Contenttowrite" type="reference">
                  <options>
                     <option name="referenceTo">AppConnection7:SerializeToDelimitedContentTask</option>
                     <option name="required">false</option>
                     <option name="isCopy">true</option>
                     <option name="guid">5sTiC6qQsGmckqSFa1osCD</option>
                  </options>
               </field>
            </tempFields>
            <notes/>
            <deployment skipIfRunning="false" suspendOnFault="false" tracingLevel="verbose">
               <targetLocation>MTLP-446</targetLocation>
               <event eventSource="AppConnection7:DelimitedContentParser"/>
            </deployment>
            <flow id="a">
               <start id="b">
                  <link id="lsvm40je" targetId="lsvm40jd"/>
               </start>
               <assignment id="lsvm40jd">
                  <title>Assignment to File_name, File name etc.</title>
                  <operation source="field" to="output.File_name">input.delimitedContent[1]/record[1]/field[1]/value</operation>
                  <operation source="field" to="temp.Contenttowrite[1]/fileName">input.delimitedContent[1]/fileInfo[1]/name</operation>
                  <operation source="field" to="temp.Contenttowrite[1]/delimitedContentObject">input.delimitedContent</operation>
                  <link id="lsvm40k1" targetId="lsvm40k0"/>
               </assignment>
               <service id="lsvm40k0">
                  <title>DelimitedContentWriter</title>
                  <serviceName>AppConnection7:DelimitedContentWriter</serviceName>
                  <serviceGUID>5sTiC6qQsGmckqSFa1osCD</serviceGUID>
                  <serviceInput>
                     <parameter name="serializationTask" source="field" updatable="true">temp.Contenttowrite</parameter>
                  </serviceInput>
                  <link id="lsvm40k2" targetId="c"/>
               </service>
               <end id="c"/>
            </flow>
         </process>
      </types1:Entry>
      <types1:GUID>9qCJ0TcDVPvhsakpwSBMUW</types1:GUID>
      <types1:DisplayName>Process7mfnew</types1:DisplayName>
   </types1:Item>
   <types1:CurrentServerDateTime>2024-04-02T04:24:36.175Z</types1:CurrentServerDateTime>
</aetgt:getResponse>
