<aetgt:getResponse xmlns:aetgt="http://schemas.active-endpoints.com/appmodules/repository/2010/10/avrepository.xsd"
                   xmlns:types1="http://schemas.active-endpoints.com/appmodules/repository/2010/10/avrepository.xsd">
   <types1:Item>
      <types1:EntryId>5sBsoZduD2L5SeE-gt-4241706-2024-03-04T09:16:33.918Z::pd.xml</types1:EntryId>
      <types1:Name>Processmf</types1:Name>
      <types1:MimeType>application/xml+process</types1:MimeType>
      <types1:Description/>
      <types1:AppliesTo/>
      <types1:Tags>.agent:MTLP-446</types1:Tags>
      <types1:VersionLabel>1.0</types1:VersionLabel>
      <types1:State>CURRENT</types1:State>
      <types1:ProcessGroup/>
      <types1:CreatedBy>hariprasadj.in@mouritech.com.march</types1:CreatedBy>
      <types1:CreationDate>2024-03-04T09:16:34Z</types1:CreationDate>
      <types1:ModifiedBy>hariprasadj.in@mouritech.com.march</types1:ModifiedBy>
      <types1:ModificationDate>2024-03-05T04:04:38Z</types1:ModificationDate>
      <types1:PublicationStatus>unpublished</types1:PublicationStatus>
      <types1:AutosaveExists>false</types1:AutosaveExists>
      <types1:Entry>
         <process xmlns="http://schemas.active-endpoints.com/appmodules/screenflow/2010/10/avosScreenflow.xsd"
                  xmlns:tfm="http://schemas.active-endpoints.com/appmodules/screenflow/2021/04/taskflowModel.xsd"
                  xmlns:list="urn:activevos:spi:list:functions"
                  displayName="Processmf"
                  name="Processmf"
                  overrideAPIName="false">
            <parameterSet xmlns="http://schemas.active-endpoints.com/appmodules/screenflow/2021/04/taskflowModel.xsd"/>
            <appliesTo/>
            <description/>
            <tags>.agent:MTLP-446</tags>
            <generator>Informatica Process Designer 11</generator>
            <input>
               <parameter description="" name="delimitedContent" type="reference">
                  <options>
                     <option name="required">false</option>
                     <option name="referenceTo">AppConnection5-1:DelimitedContent</option>
                     <option name="isCopy">true</option>
                     <option name="guid">avUJ8iGm6wrlJHcVOrfEia</option>
                  </options>
               </parameter>
            </input>
            <output>
               <field description="" name="Filename" type="string">
                  <options>
                     <option name="required">false</option>
                  </options>
               </field>
               <field description="" name="Filecontent" type="string">
                  <options>
                     <option name="required">false</option>
                  </options>
               </field>
            </output>
            <tempFields>
               <field description="" name="Contenttowrite" type="reference">
                  <options>
                     <option name="referenceTo">AppConnection5-1:SerializeToDelimitedContentTask</option>
                     <option name="required">false</option>
                     <option name="isCopy">true</option>
                     <option name="guid">avUJ8iGm6wrlJHcVOrfEia</option>
                  </options>
               </field>
            </tempFields>
            <notes/>
            <deployment skipIfRunning="false" suspendOnFault="false" tracingLevel="verbose">
               <targetLocation>MTLP-446</targetLocation>
               <event eventSource="AppConnection5-1:DelimitedContentParser"/>
            </deployment>
            <flow id="a">
               <start id="b">
                  <link id="lst47371" targetId="lst47370"/>
               </start>
               <assignment id="lst47370">
                  <title>Assignment to Filename, Filecontent etc.</title>
                  <operation source="field" to="output.Filename">input.delimitedContent[1]/record[1]/field[1]/value</operation>
                  <operation source="field" to="output.Filecontent">input.delimitedContent[1]/fileInfo[1]/name</operation>
                  <operation source="field" to="temp.Contenttowrite">temp.Contenttowrite</operation>
                  <link id="lst47376" targetId="lst47375"/>
               </assignment>
               <service id="lst47375">
                  <title>DelimitedContentWriter</title>
                  <serviceName>AppConnection5-1:DelimitedContentWriter</serviceName>
                  <serviceGUID>avUJ8iGm6wrlJHcVOrfEia</serviceGUID>
                  <serviceInput>
                     <parameter name="serializationTask" source="field" updatable="true">temp.Contenttowrite</parameter>
                  </serviceInput>
                  <link id="lst47377" targetId="c"/>
               </service>
               <end id="c"/>
            </flow>
         </process>
      </types1:Entry>
      <types1:GUID>aYqgdcvt0rXjhOCNTX6DAK</types1:GUID>
      <types1:DisplayName>Processmf</types1:DisplayName>
   </types1:Item>
   <types1:CurrentServerDateTime>2024-04-02T04:24:36.191Z</types1:CurrentServerDateTime>
</aetgt:getResponse>
