<aetgt:getResponse xmlns:aetgt="http://schemas.active-endpoints.com/appmodules/repository/2010/10/avrepository.xsd"
                   xmlns:types1="http://schemas.active-endpoints.com/appmodules/repository/2010/10/avrepository.xsd">
   <types1:Item>
      <types1:EntryId>rZVNKVlDjAqQHhw-gt-4573383-2024-03-05T06:04:27.97Z::pd.xml</types1:EntryId>
      <types1:Name>Process9</types1:Name>
      <types1:MimeType>application/xml+process</types1:MimeType>
      <types1:Description/>
      <types1:AppliesTo/>
      <types1:Tags>.anonymous</types1:Tags>
      <types1:VersionLabel>1.0</types1:VersionLabel>
      <types1:State>CURRENT</types1:State>
      <types1:ProcessGroup/>
      <types1:CreatedBy>hariprasadj.in@mouritech.com.march</types1:CreatedBy>
      <types1:CreationDate>2024-03-05T06:04:28Z</types1:CreationDate>
      <types1:ModifiedBy>hariprasadj.in@mouritech.com.march</types1:ModifiedBy>
      <types1:ModificationDate>2024-03-05T06:30:23Z</types1:ModificationDate>
      <types1:PublicationStatus>published</types1:PublicationStatus>
      <types1:PublishedBy>hariprasadj.in@mouritech.com.march</types1:PublishedBy>
      <types1:PublicationDate>2024-03-05T06:30:26Z</types1:PublicationDate>
      <types1:PublishedContributionId>project:/spi.Process9/Process9.pd.xml</types1:PublishedContributionId>
      <types1:AutosaveExists>false</types1:AutosaveExists>
      <types1:Entry>
         <process xmlns="http://schemas.active-endpoints.com/appmodules/screenflow/2010/10/avosScreenflow.xsd"
                  xmlns:tfm="http://schemas.active-endpoints.com/appmodules/screenflow/2021/04/taskflowModel.xsd"
                  xmlns:list="urn:activevos:spi:list:functions"
                  displayName="Process9"
                  name="Process9"
                  overrideAPIName="false">
            <parameterSet xmlns="http://schemas.active-endpoints.com/appmodules/screenflow/2021/04/taskflowModel.xsd"/>
            <appliesTo/>
            <description/>
            <tags>.anonymous</tags>
            <generator>Informatica Process Designer 11</generator>
            <tempFields>
               <field description="" name="temp_xml" type="string">
                  <options>
                     <option name="required">false</option>
                  </options>
               </field>
               <field description="" name="temp_json" type="string">
                  <options>
                     <option name="required">false</option>
                  </options>
               </field>
            </tempFields>
            <notes/>
            <deployment skipIfRunning="false" suspendOnFault="false" tracingLevel="none">
               <rest>
                  <allowAnonymousAccess/>
               </rest>
            </deployment>
            <flow id="a">
               <start id="b">
                  <link id="ltdyqigb" targetId="ltdyqiga"/>
               </start>
               <assignment id="ltdyqiga">
                  <title>Assignment to temp_xml</title>
                  <operation source="formula" to="temp.temp_xml">
                     <expression language="XQuery">&lt;students&gt;
  &lt;student&gt;
    &lt;name&gt;John Doe&lt;/name&gt;
    &lt;age&gt;25&lt;/age&gt;
    &lt;gender&gt;Male&lt;/gender&gt;
  &lt;/student&gt;
  &lt;student&gt;
    &lt;name&gt;Jane Smith&lt;/name&gt;
    &lt;age&gt;23&lt;/age&gt;
    &lt;gender&gt;Female&lt;/gender&gt;
  &lt;/student&gt;
  &lt;student&gt;
    &lt;name&gt;Michael Johnson&lt;/name&gt;
    &lt;age&gt;27&lt;/age&gt;
    &lt;gender&gt;Male&lt;/gender&gt;
  &lt;/student&gt;
&lt;/students&gt;
</expression>
                  </operation>
                  <link id="ltdyqigi" targetId="ltdyqigh"/>
               </assignment>
               <assignment id="ltdyqigh">
                  <title>Assignment to temp_json</title>
                  <operation source="formula" to="temp.temp_json">
                     <expression language="XQuery">let $parsedxml :=util:parseXML($temp.temp_xml )
return
'{
"name":"'||$parsedxml/student/text()||'"
}'</expression>
                  </operation>
                  <link id="ltdyqigj" targetId="c"/>
               </assignment>
               <end id="c"/>
            </flow>
         </process>
         <ns1:sample-data-sets xmlns:ns1="http://schemas.active-endpoints.com/appmodules/repository/2010/10/sampleData.xsd">
            <ns1:SampleData>
               <ns1:Id>3d4c12e8-69e3-4d51-b1b5-169577e09e1a</ns1:Id>
               <ns1:Name>in1</ns1:Name>
               <ns1:CreatedBy>hariprasadj.in@mouritech.com.march</ns1:CreatedBy>
               <ns1:CreationDate>2024-03-05T06:09:12Z</ns1:CreationDate>
               <ns1:ModifiedBy>hariprasadj.in@mouritech.com.march</ns1:ModifiedBy>
               <ns1:ModificationDate>2024-03-05T06:09:12Z</ns1:ModificationDate>
               <ns1:Data format="json">{}</ns1:Data>
            </ns1:SampleData>
         </ns1:sample-data-sets>
      </types1:Entry>
      <types1:GUID>5Hb7nPWwFIShdwVOXwSAsB</types1:GUID>
      <types1:DisplayName>Process9</types1:DisplayName>
   </types1:Item>
   <types1:CurrentServerDateTime>2024-04-02T04:24:35.588Z</types1:CurrentServerDateTime>
</aetgt:getResponse>
