<aetgt:getResponse xmlns:aetgt="http://schemas.active-endpoints.com/appmodules/repository/2010/10/avrepository.xsd"
                   xmlns:types1="http://schemas.active-endpoints.com/appmodules/repository/2010/10/avrepository.xsd">
   <types1:Item>
      <types1:EntryId>IRwsLruB3uopz4K-gt-4241457-2024-03-04T09:16:24.554Z::pd.xml</types1:EntryId>
      <types1:Name>Process_insert_records_to_SF</types1:Name>
      <types1:MimeType>application/xml+process</types1:MimeType>
      <types1:Description/>
      <types1:AppliesTo/>
      <types1:Tags>.agent:MTLP-446,.anonymous</types1:Tags>
      <types1:VersionLabel>1.0</types1:VersionLabel>
      <types1:State>CURRENT</types1:State>
      <types1:ProcessGroup/>
      <types1:CreatedBy>hariprasadj.in@mouritech.com.march</types1:CreatedBy>
      <types1:CreationDate>2024-03-04T09:16:25Z</types1:CreationDate>
      <types1:ModifiedBy>hariprasadj.in@mouritech.com.march</types1:ModifiedBy>
      <types1:ModificationDate>2024-03-25T10:40:30Z</types1:ModificationDate>
      <types1:PublicationStatus>unpublished</types1:PublicationStatus>
      <types1:AutosaveExists>false</types1:AutosaveExists>
      <types1:Entry>
         <process xmlns="http://schemas.active-endpoints.com/appmodules/screenflow/2010/10/avosScreenflow.xsd"
                  xmlns:tfm="http://schemas.active-endpoints.com/appmodules/screenflow/2021/04/taskflowModel.xsd"
                  xmlns:list="urn:activevos:spi:list:functions"
                  displayName="Process_insert records to SF"
                  name="Process_insert_records_to_SF"
                  overrideAPIName="false">
            <parameterSet xmlns="http://schemas.active-endpoints.com/appmodules/screenflow/2021/04/taskflowModel.xsd"/>
            <appliesTo/>
            <description/>
            <tags>.agent:MTLP-446,.anonymous</tags>
            <generator>Informatica Process Designer 11</generator>
            <input>
               <parameter description="" name="Empid" type="string">
                  <options>
                     <option name="required">false</option>
                  </options>
               </parameter>
               <parameter description="" name="Ename" type="string">
                  <options>
                     <option name="required">false</option>
                  </options>
               </parameter>
               <parameter description="" name="Ephone" type="int">
                  <options>
                     <option name="required">false</option>
                  </options>
               </parameter>
            </input>
            <output>
               <field description="" name="O_status" type="string">
                  <options>
                     <option name="required">false</option>
                  </options>
               </field>
            </output>
            <notes/>
            <deployment skipIfRunning="false" suspendOnFault="false" tracingLevel="none">
               <targetLocation>MTLP-446</targetLocation>
               <rest>
                  <allowAnonymousAccess/>
               </rest>
            </deployment>
            <flow id="a">
               <start id="b">
                  <link id="lrqat2cp" targetId="lrqat2co"/>
               </start>
               <create id="lrqat2co">
                  <title>Load records</title>
                  <entityName>app-SF-conn1:Employee__c</entityName>
                  <createInput>
                     <parameter name="Empid__c" source="field" updatable="true">input.Empid</parameter>
                     <parameter name="Ename__c" source="field" updatable="true">input.Ename</parameter>
                     <parameter name="Ephone__c" source="field" updatable="true">input.Ephone</parameter>
                  </createInput>
                  <link id="lrqat2de" targetId="lrqat2dd"/>
               </create>
               <assignment id="lrqat2dd">
                  <title>Assignment to O_status</title>
                  <operation source="field" to="output.O_status">output.Created Employee__c.Empid__c</operation>
                  <link id="lrqat2df" targetId="c"/>
               </assignment>
               <end id="c"/>
            </flow>
         </process>
         <ns1:sample-data-sets xmlns:ns1="http://schemas.active-endpoints.com/appmodules/repository/2010/10/sampleData.xsd">
            <ns1:SampleData>
               <ns1:Id>53cf7812-f50e-4a92-9773-ff94188d5c02</ns1:Id>
               <ns1:Name>Test1</ns1:Name>
               <ns1:CreatedBy>hariprasadj.in@mouritech.com.march</ns1:CreatedBy>
               <ns1:CreationDate>2024-03-04T09:16:25Z</ns1:CreationDate>
               <ns1:ModifiedBy>hariprasadj.in@mouritech.com.march</ns1:ModifiedBy>
               <ns1:ModificationDate>2024-03-25T10:40:30Z</ns1:ModificationDate>
               <ns1:Data format="json">{
	 "Empid": "7890",
	 "Ename": "prasad",
	 "Ephone": "1234567890"
}</ns1:Data>
            </ns1:SampleData>
            <ns1:SampleData>
               <ns1:Id>df1266e3-f9bd-4532-9db1-fca01f554f50</ns1:Id>
               <ns1:Name>Test2</ns1:Name>
               <ns1:CreatedBy>hariprasadj.in@mouritech.com.march</ns1:CreatedBy>
               <ns1:CreationDate>2024-03-04T09:16:25Z</ns1:CreationDate>
               <ns1:ModifiedBy>hariprasadj.in@mouritech.com.march</ns1:ModifiedBy>
               <ns1:ModificationDate>2024-03-25T10:40:30Z</ns1:ModificationDate>
               <ns1:Data format="json">{
	 "Empid": "7890",
	 "Ename": "prasad",
	 "Ephone": "5646454647"
}</ns1:Data>
            </ns1:SampleData>
            <ns1:SampleData>
               <ns1:Id>db6f2e1a-4a1e-4946-ab5e-fe7a0bf1d1dd</ns1:Id>
               <ns1:Name>test3</ns1:Name>
               <ns1:CreatedBy>hariprasadj.in@mouritech.com.march</ns1:CreatedBy>
               <ns1:CreationDate>2024-03-04T09:16:25Z</ns1:CreationDate>
               <ns1:ModifiedBy>hariprasadj.in@mouritech.com.march</ns1:ModifiedBy>
               <ns1:ModificationDate>2024-03-25T10:40:30Z</ns1:ModificationDate>
               <ns1:Data format="json">{
	 "Empid": "7890",
	 "Ename": "prasad",
	 "Ephone": "564645464"
}</ns1:Data>
            </ns1:SampleData>
         </ns1:sample-data-sets>
      </types1:Entry>
      <types1:GUID>8GdwudaCc0EkluoXidAouD</types1:GUID>
      <types1:DisplayName>Process_insert records to SF</types1:DisplayName>
   </types1:Item>
   <types1:CurrentServerDateTime>2024-04-02T04:24:35.346Z</types1:CurrentServerDateTime>
</aetgt:getResponse>
