<aetgt:getResponse xmlns:aetgt="http://schemas.active-endpoints.com/appmodules/repository/2010/10/avrepository.xsd"
                   xmlns:types1="http://schemas.active-endpoints.com/appmodules/repository/2010/10/avrepository.xsd">
   <types1:Item>
      <types1:EntryId>RCBfWoAXUCZ4nzY-gt-6319065-2024-03-11T04:31:12.703Z::pd.xml</types1:EntryId>
      <types1:Name>Process17</types1:Name>
      <types1:MimeType>application/xml+process</types1:MimeType>
      <types1:Description/>
      <types1:AppliesTo/>
      <types1:Tags>.anonymous</types1:Tags>
      <types1:VersionLabel>1.0</types1:VersionLabel>
      <types1:State>CURRENT</types1:State>
      <types1:ProcessGroup/>
      <types1:CreatedBy>hariprasadj.in@mouritech.com.march</types1:CreatedBy>
      <types1:CreationDate>2024-03-11T04:31:13Z</types1:CreationDate>
      <types1:ModifiedBy>hariprasadj.in@mouritech.com.march</types1:ModifiedBy>
      <types1:ModificationDate>2024-03-11T07:34:15Z</types1:ModificationDate>
      <types1:PublicationStatus>published</types1:PublicationStatus>
      <types1:PublishedBy>hariprasadj.in@mouritech.com.march</types1:PublishedBy>
      <types1:PublicationDate>2024-03-11T07:34:18Z</types1:PublicationDate>
      <types1:PublishedContributionId>project:/spi.Process17/Process17.pd.xml</types1:PublishedContributionId>
      <types1:AutosaveExists>false</types1:AutosaveExists>
      <types1:Entry>
         <process xmlns="http://schemas.active-endpoints.com/appmodules/screenflow/2010/10/avosScreenflow.xsd"
                  xmlns:tfm="http://schemas.active-endpoints.com/appmodules/screenflow/2021/04/taskflowModel.xsd"
                  xmlns:list="urn:activevos:spi:list:functions"
                  displayName="Process17"
                  name="Process17"
                  overrideAPIName="false">
            <parameterSet xmlns="http://schemas.active-endpoints.com/appmodules/screenflow/2021/04/taskflowModel.xsd"/>
            <appliesTo/>
            <description/>
            <tags>.anonymous</tags>
            <generator>Informatica Process Designer 11</generator>
            <input>
               <parameter description="" name="input" type="reference">
                  <options>
                     <option name="referenceTo">$po:$any</option>
                     <option name="required">false</option>
                     <option name="isCopy">true</option>
                  </options>
               </parameter>
            </input>
            <output>
               <field description="" name="output" type="reference">
                  <options>
                     <option name="referenceTo">$po:$any</option>
                     <option name="required">false</option>
                     <option name="isCopy">true</option>
                  </options>
               </field>
            </output>
            <tempFields>
               <field description="" name="temp_field" type="reference">
                  <options>
                     <option name="referenceTo">$po:$any</option>
                     <option name="required">false</option>
                     <option name="isCopy">true</option>
                  </options>
               </field>
            </tempFields>
            <notes/>
            <deployment skipIfRunning="false" suspendOnFault="false" tracingLevel="none">
               <rest>
                  <allowAnonymousAccess/>
               </rest>
            </deployment>
            <flow id="a">
               <start id="b">
                  <link id="ltmfwz7k" targetId="ltmfwz7j"/>
               </start>
               <assignment id="ltmfwz7j">
                  <title>Assignment to input, temp_field etc.</title>
                  <operation source="formula" to="input.input">
                     <expression language="XQuery">&lt;employees&gt;
    &lt;employee&gt;
        &lt;id&gt;1&lt;/id&gt;
        &lt;name&gt;John Doe&lt;/name&gt;
        &lt;position&gt;Manager&lt;/position&gt;
        &lt;department&gt;Finance&lt;/department&gt;
    &lt;/employee&gt;
    &lt;employee&gt;
        &lt;id&gt;2&lt;/id&gt;
        &lt;name&gt;Jane Smith&lt;/name&gt;
        &lt;position&gt;Developer&lt;/position&gt;
        &lt;department&gt;IT&lt;/department&gt;
    &lt;/employee&gt;
    &lt;employee&gt;
        &lt;id&gt;3&lt;/id&gt;
        &lt;name&gt;Mike Johnson&lt;/name&gt;
        &lt;position&gt;Designer&lt;/position&gt;
        &lt;department&gt;Marketing&lt;/department&gt;
    &lt;/employee&gt;
    &lt;employee&gt;
        &lt;id&gt;4&lt;/id&gt;
        &lt;name&gt;Alice Brown&lt;/name&gt;
        &lt;position&gt;Analyst&lt;/position&gt;
        &lt;department&gt;HR&lt;/department&gt;
    &lt;/employee&gt;
    &lt;employee&gt;
        &lt;id&gt;5&lt;/id&gt;
        &lt;name&gt;David Lee&lt;/name&gt;
        &lt;position&gt;Engineer&lt;/position&gt;
        &lt;department&gt;Engineering&lt;/department&gt;
    &lt;/employee&gt;
    &lt;employee&gt;
        &lt;id&gt;6&lt;/id&gt;
        &lt;name&gt;Sarah Clark&lt;/name&gt;
        &lt;position&gt;Manager&lt;/position&gt;
        &lt;department&gt;Operations&lt;/department&gt;
    &lt;/employee&gt;
    &lt;employee&gt;
        &lt;id&gt;7&lt;/id&gt;
        &lt;name&gt;Michael Williams&lt;/name&gt;
        &lt;position&gt;Developer&lt;/position&gt;
        &lt;department&gt;IT&lt;/department&gt;
    &lt;/employee&gt;
    &lt;employee&gt;
        &lt;id&gt;8&lt;/id&gt;
        &lt;name&gt;Emily Taylor&lt;/name&gt;
        &lt;position&gt;Designer&lt;/position&gt;
        &lt;department&gt;Marketing&lt;/department&gt;
    &lt;/employee&gt;
    &lt;employee&gt;
        &lt;id&gt;9&lt;/id&gt;
        &lt;name&gt;Christopher Martinez&lt;/name&gt;
        &lt;position&gt;Analyst&lt;/position&gt;
        &lt;department&gt;HR&lt;/department&gt;
    &lt;/employee&gt;
    &lt;employee&gt;
        &lt;id&gt;10&lt;/id&gt;
        &lt;name&gt;Olivia Rodriguez&lt;/name&gt;
        &lt;position&gt;Engineer&lt;/position&gt;
        &lt;department&gt;Engineering&lt;/department&gt;
    &lt;/employee&gt;
&lt;/employees&gt;
</expression>
                  </operation>
                  <operation source="formula" to="temp.temp_field">
                     <expression language="XQuery">let $employees := $input.input
let $even := $employees/employee[id mod 2 = 0]
let $odd := $employees/employee[id mod 2 != 0]

return (
    &lt;even&gt;{$even}&lt;/even&gt;,
    &lt;odd&gt;{$odd}&lt;/odd&gt;
)</expression>
                  </operation>
                  <operation source="formula" to="output.output">
                     <expression language="XQuery">$temp.temp_field </expression>
                  </operation>
                  <link id="ltmfwz7l" targetId="c"/>
               </assignment>
               <end id="c"/>
            </flow>
         </process>
      </types1:Entry>
      <types1:GUID>0BRAyK9HIS3cg0fCNSv0Q2</types1:GUID>
      <types1:DisplayName>Process17</types1:DisplayName>
   </types1:Item>
   <types1:CurrentServerDateTime>2024-04-02T04:24:35.844Z</types1:CurrentServerDateTime>
</aetgt:getResponse>
