<aetgt:getResponse xmlns:aetgt="http://schemas.active-endpoints.com/appmodules/repository/2010/10/avrepository.xsd"
                   xmlns:types1="http://schemas.active-endpoints.com/appmodules/repository/2010/10/avrepository.xsd">
   <types1:Item>
      <types1:EntryId>lOEzrwn2H0Fdw8j-gt-4648181-2024-03-05T12:39:54.191Z::pd.xml</types1:EntryId>
      <types1:Name>Process11</types1:Name>
      <types1:MimeType>application/xml+process</types1:MimeType>
      <types1:Description/>
      <types1:AppliesTo/>
      <types1:Tags>.anonymous</types1:Tags>
      <types1:VersionLabel>1.0</types1:VersionLabel>
      <types1:State>CURRENT</types1:State>
      <types1:ProcessGroup/>
      <types1:CreatedBy>hariprasadj.in@mouritech.com.march</types1:CreatedBy>
      <types1:CreationDate>2024-03-05T12:39:54Z</types1:CreationDate>
      <types1:ModifiedBy>hariprasadj.in@mouritech.com.march</types1:ModifiedBy>
      <types1:ModificationDate>2024-03-05T12:46:57Z</types1:ModificationDate>
      <types1:PublicationStatus>published</types1:PublicationStatus>
      <types1:PublishedBy>hariprasadj.in@mouritech.com.march</types1:PublishedBy>
      <types1:PublicationDate>2024-03-05T12:47:04Z</types1:PublicationDate>
      <types1:PublishedContributionId>project:/spi.Process11/Process11.pd.xml</types1:PublishedContributionId>
      <types1:AutosaveExists>false</types1:AutosaveExists>
      <types1:Entry>
         <process xmlns="http://schemas.active-endpoints.com/appmodules/screenflow/2010/10/avosScreenflow.xsd"
                  xmlns:tfm="http://schemas.active-endpoints.com/appmodules/screenflow/2021/04/taskflowModel.xsd"
                  xmlns:list="urn:activevos:spi:list:functions"
                  displayName="Process11"
                  name="Process11"
                  overrideAPIName="false">
            <parameterSet xmlns="http://schemas.active-endpoints.com/appmodules/screenflow/2021/04/taskflowModel.xsd"/>
            <appliesTo/>
            <description/>
            <tags>.anonymous</tags>
            <generator>Informatica Process Designer 11</generator>
            <input>
               <parameter description="" name="input_xml" type="xml">
                  <options>
                     <option name="required">false</option>
                  </options>
               </parameter>
            </input>
            <output>
               <field description="" name="Out_count" type="int">
                  <options>
                     <option name="required">false</option>
                  </options>
               </field>
            </output>
            <tempFields>
               <field description="" name="temp_field" type="reference">
                  <options>
                     <option name="referenceTo">$po:$any</option>
                     <option name="required">false</option>
                     <option name="initialvalue">&lt;library&gt;     &lt;book&gt;         &lt;title&gt;The Great Gatsby&lt;/title&gt;         &lt;author&gt;F. Scott Fitzgerald&lt;/author&gt;         &lt;year&gt;1925&lt;/year&gt;     &lt;/book&gt;     &lt;book&gt;         &lt;title&gt;To Kill a Mockingbird&lt;/title&gt;         &lt;author&gt;Harper Lee&lt;/author&gt;         &lt;year&gt;1960&lt;/year&gt;     &lt;/book&gt;     &lt;book&gt;         &lt;title&gt;1984&lt;/title&gt;         &lt;author&gt;George Orwell&lt;/author&gt;         &lt;year&gt;1949&lt;/year&gt;     &lt;/book&gt; &lt;/library&gt;</option>
                     <option name="isCopy">true</option>
                  </options>
               </field>
            </tempFields>
            <notes/>
            <deployment skipIfRunning="false" suspendOnFault="false" tracingLevel="none">
               <rest>
                  <allowAnonymousAccess/>
               </rest>
            </deployment>
            <flow id="a">
               <start id="b">
                  <link id="ltectkzp" targetId="ltectkzo"/>
               </start>
               <assignment id="ltectkzo">
                  <title>Assignment to temp_field, Out_count</title>
                  <operation source="formula" to="temp.temp_field">
                     <expression language="XQuery">let $input := $temp.temp_field  
let $count := fn:count($temp.temp_field )
return $count
</expression>
                  </operation>
                  <operation source="formula" to="output.Out_count">
                     <expression language="XQuery">$temp.temp_field </expression>
                  </operation>
                  <link id="ltectkzq" targetId="c"/>
               </assignment>
               <end id="c"/>
            </flow>
         </process>
      </types1:Entry>
      <types1:GUID>ld6MUJQNVUbgCjzvIRC3Yv</types1:GUID>
      <types1:DisplayName>Process11</types1:DisplayName>
   </types1:Item>
   <types1:CurrentServerDateTime>2024-04-02T04:24:34.635Z</types1:CurrentServerDateTime>
</aetgt:getResponse>
