<aetgt:getResponse xmlns:aetgt="http://schemas.active-endpoints.com/appmodules/repository/2010/10/avrepository.xsd"
                   xmlns:types1="http://schemas.active-endpoints.com/appmodules/repository/2010/10/avrepository.xsd">
   <types1:Item>
      <types1:EntryId>6VkWlwUiQLnzYLn-gt-8596251-2024-03-18T07:07:09.315Z::pd.xml</types1:EntryId>
      <types1:Name>Process20</types1:Name>
      <types1:MimeType>application/xml+process</types1:MimeType>
      <types1:Description/>
      <types1:AppliesTo/>
      <types1:Tags>.anonymous</types1:Tags>
      <types1:VersionLabel>1.0</types1:VersionLabel>
      <types1:State>CURRENT</types1:State>
      <types1:ProcessGroup/>
      <types1:CreatedBy>hariprasadj.in@mouritech.com.march</types1:CreatedBy>
      <types1:CreationDate>2024-03-18T07:07:09Z</types1:CreationDate>
      <types1:ModifiedBy>hariprasadj.in@mouritech.com.march</types1:ModifiedBy>
      <types1:ModificationDate>2024-03-18T07:14:08Z</types1:ModificationDate>
      <types1:PublicationStatus>published</types1:PublicationStatus>
      <types1:PublishedBy>hariprasadj.in@mouritech.com.march</types1:PublishedBy>
      <types1:PublicationDate>2024-03-18T07:14:11Z</types1:PublicationDate>
      <types1:PublishedContributionId>project:/spi.Process20/Process20.pd.xml</types1:PublishedContributionId>
      <types1:AutosaveExists>false</types1:AutosaveExists>
      <types1:Entry>
         <process xmlns="http://schemas.active-endpoints.com/appmodules/screenflow/2010/10/avosScreenflow.xsd"
                  xmlns:tfm="http://schemas.active-endpoints.com/appmodules/screenflow/2021/04/taskflowModel.xsd"
                  xmlns:list="urn:activevos:spi:list:functions"
                  displayName="Process20"
                  name="Process20"
                  overrideAPIName="false">
            <parameterSet xmlns="http://schemas.active-endpoints.com/appmodules/screenflow/2021/04/taskflowModel.xsd"/>
            <appliesTo/>
            <description/>
            <tags>.anonymous</tags>
            <generator>Informatica Process Designer 11</generator>
            <input>
               <parameter description="" name="input_xml" type="reference">
                  <options>
                     <option name="referenceTo">$po:$any</option>
                     <option name="required">false</option>
                     <option name="isCopy">true</option>
                  </options>
               </parameter>
            </input>
            <output>
               <field description="" name="out_json" type="reference">
                  <options>
                     <option name="referenceTo">$po:$any</option>
                     <option name="required">false</option>
                     <option name="isCopy">true</option>
                  </options>
               </field>
            </output>
            <notes/>
            <deployment skipIfRunning="false" suspendOnFault="false" tracingLevel="none">
               <rest>
                  <allowAnonymousAccess/>
               </rest>
            </deployment>
            <flow id="a">
               <start id="b">
                  <link id="ltwlmwo0" targetId="ltwlmwnz"/>
               </start>
               <assignment id="ltwlmwnz">
                  <title>Assignment to input_xml, out_json</title>
                  <operation source="formula" to="input.input_xml">
                     <expression language="XQuery">&lt;data&gt;
  &lt;person&gt;
    &lt;name&gt;John&lt;/name&gt;
    &lt;age&gt;30&lt;/age&gt;
    &lt;city&gt;New York&lt;/city&gt;
  &lt;/person&gt;
  &lt;person&gt;
    &lt;name&gt;Alice&lt;/name&gt;
    &lt;age&gt;25&lt;/age&gt;
    &lt;city&gt;Los Angeles&lt;/city&gt;
  &lt;/person&gt;
&lt;/data&gt;
</expression>
                  </operation>
                  <operation source="formula" to="output.out_json">
                     <expression language="XQuery">util:toJSON($input.input_xml )</expression>
                  </operation>
                  <link id="ltwlmwo1" targetId="c"/>
               </assignment>
               <end id="c"/>
            </flow>
         </process>
      </types1:Entry>
      <types1:GUID>kqW20FYYRYmlu0K37lFrUl</types1:GUID>
      <types1:DisplayName>Process20</types1:DisplayName>
   </types1:Item>
   <types1:CurrentServerDateTime>2024-04-02T04:24:35.379Z</types1:CurrentServerDateTime>
</aetgt:getResponse>
