<aetgt:getResponse xmlns:aetgt="http://schemas.active-endpoints.com/appmodules/repository/2010/10/avrepository.xsd"
                   xmlns:types1="http://schemas.active-endpoints.com/appmodules/repository/2010/10/avrepository.xsd">
   <types1:Item>
      <types1:EntryId>PFn2H0Fdw8jIw8j-gt-4241351-2024-03-04T09:16:22.667Z::pd.xml</types1:EntryId>
      <types1:Name>Process7</types1:Name>
      <types1:MimeType>application/xml+process</types1:MimeType>
      <types1:Description/>
      <types1:AppliesTo/>
      <types1:Tags>.anonymous</types1:Tags>
      <types1:VersionLabel>1.0</types1:VersionLabel>
      <types1:State>CURRENT</types1:State>
      <types1:ProcessGroup/>
      <types1:CreatedBy>hariprasadj.in@mouritech.com.march</types1:CreatedBy>
      <types1:CreationDate>2024-03-04T09:16:23Z</types1:CreationDate>
      <types1:ModifiedBy>hariprasadj.in@mouritech.com.march</types1:ModifiedBy>
      <types1:ModificationDate>2024-03-05T04:04:29Z</types1:ModificationDate>
      <types1:PublicationStatus>unpublished</types1:PublicationStatus>
      <types1:AutosaveExists>false</types1:AutosaveExists>
      <types1:Entry>
         <process xmlns="http://schemas.active-endpoints.com/appmodules/screenflow/2010/10/avosScreenflow.xsd"
                  xmlns:tfm="http://schemas.active-endpoints.com/appmodules/screenflow/2021/04/taskflowModel.xsd"
                  xmlns:list="urn:activevos:spi:list:functions"
                  displayName="Process7"
                  name="Process7"
                  overrideAPIName="false">
            <parameterSet xmlns="http://schemas.active-endpoints.com/appmodules/screenflow/2021/04/taskflowModel.xsd"/>
            <appliesTo/>
            <description/>
            <tags>.anonymous</tags>
            <generator>Informatica Process Designer 11</generator>
            <output>
               <field description="" name="Output" type="reference">
                  <options>
                     <option name="referenceTo">$po:$any</option>
                     <option name="required">false</option>
                     <option name="isCopy">true</option>
                  </options>
               </field>
            </output>
            <tempFields>
               <field description="" name="Temp_xml" type="reference">
                  <options>
                     <option name="referenceTo">$po:$any</option>
                     <option name="required">false</option>
                     <option name="initialvalue">&lt;?xml version="1.0" encoding="UTF-8"?&gt; &lt;breakfast_menu&gt; &lt;food&gt;     &lt;name&gt;Belgian Waffles&lt;/name&gt;     &lt;price&gt;$5.95&lt;/price&gt;     &lt;description&gt;    Two of our famous Belgian Waffles with plenty of real maple syrup    &lt;/description&gt;     &lt;calories&gt;650&lt;/calories&gt; &lt;/food&gt; &lt;food&gt;     &lt;name&gt;Strawberry Belgian Waffles&lt;/name&gt;     &lt;price&gt;$7.95&lt;/price&gt;     &lt;description&gt;     Light Belgian waffles covered with strawberries and whipped cream     &lt;/description&gt;     &lt;calories&gt;900&lt;/calories&gt; &lt;/food&gt; &lt;food&gt;     &lt;name&gt;Berry-Berry Belgian Waffles&lt;/name&gt;     &lt;price&gt;$8.95&lt;/price&gt;     &lt;description&gt;     Belgian waffles covered with assorted fresh berries and whipped cream     &lt;/description&gt;     &lt;calories&gt;900&lt;/calories&gt; &lt;/food&gt; &lt;food&gt;     &lt;name&gt;French Toast&lt;/name&gt;     &lt;price&gt;$4.50&lt;/price&gt;     &lt;description&gt;     Thick slices made from our homemade sourdough bread     &lt;/description&gt;     &lt;calories&gt;600&lt;/calories&gt; &lt;/food&gt; &lt;food&gt;     &lt;name&gt;Homestyle Breakfast&lt;/name&gt;     &lt;price&gt;$6.95&lt;/price&gt;     &lt;description&gt;     Two eggs, bacon or sausage, toast, and our ever-popular hash browns     &lt;/description&gt;     &lt;calories&gt;950&lt;/calories&gt; &lt;/food&gt; &lt;/breakfast_menu&gt;</option>
                     <option name="isCopy">true</option>
                  </options>
               </field>
            </tempFields>
            <notes/>
            <deployment skipIfRunning="false" suspendOnFault="false" tracingLevel="none">
               <rest>
                  <allowAnonymousAccess/>
               </rest>
            </deployment>
            <flow id="a">
               <start id="b">
                  <link id="lsyhhw20" targetId="lsyhhw1z"/>
               </start>
               <assignment id="lsyhhw1z">
                  <title>Assignment to Output</title>
                  <operation source="formula" to="output.Output">
                     <expression language="XQuery">util:toJSON($temp.Temp_xml )</expression>
                  </operation>
                  <link id="lsyhhw21" targetId="c"/>
               </assignment>
               <end id="c"/>
            </flow>
         </process>
      </types1:Entry>
      <types1:GUID>ahWXFhT57r4e6tAdxV1POO</types1:GUID>
      <types1:DisplayName>Process7</types1:DisplayName>
   </types1:Item>
   <types1:CurrentServerDateTime>2024-04-02T04:24:34.612Z</types1:CurrentServerDateTime>
</aetgt:getResponse>
