<aetgt:getResponse xmlns:aetgt="http://schemas.active-endpoints.com/appmodules/repository/2010/10/avrepository.xsd"
                   xmlns:types1="http://schemas.active-endpoints.com/appmodules/repository/2010/10/avrepository.xsd">
   <types1:Item>
      <types1:EntryId>ibdxWq9bdsreK8Z-gt-653333-2024-03-25T10:38:34.142Z::pd.xml</types1:EntryId>
      <types1:Name>Process_R_W_R</types1:Name>
      <types1:MimeType>application/xml+process</types1:MimeType>
      <types1:Description/>
      <types1:AppliesTo/>
      <types1:Tags>.anonymous</types1:Tags>
      <types1:VersionLabel>1.0</types1:VersionLabel>
      <types1:State>CURRENT</types1:State>
      <types1:ProcessGroup/>
      <types1:CreatedBy>hariprasadj.in@mouritech.com.march</types1:CreatedBy>
      <types1:CreationDate>2024-03-25T10:38:34Z</types1:CreationDate>
      <types1:ModifiedBy>hariprasadj.in@mouritech.com.march</types1:ModifiedBy>
      <types1:ModificationDate>2024-03-25T10:40:53Z</types1:ModificationDate>
      <types1:PublicationStatus>unpublished</types1:PublicationStatus>
      <types1:AutosaveExists>false</types1:AutosaveExists>
      <types1:Entry>
         <process xmlns="http://schemas.active-endpoints.com/appmodules/screenflow/2010/10/avosScreenflow.xsd"
                  xmlns:tfm="http://schemas.active-endpoints.com/appmodules/screenflow/2021/04/taskflowModel.xsd"
                  xmlns:list="urn:activevos:spi:list:functions"
                  displayName="Process_R_W_R"
                  name="Process_R_W_R"
                  overrideAPIName="false">
            <parameterSet xmlns="http://schemas.active-endpoints.com/appmodules/screenflow/2021/04/taskflowModel.xsd"/>
            <appliesTo/>
            <description/>
            <tags>.anonymous</tags>
            <generator>Informatica Process Designer 11</generator>
            <notes/>
            <deployment skipIfRunning="false" suspendOnFault="false" tracingLevel="none">
               <rest>
                  <allowAnonymousAccess/>
               </rest>
            </deployment>
            <flow id="a">
               <start id="b">
                  <link id="lra5w4ys" targetId="lra5w4yr"/>
               </start>
               <service id="lra5w4yr">
                  <title>Run Cloud Task</title>
                  <serviceName>ICSExecuteTask</serviceName>
                  <serviceGUID/>
                  <serviceInput>
                     <parameter name="Task Name" source="constant">MCT_Create user [MCT]</parameter>
                     <parameter name="Wait for Task to Complete" source="constant">false</parameter>
                     <parameter name="Fail on Cloud Task Errors" source="constant">false</parameter>
                     <parameter name="GUID" source="constant">eU9w0ukLz6DgtHDA94gVk3</parameter>
                  </serviceInput>
                  <link id="lra5w4z3" targetId="lra5w4z2"/>
               </service>
               <service id="lra5w4z7">
                  <title>Run Cloud Task</title>
                  <serviceName>ICSExecuteTask</serviceName>
                  <serviceGUID/>
                  <serviceInput>
                     <parameter name="Task Name" source="constant">MappingTask2 [MCT]</parameter>
                     <parameter name="Wait for Task to Complete" source="constant">false</parameter>
                     <parameter name="Fail on Cloud Task Errors" source="constant">false</parameter>
                     <parameter name="GUID" source="constant">7psRZIo57JCjHEUXjPNO8Y</parameter>
                  </serviceInput>
                  <link id="lra5w4z9" targetId="c"/>
               </service>
               <wait id="lra5w4z2">
                  <title>Wait 1</title>
                  <duration source="formula">
                     <function name="duration_expression">
                        <arg name="value">1</arg>
                        <arg name="scale">M</arg>
                        <arg name="businessDays"/>
                     </function>
                  </duration>
                  <link id="lra5w4z8" targetId="lra5w4z7"/>
               </wait>
               <end id="c"/>
            </flow>
         </process>
         <ns1:sample-data-sets xmlns:ns1="http://schemas.active-endpoints.com/appmodules/repository/2010/10/sampleData.xsd">
            <ns1:SampleData>
               <ns1:Id>a4b9fbec-bf64-4965-9fc0-5961c928d248</ns1:Id>
               <ns1:Name>in1</ns1:Name>
               <ns1:CreatedBy>hariprasadj.in@mouritech.com.march</ns1:CreatedBy>
               <ns1:CreationDate>2024-03-25T10:38:34Z</ns1:CreationDate>
               <ns1:ModifiedBy>hariprasadj.in@mouritech.com.march</ns1:ModifiedBy>
               <ns1:ModificationDate>2024-03-25T10:40:53Z</ns1:ModificationDate>
               <ns1:Data format="json">{}</ns1:Data>
            </ns1:SampleData>
            <ns1:SampleData>
               <ns1:Id>e171e6cd-185b-4e62-b6df-72ddf0680867</ns1:Id>
               <ns1:Name>inp1</ns1:Name>
               <ns1:CreatedBy>hariprasadj.in@mouritech.com.march</ns1:CreatedBy>
               <ns1:CreationDate>2024-03-25T10:38:34Z</ns1:CreationDate>
               <ns1:ModifiedBy>hariprasadj.in@mouritech.com.march</ns1:ModifiedBy>
               <ns1:ModificationDate>2024-03-25T10:40:53Z</ns1:ModificationDate>
               <ns1:Data format="json">{}</ns1:Data>
            </ns1:SampleData>
         </ns1:sample-data-sets>
      </types1:Entry>
      <types1:GUID>aNLJ4JmL8tifDiVYADY4Kl</types1:GUID>
      <types1:DisplayName>Process_R_W_R</types1:DisplayName>
   </types1:Item>
   <types1:CurrentServerDateTime>2024-04-02T04:24:43.604Z</types1:CurrentServerDateTime>
</aetgt:getResponse>
