<aetgt:getResponse xmlns:aetgt="http://schemas.active-endpoints.com/appmodules/repository/2010/10/avrepository.xsd"
                   xmlns:types1="http://schemas.active-endpoints.com/appmodules/repository/2010/10/avrepository.xsd">
   <types1:Item>
      <types1:EntryId>LlpgneO0fXs3C6L-gt-7308357-2024-03-14T08:56:16.01Z::pd.xml</types1:EntryId>
      <types1:Name>Process18</types1:Name>
      <types1:MimeType>application/xml+process</types1:MimeType>
      <types1:Description/>
      <types1:AppliesTo/>
      <types1:Tags>.anonymous</types1:Tags>
      <types1:VersionLabel>1.0</types1:VersionLabel>
      <types1:State>CURRENT</types1:State>
      <types1:ProcessGroup/>
      <types1:CreatedBy>hariprasadj.in@mouritech.com.march</types1:CreatedBy>
      <types1:CreationDate>2024-03-14T08:56:16Z</types1:CreationDate>
      <types1:ModifiedBy>hariprasadj.in@mouritech.com.march</types1:ModifiedBy>
      <types1:ModificationDate>2024-03-14T08:57:03Z</types1:ModificationDate>
      <types1:PublicationStatus>published</types1:PublicationStatus>
      <types1:PublishedBy>hariprasadj.in@mouritech.com.march</types1:PublishedBy>
      <types1:PublicationDate>2024-03-14T08:57:11Z</types1:PublicationDate>
      <types1:PublishedContributionId>project:/spi.Process18/Process18.pd.xml</types1:PublishedContributionId>
      <types1:AutosaveExists>false</types1:AutosaveExists>
      <types1:Entry>
         <process xmlns="http://schemas.active-endpoints.com/appmodules/screenflow/2010/10/avosScreenflow.xsd"
                  xmlns:tfm="http://schemas.active-endpoints.com/appmodules/screenflow/2021/04/taskflowModel.xsd"
                  xmlns:list="urn:activevos:spi:list:functions"
                  displayName="Process18"
                  name="Process18"
                  overrideAPIName="false">
            <parameterSet xmlns="http://schemas.active-endpoints.com/appmodules/screenflow/2021/04/taskflowModel.xsd"/>
            <appliesTo/>
            <description/>
            <tags>.anonymous</tags>
            <generator>Informatica Process Designer 11</generator>
            <input>
               <parameter description="" name="input" type="reference">
                  <options>
                     <option name="referenceTo">$po:$any</option>
                     <option name="required">false</option>
                     <option name="isCopy">true</option>
                  </options>
               </parameter>
            </input>
            <output>
               <field description="" name="output" type="reference">
                  <options>
                     <option name="referenceTo">$po:$any</option>
                     <option name="required">false</option>
                     <option name="isCopy">true</option>
                  </options>
               </field>
            </output>
            <notes/>
            <deployment skipIfRunning="false" suspendOnFault="false" tracingLevel="none">
               <rest>
                  <allowAnonymousAccess/>
               </rest>
            </deployment>
            <flow id="a">
               <start id="b">
                  <link id="ltqztnjg" targetId="ltqztnjf"/>
               </start>
               <assignment id="ltqztnjf">
                  <title>Assignment to input, output</title>
                  <operation source="formula" to="input.input">
                     <expression language="XQuery">&lt;library&gt;
  &lt;book&gt;
    &lt;title&gt;Harry Potter and the Sorcerer's Stone&lt;/title&gt;
    &lt;author&gt;J.K. Rowling&lt;/author&gt;
    &lt;genre&gt;Fantasy&lt;/genre&gt;
    &lt;year&gt;1997&lt;/year&gt;
    &lt;price&gt;10.99&lt;/price&gt;
  &lt;/book&gt;
  &lt;book&gt;
    &lt;title&gt;The Great Gatsby&lt;/title&gt;
    &lt;author&gt;F. Scott Fitzgerald&lt;/author&gt;
    &lt;genre&gt;Classic&lt;/genre&gt;
    &lt;year&gt;1925&lt;/year&gt;
    &lt;price&gt;8.99&lt;/price&gt;
  &lt;/book&gt;
  &lt;book&gt;
    &lt;title&gt;To Kill a Mockingbird&lt;/title&gt;
    &lt;author&gt;Harper Lee&lt;/author&gt;
    &lt;genre&gt;Fiction&lt;/genre&gt;
    &lt;year&gt;1960&lt;/year&gt;
    &lt;price&gt;9.99&lt;/price&gt;
  &lt;/book&gt;
&lt;/library&gt;
</expression>
                  </operation>
                  <operation source="formula" to="output.output">
                     <expression language="XQuery">$input.input </expression>
                  </operation>
                  <link id="ltqztnjh" targetId="c"/>
               </assignment>
               <end id="c"/>
            </flow>
         </process>
      </types1:Entry>
      <types1:GUID>bPl3w5yLkk3dSFJ4Egugma</types1:GUID>
      <types1:DisplayName>Process18</types1:DisplayName>
   </types1:Item>
   <types1:CurrentServerDateTime>2024-04-02T04:24:34.904Z</types1:CurrentServerDateTime>
</aetgt:getResponse>
