<aetgt:getResponse xmlns:aetgt="http://schemas.active-endpoints.com/appmodules/repository/2010/10/avrepository.xsd"
                   xmlns:types1="http://schemas.active-endpoints.com/appmodules/repository/2010/10/avrepository.xsd">
   <types1:Item>
      <types1:EntryId>mq9dwMbgbdoPVm5-gt-7548501-2024-03-14T09:55:52.206Z::pd.xml</types1:EntryId>
      <types1:Name>Process19</types1:Name>
      <types1:MimeType>application/xml+process</types1:MimeType>
      <types1:Description/>
      <types1:AppliesTo/>
      <types1:Tags/>
      <types1:VersionLabel>1.0</types1:VersionLabel>
      <types1:State>CURRENT</types1:State>
      <types1:ProcessGroup/>
      <types1:CreatedBy>hariprasadj.in@mouritech.com.march</types1:CreatedBy>
      <types1:CreationDate>2024-03-14T09:55:52Z</types1:CreationDate>
      <types1:ModifiedBy/>
      <types1:PublicationStatus>unpublished</types1:PublicationStatus>
      <types1:AutosaveExists>false</types1:AutosaveExists>
      <types1:Entry>
         <process xmlns="http://schemas.active-endpoints.com/appmodules/screenflow/2010/10/avosScreenflow.xsd"
                  xmlns:tfm="http://schemas.active-endpoints.com/appmodules/screenflow/2021/04/taskflowModel.xsd"
                  xmlns:list="urn:activevos:spi:list:functions"
                  displayName="Process19"
                  name="Process19"
                  overrideAPIName="false">
            <parameterSet xmlns="http://schemas.active-endpoints.com/appmodules/screenflow/2021/04/taskflowModel.xsd"/>
            <appliesTo/>
            <description/>
            <tags/>
            <generator>Informatica Process Designer 11</generator>
            <output>
               <field description="" name="output" type="reference">
                  <options>
                     <option name="referenceTo">$po:$any</option>
                     <option name="required">false</option>
                     <option name="isCopy">true</option>
                  </options>
               </field>
            </output>
            <tempFields>
               <field description="" name="temp" type="reference">
                  <options>
                     <option name="referenceTo">$po:$any</option>
                     <option name="required">false</option>
                     <option name="initialvalue">{   "library": [     {       "title": "Harry Potter and the Sorcerer's Stone",       "author": "J.K. Rowling",       "genre": "Fantasy",       "year": 1997,       "price": 10.99     },     {       "title": "The Great Gatsby",       "author": "F. Scott Fitzgerald",       "genre": "Classic",       "year": 1925,       "price": 8.99     },     {       "title": "To Kill a Mockingbird",       "author": "Harper Lee",       "genre": "Fiction",       "year": 1960,       "price": 9.99     }   ] }</option>
                     <option name="isCopy">true</option>
                  </options>
               </field>
            </tempFields>
            <notes/>
            <deployment skipIfRunning="false" suspendOnFault="false" tracingLevel="none">
               <rest/>
            </deployment>
            <flow id="a">
               <start id="b">
                  <link id="ltr1zly0" targetId="ltr1zlxz"/>
               </start>
               <assignment id="ltr1zlxz">
                  <title>Assignment to temp, output</title>
                  <operation source="field" to="temp.temp">temp.temp</operation>
                  <operation source="field" to="output.output">temp.temp</operation>
                  <link id="ltr1zly1" targetId="c"/>
               </assignment>
               <end id="c"/>
            </flow>
         </process>
      </types1:Entry>
      <types1:GUID>9lqz1soVB0Cbp6OUvSFXu7</types1:GUID>
      <types1:DisplayName>Process19</types1:DisplayName>
   </types1:Item>
   <types1:CurrentServerDateTime>2024-04-02T04:24:35.695Z</types1:CurrentServerDateTime>
</aetgt:getResponse>
