<aetgt:getResponse xmlns:aetgt="http://schemas.active-endpoints.com/appmodules/repository/2010/10/avrepository.xsd"
                   xmlns:types1="http://schemas.active-endpoints.com/appmodules/repository/2010/10/avrepository.xsd">
   <types1:Item>
      <types1:EntryId>1g7Gaaa-gt-4149102-2024-03-04T09:16:22.849Z::po.xml</types1:EntryId>
      <types1:Name>Sample1Type</types1:Name>
      <types1:MimeType>application/xml+processobject</types1:MimeType>
      <types1:Description/>
      <types1:AppliesTo/>
      <types1:Tags/>
      <types1:VersionLabel>1.0</types1:VersionLabel>
      <types1:State>CURRENT</types1:State>
      <types1:ProcessGroup/>
      <types1:CreatedBy>hariprasadj.in@mouritech.com.march</types1:CreatedBy>
      <types1:CreationDate>2024-03-04T09:16:23Z</types1:CreationDate>
      <types1:ModifiedBy>hariprasadj.in@mouritech.com.march</types1:ModifiedBy>
      <types1:ModificationDate>2024-03-05T04:04:30Z</types1:ModificationDate>
      <types1:PublicationStatus>unpublished</types1:PublicationStatus>
      <types1:AutosaveExists>false</types1:AutosaveExists>
      <types1:Entry>
         <processObject xmlns="http://schemas.active-endpoints.com/appmodules/screenflow/2011/06/avosHostEnvironment.xsd"
                        xmlns:aetgt="http://schemas.informatica.com/socrates/processobject/factory/2019/07/internal/infaProcessObjectFactory.xsd"
                        xmlns:internal2="http://schemas.informatica.com/socrates/processobject/factory/2019/07/internal/infaProcessObjectFactory.xsd"
                        xmlns:ns2="http://schemas.active-endpoints.com/appmodules/screenflow/2011/07/avosCommon.xsd"
                        isByCopy="true"
                        name="Sample1Type">
            <description>This object was generated from [Sample1Type complex type] located in the [Sample1.Json.xsd] source XML schema.</description>
            <detail>
               <field label="gender" name="gender" nullable="true" type="string"/>
               <field label="last_name"
                      name="last_name"
                      nullable="true"
                      type="string"/>
               <field label="id" name="id" nullable="true" type="int"/>
               <field label="ip_address"
                      name="ip_address"
                      nullable="true"
                      type="string"/>
               <field label="first_name"
                      name="first_name"
                      nullable="true"
                      type="string"/>
               <field label="email" name="email" nullable="true" type="string"/>
            </detail>
         </processObject>
      </types1:Entry>
      <types1:GUID>2cR9JslM0CXkQWzlBLXKOZ</types1:GUID>
      <types1:DisplayName>Sample1Type</types1:DisplayName>
   </types1:Item>
   <types1:CurrentServerDateTime>2024-04-02T04:24:35.243Z</types1:CurrentServerDateTime>
</aetgt:getResponse>
