<aetgt:getResponse xmlns:aetgt="http://schemas.active-endpoints.com/appmodules/repository/2010/10/avrepository.xsd"
                   xmlns:types1="http://schemas.active-endpoints.com/appmodules/repository/2010/10/avrepository.xsd">
   <types1:Item>
      <types1:EntryId>kQ0ARabbfTQbdxW-gt-4149251-2024-03-04T09:16:26.164Z::svc.xml</types1:EntryId>
      <types1:Name>ServiceConn</types1:Name>
      <types1:MimeType>application/xml+businesssconnector</types1:MimeType>
      <types1:Description/>
      <types1:AppliesTo/>
      <types1:Tags/>
      <types1:VersionLabel>1.0</types1:VersionLabel>
      <types1:State>CURRENT</types1:State>
      <types1:ProcessGroup/>
      <types1:CreatedBy>hariprasadj.in@mouritech.com.march</types1:CreatedBy>
      <types1:CreationDate>2024-03-04T09:16:26Z</types1:CreationDate>
      <types1:ModifiedBy>hariprasadj.in@mouritech.com.march</types1:ModifiedBy>
      <types1:ModificationDate>2024-03-25T10:40:31Z</types1:ModificationDate>
      <types1:PublicationStatus>unpublished</types1:PublicationStatus>
      <types1:AutosaveExists>false</types1:AutosaveExists>
      <types1:Entry>
         <businessConnector xmlns="http://schemas.informatica.com/socrates/data-services/2014/05/business-connector-model.xsd"
                            agentOnly="false"
                            debug="false"
                            displayName="ServiceConn"
                            label=""
                            name="ServiceConn"
                            uuid="14e9beb0-43eb-4803-8c3c-e087f66adb4c">
            <description/>
            <tags/>
            <connectionAttributes xmlns="http://schemas.informatica.com/appmodules/screenflow/2014/04/avosConnectors.xsd"/>
            <actions>
               <action category=""
                       failOnError="true"
                       forSearch="false"
                       isAbstract="true"
                       label="BaseAction"
                       maxRedirects="100"
                       name="BaseAction"
                       preemptiveAuth="true"
                       responseEncoding="">
                  <description/>
                  <input/>
                  <binding>
                     <restSimpleBinding multiUsing="semicolonSeparated"
                                        url="http://www.dneonline.com/calculator.asmx"
                                        verb="POST">
                        <mutualAuth enabled="false">
                           <keyStore mode="file"/>
                           <keyStorePassword/>
                        </mutualAuth>
                        <httpHeaders>
                           <header name="Content-Type">text/xml; charset=utf-8</header>
                        </httpHeaders>
                        <body/>
                     </restSimpleBinding>
                  </binding>
                  <output/>
               </action>
               <action category=""
                       failOnError="true"
                       forSearch="false"
                       inherits="BaseAction"
                       label="Add"
                       maxRedirects="100"
                       name="Add"
                       preemptiveAuth="true"
                       responseEncoding="">
                  <description/>
                  <inheritanceMetadata>
                     <section type="restSimpleBinding">
                        <attribute inherit="inherit" name="url" type="url"/>
                        <section type="mutualAuth">
                           <attribute inherit="inherit" name="keyStore" type="parameter"/>
                           <attribute inherit="inherit" name="keyStorePassword" type="parameter"/>
                        </section>
                        <section type="body">
                           <attribute inherit="inherit" name="generateUsing" type="generateUsing"/>
                           <attribute inherit="overwrite" name="content" type="content"/>
                        </section>
                        <section type="httpHeaders">
                           <attribute inherit="inherit" name="Content-Type" type="header"/>
                        </section>
                     </section>
                  </inheritanceMetadata>
                  <input>
                     <parameter description=""
                                label=""
                                name="intA"
                                required="false"
                                testWith="20"
                                type="string"/>
                     <parameter description=""
                                label=""
                                name="intB"
                                required="false"
                                testWith="10"
                                type="string"/>
                  </input>
                  <binding>
                     <restSimpleBinding multiUsing="semicolonSeparated"
                                        url="http://www.dneonline.com/calculator.asmx"
                                        verb="POST">
                        <authentication>
                           <username/>
                           <password/>
                           <isExpressionInPassword>false</isExpressionInPassword>
                        </authentication>
                        <mutualAuth enabled="false">
                           <keyStore mode="file"/>
                           <keyStorePassword/>
                        </mutualAuth>
                        <httpHeaders>
                           <header name="SOAPAction">"http://tempuri.org/Add"</header>
                        </httpHeaders>
                        <body xmlns:sconn="http://schemas.informatica.com/socrates/data-services/2014/05/business-connector-model.xsd">&lt;soap:Envelope xmlns:soap="http://schemas.xmlsoap.org/soap/envelope/"&gt;
   &lt;soap:Header/&gt;
   &lt;soap:Body&gt;
      &lt;ns:Add xmlns:ns="http://tempuri.org/"&gt;
         &lt;ns:intA&gt;{ $intA }&lt;/ns:intA&gt;
         &lt;ns:intB&gt;{ $intB }&lt;/ns:intB&gt;
      &lt;/ns:Add&gt;
   &lt;/soap:Body&gt;
&lt;/soap:Envelope&gt;</body>
                     </restSimpleBinding>
                  </binding>
                  <output>
                     <field name="AddResponse" type="reference">
                        <options>
                           <option name="referenceTo">AddResponse_AT</option>
                           <option name="isCopy">true</option>
                        </options>
                        <xquery>{util:simplifyXml(//*[local-name()='AddResponse'])}</xquery>
                     </field>
                  </output>
               </action>
               <action category=""
                       failOnError="true"
                       forSearch="false"
                       inherits="BaseAction"
                       label="Subtract"
                       maxRedirects="100"
                       name="Subtract"
                       preemptiveAuth="true"
                       responseEncoding="">
                  <description/>
                  <inheritanceMetadata>
                     <section type="restSimpleBinding">
                        <attribute inherit="inherit" name="url" type="url"/>
                        <section type="mutualAuth">
                           <attribute inherit="inherit" name="keyStore" type="parameter"/>
                           <attribute inherit="inherit" name="keyStorePassword" type="parameter"/>
                        </section>
                        <section type="body">
                           <attribute inherit="inherit" name="generateUsing" type="generateUsing"/>
                           <attribute inherit="overwrite" name="content" type="content"/>
                        </section>
                        <section type="httpHeaders">
                           <attribute inherit="inherit" name="Content-Type" type="header"/>
                        </section>
                     </section>
                  </inheritanceMetadata>
                  <input>
                     <parameter name="Subtract" required="false" testWith="" type="reference">
                        <options>
                           <option name="referenceTo">Subtract_AT</option>
                           <option name="isCopy">true</option>
                        </options>
                     </parameter>
                  </input>
                  <binding>
                     <restSimpleBinding multiUsing="semicolonSeparated"
                                        url="http://www.dneonline.com/calculator.asmx"
                                        verb="POST">
                        <authentication>
                           <username/>
                           <password/>
                           <isExpressionInPassword>false</isExpressionInPassword>
                        </authentication>
                        <mutualAuth enabled="false">
                           <keyStore mode="file"/>
                           <keyStorePassword/>
                        </mutualAuth>
                        <httpHeaders>
                           <header name="SOAPAction">"http://tempuri.org/Subtract"</header>
                        </httpHeaders>
                        <body xmlns:sconn="http://schemas.informatica.com/socrates/data-services/2014/05/business-connector-model.xsd">&lt;soap:Envelope xmlns:soap="http://schemas.xmlsoap.org/soap/envelope/"&gt;
   &lt;soap:Header/&gt;
   &lt;soap:Body&gt;
      &lt;ns:Subtract xmlns:ns="http://tempuri.org/"&gt;
         &lt;ns:intA&gt;{$Subtract/intA/text()}&lt;/ns:intA&gt;
         &lt;ns:intB&gt;{$Subtract/intB/text()}&lt;/ns:intB&gt;
      &lt;/ns:Subtract&gt;
   &lt;/soap:Body&gt;
&lt;/soap:Envelope&gt;</body>
                     </restSimpleBinding>
                  </binding>
                  <output>
                     <field name="SubtractResponse" type="reference">
                        <options>
                           <option name="referenceTo">SubtractResponse_AT</option>
                           <option name="isCopy">true</option>
                        </options>
                        <xquery>{util:simplifyXml(//*[local-name()='SubtractResponse'])}</xquery>
                     </field>
                  </output>
               </action>
               <action category=""
                       failOnError="true"
                       forSearch="false"
                       inherits="BaseAction"
                       label="Multiply"
                       maxRedirects="100"
                       name="Multiply"
                       preemptiveAuth="true"
                       responseEncoding="">
                  <description/>
                  <inheritanceMetadata>
                     <section type="restSimpleBinding">
                        <attribute inherit="inherit" name="url" type="url"/>
                        <section type="mutualAuth">
                           <attribute inherit="inherit" name="keyStore" type="parameter"/>
                           <attribute inherit="inherit" name="keyStorePassword" type="parameter"/>
                        </section>
                        <section type="body">
                           <attribute inherit="inherit" name="generateUsing" type="generateUsing"/>
                           <attribute inherit="overwrite" name="content" type="content"/>
                        </section>
                        <section type="httpHeaders">
                           <attribute inherit="inherit" name="Content-Type" type="header"/>
                        </section>
                     </section>
                  </inheritanceMetadata>
                  <input>
                     <parameter name="Multiply" required="false" testWith="" type="reference">
                        <options>
                           <option name="referenceTo">Multiply_AT</option>
                           <option name="isCopy">true</option>
                        </options>
                     </parameter>
                  </input>
                  <binding>
                     <restSimpleBinding multiUsing="semicolonSeparated"
                                        url="http://www.dneonline.com/calculator.asmx"
                                        verb="POST">
                        <authentication>
                           <username/>
                           <password/>
                           <isExpressionInPassword>false</isExpressionInPassword>
                        </authentication>
                        <mutualAuth enabled="false">
                           <keyStore mode="file"/>
                           <keyStorePassword/>
                        </mutualAuth>
                        <httpHeaders>
                           <header name="SOAPAction">"http://tempuri.org/Multiply"</header>
                        </httpHeaders>
                        <body xmlns:sconn="http://schemas.informatica.com/socrates/data-services/2014/05/business-connector-model.xsd">&lt;soap:Envelope xmlns:soap="http://schemas.xmlsoap.org/soap/envelope/"&gt;
   &lt;soap:Header/&gt;
   &lt;soap:Body&gt;
      &lt;ns:Multiply xmlns:ns="http://tempuri.org/"&gt;
         &lt;ns:intA&gt;{$Multiply/intA/text()}&lt;/ns:intA&gt;
         &lt;ns:intB&gt;{$Multiply/intB/text()}&lt;/ns:intB&gt;
      &lt;/ns:Multiply&gt;
   &lt;/soap:Body&gt;
&lt;/soap:Envelope&gt;</body>
                     </restSimpleBinding>
                  </binding>
                  <output>
                     <field name="MultiplyResponse" type="reference">
                        <options>
                           <option name="referenceTo">MultiplyResponse_AT</option>
                           <option name="isCopy">true</option>
                        </options>
                        <xquery>{util:simplifyXml(//*[local-name()='MultiplyResponse'])}</xquery>
                     </field>
                  </output>
               </action>
               <action category=""
                       failOnError="true"
                       forSearch="false"
                       inherits="BaseAction"
                       label="Divide"
                       maxRedirects="100"
                       name="Divide"
                       preemptiveAuth="true"
                       responseEncoding="">
                  <description/>
                  <inheritanceMetadata>
                     <section type="restSimpleBinding">
                        <attribute inherit="inherit" name="url" type="url"/>
                        <section type="mutualAuth">
                           <attribute inherit="inherit" name="keyStore" type="parameter"/>
                           <attribute inherit="inherit" name="keyStorePassword" type="parameter"/>
                        </section>
                        <section type="body">
                           <attribute inherit="inherit" name="generateUsing" type="generateUsing"/>
                           <attribute inherit="overwrite" name="content" type="content"/>
                        </section>
                        <section type="httpHeaders">
                           <attribute inherit="inherit" name="Content-Type" type="header"/>
                        </section>
                     </section>
                  </inheritanceMetadata>
                  <input>
                     <parameter name="Divide" required="false" testWith="" type="reference">
                        <options>
                           <option name="referenceTo">Divide_AT</option>
                           <option name="isCopy">true</option>
                        </options>
                     </parameter>
                  </input>
                  <binding>
                     <restSimpleBinding multiUsing="semicolonSeparated"
                                        url="http://www.dneonline.com/calculator.asmx"
                                        verb="POST">
                        <authentication>
                           <username/>
                           <password/>
                           <isExpressionInPassword>false</isExpressionInPassword>
                        </authentication>
                        <mutualAuth enabled="false">
                           <keyStore mode="file"/>
                           <keyStorePassword/>
                        </mutualAuth>
                        <httpHeaders>
                           <header name="SOAPAction">"http://tempuri.org/Divide"</header>
                        </httpHeaders>
                        <body xmlns:sconn="http://schemas.informatica.com/socrates/data-services/2014/05/business-connector-model.xsd">&lt;soap:Envelope xmlns:soap="http://schemas.xmlsoap.org/soap/envelope/"&gt;
   &lt;soap:Header/&gt;
   &lt;soap:Body&gt;
      &lt;ns:Divide xmlns:ns="http://tempuri.org/"&gt;
         &lt;ns:intA&gt;{$Divide/intA/text()}&lt;/ns:intA&gt;
         &lt;ns:intB&gt;{$Divide/intB/text()}&lt;/ns:intB&gt;
      &lt;/ns:Divide&gt;
   &lt;/soap:Body&gt;
&lt;/soap:Envelope&gt;</body>
                     </restSimpleBinding>
                  </binding>
                  <output>
                     <field name="DivideResponse" type="reference">
                        <options>
                           <option name="referenceTo">DivideResponse_AT</option>
                           <option name="isCopy">true</option>
                        </options>
                        <xquery>{util:simplifyXml(//*[local-name()='DivideResponse'])}</xquery>
                     </field>
                  </output>
               </action>
            </actions>
            <objects>
               <processObject xmlns="http://schemas.active-endpoints.com/appmodules/screenflow/2011/06/avosHostEnvironment.xsd"
                              isByCopy="true"
                              name="AddResponse_AT">
                  <description/>
                  <detail>
                     <field name="AddResult" nullable="false" required="true" type="double">
                        <options>
                           <option name="max">2147483647</option>
                           <option name="min">-2147483648</option>
                        </options>
                     </field>
                  </detail>
               </processObject>
               <processObject xmlns="http://schemas.active-endpoints.com/appmodules/screenflow/2011/06/avosHostEnvironment.xsd"
                              isByCopy="true"
                              name="Add_AT">
                  <description/>
                  <detail>
                     <field name="intA" nullable="false" required="true" type="double">
                        <options>
                           <option name="max">2147483647</option>
                           <option name="min">-2147483648</option>
                        </options>
                     </field>
                     <field name="intB" nullable="false" required="true" type="double">
                        <options>
                           <option name="max">2147483647</option>
                           <option name="min">-2147483648</option>
                        </options>
                     </field>
                  </detail>
               </processObject>
               <processObject xmlns="http://schemas.active-endpoints.com/appmodules/screenflow/2011/06/avosHostEnvironment.xsd"
                              isByCopy="true"
                              name="DivideResponse_AT">
                  <description/>
                  <detail>
                     <field name="DivideResult"
                            nullable="false"
                            required="true"
                            type="double">
                        <options>
                           <option name="max">2147483647</option>
                           <option name="min">-2147483648</option>
                        </options>
                     </field>
                  </detail>
               </processObject>
               <processObject xmlns="http://schemas.active-endpoints.com/appmodules/screenflow/2011/06/avosHostEnvironment.xsd"
                              isByCopy="true"
                              name="Divide_AT">
                  <description/>
                  <detail>
                     <field name="intA" nullable="false" required="true" type="double">
                        <options>
                           <option name="max">2147483647</option>
                           <option name="min">-2147483648</option>
                        </options>
                     </field>
                     <field name="intB" nullable="false" required="true" type="double">
                        <options>
                           <option name="max">2147483647</option>
                           <option name="min">-2147483648</option>
                        </options>
                     </field>
                  </detail>
               </processObject>
               <processObject xmlns="http://schemas.active-endpoints.com/appmodules/screenflow/2011/06/avosHostEnvironment.xsd"
                              isByCopy="true"
                              name="MultiplyResponse_AT">
                  <description/>
                  <detail>
                     <field name="MultiplyResult"
                            nullable="false"
                            required="true"
                            type="double">
                        <options>
                           <option name="max">2147483647</option>
                           <option name="min">-2147483648</option>
                        </options>
                     </field>
                  </detail>
               </processObject>
               <processObject xmlns="http://schemas.active-endpoints.com/appmodules/screenflow/2011/06/avosHostEnvironment.xsd"
                              isByCopy="true"
                              name="Multiply_AT">
                  <description/>
                  <detail>
                     <field name="intA" nullable="false" required="true" type="double">
                        <options>
                           <option name="max">2147483647</option>
                           <option name="min">-2147483648</option>
                        </options>
                     </field>
                     <field name="intB" nullable="false" required="true" type="double">
                        <options>
                           <option name="max">2147483647</option>
                           <option name="min">-2147483648</option>
                        </options>
                     </field>
                  </detail>
               </processObject>
               <processObject xmlns="http://schemas.active-endpoints.com/appmodules/screenflow/2011/06/avosHostEnvironment.xsd"
                              isByCopy="true"
                              name="SubtractResponse_AT">
                  <description/>
                  <detail>
                     <field name="SubtractResult"
                            nullable="false"
                            required="true"
                            type="double">
                        <options>
                           <option name="max">2147483647</option>
                           <option name="min">-2147483648</option>
                        </options>
                     </field>
                  </detail>
               </processObject>
               <processObject xmlns="http://schemas.active-endpoints.com/appmodules/screenflow/2011/06/avosHostEnvironment.xsd"
                              isByCopy="true"
                              name="Subtract_AT">
                  <description/>
                  <detail>
                     <field name="intA" nullable="false" required="true" type="double">
                        <options>
                           <option name="max">2147483647</option>
                           <option name="min">-2147483648</option>
                        </options>
                     </field>
                     <field name="intB" nullable="false" required="true" type="double">
                        <options>
                           <option name="max">2147483647</option>
                           <option name="min">-2147483648</option>
                        </options>
                     </field>
                  </detail>
               </processObject>
            </objects>
         </businessConnector>
      </types1:Entry>
      <types1:GUID>acrFBU6W1zeiLflY88w2A6</types1:GUID>
      <types1:DisplayName>ServiceConn</types1:DisplayName>
   </types1:Item>
   <types1:CurrentServerDateTime>2024-04-02T04:24:35.692Z</types1:CurrentServerDateTime>
</aetgt:getResponse>
