<aetgt:getResponse xmlns:aetgt="http://schemas.active-endpoints.com/appmodules/repository/2010/10/avrepository.xsd"
                   xmlns:types1="http://schemas.active-endpoints.com/appmodules/repository/2010/10/avrepository.xsd">
   <types1:Item>
      <types1:EntryId>DjhFXyDQeH2PKDC-gt-4241441-2024-03-04T09:16:24.481Z::svc.xml</types1:EntryId>
      <types1:Name>Src_user1</types1:Name>
      <types1:MimeType>application/xml+businesssconnector</types1:MimeType>
      <types1:Description/>
      <types1:AppliesTo/>
      <types1:Tags/>
      <types1:VersionLabel>1.0</types1:VersionLabel>
      <types1:State>CURRENT</types1:State>
      <types1:ProcessGroup/>
      <types1:CreatedBy>hariprasadj.in@mouritech.com.march</types1:CreatedBy>
      <types1:CreationDate>2024-03-04T09:16:24Z</types1:CreationDate>
      <types1:ModifiedBy>hariprasadj.in@mouritech.com.march</types1:ModifiedBy>
      <types1:ModificationDate>2024-03-25T10:40:30Z</types1:ModificationDate>
      <types1:PublicationStatus>unpublished</types1:PublicationStatus>
      <types1:AutosaveExists>false</types1:AutosaveExists>
      <types1:Entry>
         <businessConnector xmlns="http://schemas.informatica.com/socrates/data-services/2014/05/business-connector-model.xsd"
                            agentOnly="false"
                            debug="false"
                            displayName="Src_user1"
                            label=""
                            name="Src_user1"
                            uuid="551a3a29-a1d4-4740-b268-71d7c6d12d25">
            <description/>
            <tags/>
            <connectionAttributes xmlns="http://schemas.informatica.com/appmodules/screenflow/2014/04/avosConnectors.xsd"/>
            <actions>
               <action category=""
                       failOnError="true"
                       forSearch="false"
                       label="Create user"
                       maxRedirects="100"
                       name="Create user"
                       preemptiveAuth="true"
                       responseEncoding="">
                  <description/>
                  <input>
                     <parameter description=""
                                label=""
                                name="id"
                                required="false"
                                testWith="123456"
                                type="int"/>
                     <parameter description=""
                                label=""
                                name="Name"
                                required="false"
                                testWith="Hari"
                                type="string"/>
                     <parameter description=""
                                label=""
                                name="Email"
                                required="false"
                                testWith="Hari@email.com"
                                type="string"/>
                     <parameter description=""
                                label=""
                                name="Status"
                                required="false"
                                testWith="Active"
                                type="string"/>
                  </input>
                  <binding>
                     <restSimpleBinding multiUsing="semicolonSeparated"
                                        url=" https://gorest.co.in/public/v2/users/ "
                                        verb="POST">
                        <mutualAuth enabled="false">
                           <keyStore mode="file"/>
                           <keyStorePassword/>
                        </mutualAuth>
                        <otherParams>
                           <otherParam inheritance="" name="Id">{$id }</otherParam>
                        </otherParams>
                        <body generateUsing="JSON" preserveJsonStringFormatting="true"/>
                     </restSimpleBinding>
                  </binding>
                  <output>
                     <field description="" entireResponse="true" name="id" type="string"/>
                  </output>
               </action>
            </actions>
            <objects/>
         </businessConnector>
      </types1:Entry>
      <types1:GUID>daAdGpMWXSWbRPLSNZ1HGw</types1:GUID>
      <types1:DisplayName>Src_user1</types1:DisplayName>
   </types1:Item>
   <types1:CurrentServerDateTime>2024-04-02T04:24:35.547Z</types1:CurrentServerDateTime>
</aetgt:getResponse>
