<aetgt:getResponse xmlns:aetgt="http://schemas.active-endpoints.com/appmodules/repository/2010/10/avrepository.xsd"
                   xmlns:types1="http://schemas.active-endpoints.com/appmodules/repository/2010/10/avrepository.xsd">
   <types1:Item>
      <types1:EntryId>YWeIssjqluQgabc-gt-568963-2024-03-25T04:29:31.817Z::svc.xml</types1:EntryId>
      <types1:Name>svc-conn-getdata</types1:Name>
      <types1:ParentFlowIds>G7Jk7KsqeErhNzU-gt-684477-2024-03-25T10:15:23.519Z::conn.xml,kR55aaabdqpw0VP-gt-607041-2024-03-25T04:32:57.164Z::conn.xml</types1:ParentFlowIds>
      <types1:MimeType>application/xml+businesssconnector</types1:MimeType>
      <types1:Description/>
      <types1:AppliesTo/>
      <types1:Tags/>
      <types1:VersionLabel>1.0</types1:VersionLabel>
      <types1:State>CURRENT</types1:State>
      <types1:ProcessGroup/>
      <types1:CreatedBy>hariprasadj.in@mouritech.com.march</types1:CreatedBy>
      <types1:CreationDate>2024-03-25T04:29:32Z</types1:CreationDate>
      <types1:ModifiedBy/>
      <types1:PublicationStatus>published</types1:PublicationStatus>
      <types1:PublishedBy>hariprasadj.in@mouritech.com.march</types1:PublishedBy>
      <types1:PublicationDate>2024-03-25T04:29:36Z</types1:PublicationDate>
      <types1:PublishedContributionId>project:/rt.connector/svc_conn_getdata/svc_conn_getdata_svcDef.xml</types1:PublishedContributionId>
      <types1:AutosaveExists>false</types1:AutosaveExists>
      <types1:Entry>
         <businessConnector xmlns="http://schemas.informatica.com/socrates/data-services/2014/05/business-connector-model.xsd"
                            agentOnly="false"
                            debug="false"
                            displayName="svc-conn-getdata"
                            label=""
                            name="svc-conn-getdata"
                            uuid="cfea7356-277e-477a-b88a-233eb5c9f378">
            <description/>
            <tags/>
            <connectionAttributes xmlns="http://schemas.informatica.com/appmodules/screenflow/2014/04/avosConnectors.xsd"/>
            <actions>
               <action category=""
                       failOnError="true"
                       forSearch="false"
                       label="Get_data"
                       maxRedirects="100"
                       name="Get_data"
                       preemptiveAuth="true"
                       responseEncoding="">
                  <description/>
                  <input/>
                  <binding>
                     <restSimpleBinding multiUsing="semicolonSeparated"
                                        url="https://covid-api.com/api/"
                                        verb="GET">
                        <mutualAuth enabled="false">
                           <keyStore mode="file"/>
                           <keyStorePassword/>
                        </mutualAuth>
                     </restSimpleBinding>
                  </binding>
                  <output>
                     <field description=""
                            entireResponse="true"
                            name="Output_response"
                            type="string"/>
                  </output>
               </action>
            </actions>
            <objects/>
         </businessConnector>
      </types1:Entry>
      <types1:GUID>dDze3zHjk0YlLXQNwCWJcx</types1:GUID>
      <types1:DisplayName>svc-conn-getdata</types1:DisplayName>
   </types1:Item>
   <types1:CurrentServerDateTime>2024-04-02T04:24:35.81Z</types1:CurrentServerDateTime>
</aetgt:getResponse>
