<aetgt:getResponse xmlns:aetgt="http://schemas.active-endpoints.com/appmodules/repository/2010/10/avrepository.xsd"
                   xmlns:types1="http://schemas.active-endpoints.com/appmodules/repository/2010/10/avrepository.xsd">
   <types1:Item>
      <types1:EntryId>619jDySabbeJOSM-gt-7509983-2024-03-14T06:00:09.211Z::svc.xml</types1:EntryId>
      <types1:Name>svc-calculator</types1:Name>
      <types1:ParentFlowIds>mdqwx8R8WrY1Syp-gt-7543803-2024-03-14T09:39:11.201Z::conn.xml</types1:ParentFlowIds>
      <types1:MimeType>application/xml+businesssconnector</types1:MimeType>
      <types1:Description/>
      <types1:AppliesTo/>
      <types1:Tags/>
      <types1:VersionLabel>1.0</types1:VersionLabel>
      <types1:State>CURRENT</types1:State>
      <types1:ProcessGroup/>
      <types1:CreatedBy>hariprasadj.in@mouritech.com.march</types1:CreatedBy>
      <types1:CreationDate>2024-03-14T06:00:09Z</types1:CreationDate>
      <types1:ModifiedBy>hariprasadj.in@mouritech.com.march</types1:ModifiedBy>
      <types1:ModificationDate>2024-03-14T09:47:33Z</types1:ModificationDate>
      <types1:PublicationStatus>out-of-date</types1:PublicationStatus>
      <types1:PublishedBy>hariprasadj.in@mouritech.com.march</types1:PublishedBy>
      <types1:PublicationDate>2024-03-14T09:38:25Z</types1:PublicationDate>
      <types1:PublishedContributionId>project:/rt.connector/svc_calculator/svc_calculator_svcDef.xml</types1:PublishedContributionId>
      <types1:AutosaveExists>false</types1:AutosaveExists>
      <types1:Entry>
         <businessConnector xmlns="http://schemas.informatica.com/socrates/data-services/2014/05/business-connector-model.xsd"
                            agentOnly="false"
                            debug="false"
                            displayName="svc-calculator"
                            label=""
                            name="svc-calculator"
                            uuid="b3edfa50-1a83-4561-8174-12ffb20a9001">
            <description/>
            <tags/>
            <connectionAttributes xmlns="http://schemas.informatica.com/appmodules/screenflow/2014/04/avosConnectors.xsd"/>
            <actions>
               <action category=""
                       failOnError="true"
                       forSearch="false"
                       isAbstract="true"
                       label="calculation"
                       maxRedirects="100"
                       name="calculation"
                       preemptiveAuth="true"
                       responseEncoding="">
                  <description/>
                  <input/>
                  <binding>
                     <restSimpleBinding multiUsing="semicolonSeparated"
                                        url="http://www.dneonline.com/calculator.asmx"
                                        verb="GET">
                        <mutualAuth enabled="false">
                           <keyStore mode="file"/>
                           <keyStorePassword/>
                        </mutualAuth>
                     </restSimpleBinding>
                  </binding>
                  <output>
                     <field description=""
                            entireResponse="true"
                            name="output"
                            type="string"/>
                  </output>
               </action>
               <action category=""
                       failOnError="true"
                       forSearch="false"
                       inherits="calculation"
                       isAbstract="false"
                       label="addition"
                       maxRedirects="100"
                       name="addition"
                       preemptiveAuth="true"
                       responseEncoding="">
                  <description/>
                  <inheritanceMetadata>
                     <section type="output">
                        <section type="outputFields">
                           <attribute inherit="inherit" name="output" type="field"/>
                        </section>
                     </section>
                     <section type="restSimpleBinding">
                        <attribute inherit="inherit" name="url" type="url"/>
                        <section type="mutualAuth">
                           <attribute inherit="inherit" name="keyStore" type="parameter"/>
                           <attribute inherit="inherit" name="keyStorePassword" type="parameter"/>
                        </section>
                     </section>
                  </inheritanceMetadata>
                  <input>
                     <parameter description=""
                                label=""
                                name=""
                                required="false"
                                testWith=""
                                type="string"/>
                  </input>
                  <binding>
                     <restSimpleBinding multiUsing="semicolonSeparated"
                                        url="http://www.dneonline.com/calculator.asmx"
                                        verb="GET">
                        <authentication>
                           <username/>
                           <password/>
                           <isExpressionInPassword>false</isExpressionInPassword>
                        </authentication>
                        <mutualAuth enabled="false">
                           <keyStore mode="file"/>
                           <keyStorePassword/>
                        </mutualAuth>
                     </restSimpleBinding>
                  </binding>
                  <output/>
               </action>
               <action category=""
                       failOnError="true"
                       forSearch="false"
                       inherits="calculation"
                       isAbstract="false"
                       label="subtraction"
                       maxRedirects="100"
                       name="subtraction"
                       preemptiveAuth="true"
                       responseEncoding="">
                  <description/>
                  <inheritanceMetadata>
                     <section type="output">
                        <section type="outputFields">
                           <attribute inherit="inherit" name="output" type="field"/>
                        </section>
                     </section>
                     <section type="restSimpleBinding">
                        <attribute inherit="inherit" name="url" type="url"/>
                        <section type="mutualAuth">
                           <attribute inherit="inherit" name="keyStore" type="parameter"/>
                           <attribute inherit="inherit" name="keyStorePassword" type="parameter"/>
                        </section>
                     </section>
                  </inheritanceMetadata>
                  <input/>
                  <binding>
                     <restSimpleBinding multiUsing="semicolonSeparated"
                                        url="http://www.dneonline.com/calculator.asmx"
                                        verb="GET">
                        <authentication>
                           <username/>
                           <password/>
                           <isExpressionInPassword>false</isExpressionInPassword>
                        </authentication>
                        <mutualAuth enabled="false">
                           <keyStore mode="file"/>
                           <keyStorePassword/>
                        </mutualAuth>
                     </restSimpleBinding>
                  </binding>
                  <output/>
               </action>
               <action category=""
                       failOnError="true"
                       forSearch="false"
                       inherits="calculation"
                       isAbstract="false"
                       label="multiplication"
                       maxRedirects="100"
                       name="multiplication"
                       preemptiveAuth="true"
                       responseEncoding="">
                  <description/>
                  <inheritanceMetadata>
                     <section type="output">
                        <section type="outputFields">
                           <attribute inherit="inherit" name="output" type="field"/>
                        </section>
                     </section>
                     <section type="restSimpleBinding">
                        <attribute inherit="inherit" name="url" type="url"/>
                        <section type="mutualAuth">
                           <attribute inherit="inherit" name="keyStore" type="parameter"/>
                           <attribute inherit="inherit" name="keyStorePassword" type="parameter"/>
                        </section>
                     </section>
                  </inheritanceMetadata>
                  <input/>
                  <binding>
                     <restSimpleBinding multiUsing="semicolonSeparated"
                                        url="http://www.dneonline.com/calculator.asmx"
                                        verb="GET">
                        <authentication>
                           <username/>
                           <password/>
                           <isExpressionInPassword>false</isExpressionInPassword>
                        </authentication>
                        <mutualAuth enabled="false">
                           <keyStore mode="file"/>
                           <keyStorePassword/>
                        </mutualAuth>
                     </restSimpleBinding>
                  </binding>
                  <output/>
               </action>
               <action category=""
                       failOnError="true"
                       forSearch="false"
                       inherits="calculation"
                       isAbstract="false"
                       label="division"
                       maxRedirects="100"
                       name="division"
                       preemptiveAuth="true"
                       responseEncoding="">
                  <description/>
                  <inheritanceMetadata>
                     <section type="output">
                        <section type="outputFields">
                           <attribute inherit="inherit" name="output" type="field"/>
                        </section>
                     </section>
                     <section type="restSimpleBinding">
                        <attribute inherit="inherit" name="url" type="url"/>
                        <section type="mutualAuth">
                           <attribute inherit="inherit" name="keyStore" type="parameter"/>
                           <attribute inherit="inherit" name="keyStorePassword" type="parameter"/>
                        </section>
                     </section>
                  </inheritanceMetadata>
                  <input>
                     <parameter description=""
                                label=""
                                name=""
                                required="false"
                                testWith=""
                                type="string"/>
                  </input>
                  <binding>
                     <restSimpleBinding multiUsing="semicolonSeparated"
                                        url="http://www.dneonline.com/calculator.asmx"
                                        verb="GET">
                        <authentication>
                           <username/>
                           <password/>
                           <isExpressionInPassword>false</isExpressionInPassword>
                        </authentication>
                        <mutualAuth enabled="false">
                           <keyStore mode="file"/>
                           <keyStorePassword/>
                        </mutualAuth>
                     </restSimpleBinding>
                  </binding>
                  <output/>
               </action>
            </actions>
            <objects/>
         </businessConnector>
      </types1:Entry>
      <types1:GUID>8CnBjFWMWUilRl19hxlrgD</types1:GUID>
      <types1:DisplayName>svc-calculator</types1:DisplayName>
   </types1:Item>
   <types1:CurrentServerDateTime>2024-04-02T04:24:34.718Z</types1:CurrentServerDateTime>
</aetgt:getResponse>
