<aetgt:getResponse xmlns:aetgt="http://schemas.active-endpoints.com/appmodules/repository/2010/10/avrepository.xsd"
                   xmlns:types1="http://schemas.active-endpoints.com/appmodules/repository/2010/10/avrepository.xsd">
   <types1:Item>
      <types1:EntryId>bcmw7dvB8aabbgd-gt-683922-2024-03-25T10:14:05.02Z::svc.xml</types1:EntryId>
      <types1:Name>Svc_Getdata</types1:Name>
      <types1:MimeType>application/xml+businesssconnector</types1:MimeType>
      <types1:Description/>
      <types1:AppliesTo/>
      <types1:Tags/>
      <types1:VersionLabel>1.0</types1:VersionLabel>
      <types1:State>CURRENT</types1:State>
      <types1:ProcessGroup/>
      <types1:CreatedBy>hariprasadj.in@mouritech.com.march</types1:CreatedBy>
      <types1:CreationDate>2024-03-25T10:14:05Z</types1:CreationDate>
      <types1:ModifiedBy>hariprasadj.in@mouritech.com.march</types1:ModifiedBy>
      <types1:ModificationDate>2024-03-25T11:36:04Z</types1:ModificationDate>
      <types1:PublicationStatus>published</types1:PublicationStatus>
      <types1:PublishedBy>hariprasadj.in@mouritech.com.march</types1:PublishedBy>
      <types1:PublicationDate>2024-03-25T11:36:07Z</types1:PublicationDate>
      <types1:PublishedContributionId>project:/rt.connector/Svc_Getdata/Svc_Getdata_svcDef.xml</types1:PublishedContributionId>
      <types1:AutosaveExists>false</types1:AutosaveExists>
      <types1:Entry>
         <businessConnector xmlns="http://schemas.informatica.com/socrates/data-services/2014/05/business-connector-model.xsd"
                            agentOnly="false"
                            debug="false"
                            displayName="Svc_Getdata"
                            label=""
                            name="Svc_Getdata"
                            uuid="b89b6d80-7da7-48da-ac68-bebc455cb7b6">
            <description/>
            <tags/>
            <connectionAttributes xmlns="http://schemas.informatica.com/appmodules/screenflow/2014/04/avosConnectors.xsd"/>
            <actions>
               <action category=""
                       failOnError="true"
                       forSearch="false"
                       label="Get"
                       maxRedirects="100"
                       name="Get"
                       preemptiveAuth="true"
                       responseEncoding="">
                  <description/>
                  <input/>
                  <binding>
                     <restSimpleBinding multiUsing="semicolonSeparated"
                                        url="https://dummy.restapiexample.com/api/v1/employees"
                                        verb="GET">
                        <mutualAuth enabled="false">
                           <keyStore mode="file"/>
                           <keyStorePassword/>
                        </mutualAuth>
                     </restSimpleBinding>
                  </binding>
                  <output>
                     <field description=""
                            entireResponse="true"
                            name="output"
                            type="string"/>
                  </output>
               </action>
            </actions>
            <objects>
               <processObject xmlns="http://schemas.active-endpoints.com/appmodules/screenflow/2011/06/avosHostEnvironment.xsd"
                              xmlns:aetgt="http://schemas.informatica.com/appmodules/screenflow/2014/04/avosConnectors.xsd"
                              isByCopy="true"
                              name="root">
                  <description>An automatically generated process object</description>
                  <detail>
                     <field name="data" nullable="true" required="false" type="objectlist">
                        <options>
                           <option name="referenceTo">data</option>
                           <option name="relationshipName">Child</option>
                        </options>
                     </field>
                     <field name="message" nullable="true" required="false" type="string"/>
                     <field name="status" nullable="true" required="false" type="string"/>
                  </detail>
               </processObject>
               <processObject xmlns="http://schemas.active-endpoints.com/appmodules/screenflow/2011/06/avosHostEnvironment.xsd"
                              xmlns:aetgt="http://schemas.informatica.com/appmodules/screenflow/2014/04/avosConnectors.xsd"
                              isByCopy="true"
                              name="data">
                  <description>An automatically generated process object</description>
                  <detail>
                     <field name="profile_image"
                            nullable="true"
                            required="false"
                            type="string"/>
                     <field name="employee_name"
                            nullable="true"
                            required="false"
                            type="string"/>
                     <field name="employee_salary"
                            nullable="true"
                            required="false"
                            type="int"/>
                     <field name="id" nullable="true" required="false" type="int"/>
                     <field name="employee_age" nullable="true" required="false" type="int"/>
                  </detail>
               </processObject>
            </objects>
         </businessConnector>
      </types1:Entry>
      <types1:GUID>1CB2o1BT1zDg7rJrcyJkkj</types1:GUID>
      <types1:DisplayName>Svc_Getdata</types1:DisplayName>
   </types1:Item>
   <types1:CurrentServerDateTime>2024-04-02T04:24:35.37Z</types1:CurrentServerDateTime>
</aetgt:getResponse>
