<aetgt:getResponse xmlns:aetgt="http://schemas.active-endpoints.com/appmodules/repository/2010/10/avrepository.xsd"
                   xmlns:types1="http://schemas.active-endpoints.com/appmodules/repository/2010/10/avrepository.xsd">
   <types1:Item>
      <types1:EntryId>ysUf2hwq9bdsreK-gt-39943023-2024-03-28T12:13:18.391Z::tf.xml</types1:EntryId>
      <types1:Name>Taskflow7</types1:Name>
      <types1:MimeType>application/xml+taskflow</types1:MimeType>
      <types1:Description/>
      <types1:AppliesTo/>
      <types1:Tags/>
      <types1:VersionLabel>1.0</types1:VersionLabel>
      <types1:State>CURRENT</types1:State>
      <types1:ProcessGroup/>
      <types1:CreatedBy>hariprasadj.in@mouritech.com.march</types1:CreatedBy>
      <types1:CreationDate>2024-03-28T12:13:18Z</types1:CreationDate>
      <types1:ModifiedBy>hariprasadj.in@mouritech.com.march</types1:ModifiedBy>
      <types1:ModificationDate>2024-03-28T12:17:41Z</types1:ModificationDate>
      <types1:PublicationStatus>out-of-date</types1:PublicationStatus>
      <types1:PublishedBy>hariprasadj.in@mouritech.com.march</types1:PublishedBy>
      <types1:PublicationDate>2024-03-28T12:13:22Z</types1:PublicationDate>
      <types1:PublishedContributionId>project:/tf.Taskflow7/Taskflow7.tf.xml</types1:PublishedContributionId>
      <types1:AutosaveExists>false</types1:AutosaveExists>
      <types1:Entry>
         <taskflow xmlns="http://schemas.active-endpoints.com/appmodules/screenflow/2010/10/avosScreenflow.xsd"
                   xmlns:tfm="http://schemas.active-endpoints.com/appmodules/screenflow/2021/04/taskflowModel.xsd"
                   xmlns:list="urn:activevos:spi:list:functions"
                   displayName="Taskflow7"
                   name="Taskflow7"
                   overrideAPIName="false">
            <parameterSet xmlns="http://schemas.active-endpoints.com/appmodules/screenflow/2021/04/taskflowModel.xsd"/>
            <appliesTo/>
            <description/>
            <tags/>
            <generator>Informatica Process Designer 11</generator>
            <tempFields>
               <field description="" name="Data Task 1" type="reference">
                  <options>
                     <option name="failOnNotRun">false</option>
                     <option name="failOnFault">false</option>
                     <option name="referenceTo">$po:Map-move--files</option>
                  </options>
               </field>
            </tempFields>
            <notes/>
            <deployment skipIfRunning="false" suspendOnFault="false" tracingLevel="verbose">
               <rest/>
            </deployment>
            <flow id="a">
               <start id="b">
                  <link id="lub720qy" targetId="lub720s4"/>
               </start>
               <eventContainer id="lub720s4">
                  <service id="lub720qx">
                     <title>Data Task 1</title>
                     <serviceName>ICSExecuteDataTask</serviceName>
                     <serviceGUID/>
                     <serviceInput>
                        <parameter name="Wait for Task to Complete" source="constant" updatable="true">true</parameter>
                        <parameter name="Max Wait" source="constant" updatable="true">604800</parameter>
                        <parameter name="Task Name" source="constant" updatable="true">Map_move  files</parameter>
                        <parameter name="GUID" source="constant" updatable="true">5SHV7c4zDEUlGxTrCYdV4u</parameter>
                        <parameter name="Task Type" source="constant" updatable="true">MCT</parameter>
                        <parameter name="Has Inout Parameters" source="constant" updatable="true">false</parameter>
                        <parameter name="taskField" source="nested">
                           <operation source="field" to="Map-move--files">temp.Data Task 1</operation>
                        </parameter>
                     </serviceInput>
                     <serviceOutput>
                        <operation source="field" to="temp.Data Task 1/output/Object_Name">Object Name</operation>
                        <operation source="field" to="temp.Data Task 1/output/Run_Id">Run Id</operation>
                        <operation source="field" to="temp.Data Task 1/output/Log_Id">Log Id</operation>
                        <operation source="field" to="temp.Data Task 1/output/Task_Id">Task Id</operation>
                        <operation source="field" to="temp.Data Task 1/output/Task_Status">Task Status</operation>
                        <operation source="field" to="temp.Data Task 1/output/Success_Source_Rows">Success Source Rows</operation>
                        <operation source="field" to="temp.Data Task 1/output/Failed_Source_Rows">Failed Source Rows</operation>
                        <operation source="field" to="temp.Data Task 1/output/Success_Target_Rows">Success Target Rows</operation>
                        <operation source="field" to="temp.Data Task 1/output/Failed_Target_Rows">Failed Target Rows</operation>
                        <operation source="field" to="temp.Data Task 1/output/Start_Time">Start Time</operation>
                        <operation source="field" to="temp.Data Task 1/output/End_Time">End Time</operation>
                        <operation source="field" to="temp.Data Task 1/output/Error_Message">Error Message</operation>
                        <operation source="field" to="temp.Data Task 1/output/TotalTransErrors">Total Transformation Errors</operation>
                        <operation source="field" to="temp.Data Task 1/output/FirstErrorCode">First Error Code</operation>
                     </serviceOutput>
                  </service>
                  <link id="lub720r4" targetId="lub720r3"/>
                  <events>
                     <catch faultField="temp.Data Task 1/fault"
                            id="lub720s2"
                            interrupting="true"
                            name="error">
                        <suspend/>
                     </catch>
                     <catch faultField="temp.Data Task 1/fault"
                            id="lub720s3"
                            interrupting="true"
                            name="warning"/>
                  </events>
               </eventContainer>
               <container id="lub720r3" type="exclusive">
                  <title>Decision 1</title>
                  <flow id="lub720r7">
                     <assignment id="lub720sv">
                        <title>Assignment 1</title>
                        <operation source="field" to="temp.Data Task 1">temp.Data Task 1</operation>
                     </assignment>
                     <link id="lub720r8" targetId="lub720r3" type="containerLink"/>
                  </flow>
                  <flow id="lub720ra">
                     <throw id="lub720rh">
                        <title>Throw 1</title>
                        <throwInput>
                           <parameter name="code" source="constant" updatable="true">{$temp.DataTask1}</parameter>
                           <parameter name="detail" source="constant" updatable="true"/>
                           <parameter name="reason" source="constant" updatable="true"/>
                        </throwInput>
                     </throw>
                  </flow>
                  <link id="lub720r6" targetId="lub720r7" type="containerLink">
                     <condition source="formula">
                        <function name="set">
                           <arg name="field">{$temp.DataTask1}</arg>
                        </function>
                     </condition>
                  </link>
                  <link id="lub720r9" targetId="lub720ra" type="containerLink">
                     <condition source="formula">
                        <function name="unset">
                           <arg name="field">{$temp.DataTask1}</arg>
                        </function>
                     </condition>
                  </link>
                  <link id="lub720r5" targetId="c"/>
               </container>
               <end id="c"/>
            </flow>
            <dependencies>
               <processObject xmlns="http://schemas.active-endpoints.com/appmodules/screenflow/2011/06/avosHostEnvironment.xsd"
                              displayName="Map-move--files"
                              isByCopy="true"
                              name="Map-move--files">
                  <description/>
                  <tags/>
                  <detail>
                     <field label="TaskProperties Parameters"
                            name="taskProperties"
                            nullable="true"
                            required="false"
                            type="reference"/>
                     <field label="Output Parameters"
                            name="output"
                            nullable="true"
                            required="false"
                            type="reference"/>
                     <field label="Fault"
                            name="fault"
                            nullable="true"
                            required="false"
                            type="reference"/>
                     <field label="Max Wait (Seconds)"
                            name="Max_Wait"
                            nullable="true"
                            required="false"
                            type="int"/>
                  </detail>
               </processObject>
            </dependencies>
         </taskflow>
      </types1:Entry>
      <types1:GUID>7bx8bhf4luEkVWH96Z3XKM</types1:GUID>
      <types1:DisplayName>Taskflow7</types1:DisplayName>
   </types1:Item>
   <types1:CurrentServerDateTime>2024-04-02T04:24:43.589Z</types1:CurrentServerDateTime>
</aetgt:getResponse>
