<aetgt:getResponse xmlns:aetgt="http://schemas.active-endpoints.com/appmodules/repository/2010/10/avrepository.xsd"
                   xmlns:types1="http://schemas.active-endpoints.com/appmodules/repository/2010/10/avrepository.xsd">
   <types1:Item>
      <types1:EntryId>bci0seGbciZBpDU-gt-18764725-2024-03-13T08:41:13.019Z::tf.xml</types1:EntryId>
      <types1:Name>Taskflow6</types1:Name>
      <types1:MimeType>application/xml+taskflow</types1:MimeType>
      <types1:Description/>
      <types1:AppliesTo/>
      <types1:Tags/>
      <types1:VersionLabel>1.0</types1:VersionLabel>
      <types1:State>CURRENT</types1:State>
      <types1:ProcessGroup/>
      <types1:CreatedBy>hariprasadj.in@mouritech.com.march</types1:CreatedBy>
      <types1:CreationDate>2024-03-13T08:41:13Z</types1:CreationDate>
      <types1:ModifiedBy/>
      <types1:PublicationStatus>published</types1:PublicationStatus>
      <types1:PublishedBy>hariprasadj.in@mouritech.com.march</types1:PublishedBy>
      <types1:PublicationDate>2024-03-13T08:41:17Z</types1:PublicationDate>
      <types1:PublishedContributionId>project:/tf.Taskflow6/Taskflow6.tf.xml</types1:PublishedContributionId>
      <types1:AutosaveExists>false</types1:AutosaveExists>
      <types1:Entry>
         <taskflow xmlns="http://schemas.active-endpoints.com/appmodules/screenflow/2010/10/avosScreenflow.xsd"
                   xmlns:tfm="http://schemas.active-endpoints.com/appmodules/screenflow/2021/04/taskflowModel.xsd"
                   xmlns:list="urn:activevos:spi:list:functions"
                   displayName="Taskflow6"
                   name="Taskflow6"
                   overrideAPIName="false">
            <parameterSet xmlns="http://schemas.active-endpoints.com/appmodules/screenflow/2021/04/taskflowModel.xsd"/>
            <appliesTo/>
            <description/>
            <tags/>
            <generator>Informatica Process Designer 11</generator>
            <tempFields>
               <field description="" name="Data Task 1" type="reference">
                  <options>
                     <option name="failOnNotRun">false</option>
                     <option name="failOnFault">false</option>
                     <option name="referenceTo">$po:mct-inout1</option>
                  </options>
               </field>
               <field description="" name="Data Task 2" type="reference">
                  <options>
                     <option name="failOnNotRun">false</option>
                     <option name="failOnFault">false</option>
                     <option name="referenceTo">$po:mct-inout2</option>
                  </options>
               </field>
            </tempFields>
            <notes/>
            <deployment skipIfRunning="false" suspendOnFault="false" tracingLevel="verbose">
               <rest/>
            </deployment>
            <flow id="a">
               <start id="b">
                  <link id="ltpjue08" targetId="ltpjue13"/>
               </start>
               <eventContainer id="ltpjue13">
                  <service id="ltpjue07">
                     <title>Data Task 1</title>
                     <serviceName>ICSExecuteDataTask</serviceName>
                     <serviceGUID/>
                     <serviceInput>
                        <parameter name="Wait for Task to Complete" source="constant" updatable="true">true</parameter>
                        <parameter name="Max Wait" source="constant" updatable="true">604800</parameter>
                        <parameter name="Task Name" source="constant" updatable="true">mct_inout1</parameter>
                        <parameter name="GUID" source="constant" updatable="true">aIhLvr34smMf6Gtqi6a38t</parameter>
                        <parameter name="Task Type" source="constant" updatable="true">MCT</parameter>
                        <parameter name="Has Inout Parameters" source="constant" updatable="true">true</parameter>
                        <parameter name="taskField" source="nested">
                           <operation source="field" to="mct-inout1">temp.Data Task 1</operation>
                        </parameter>
                     </serviceInput>
                     <serviceOutput>
                        <operation source="field" to="temp.Data Task 1/output/Object_Name">Object Name</operation>
                        <operation source="field" to="temp.Data Task 1/output/Run_Id">Run Id</operation>
                        <operation source="field" to="temp.Data Task 1/output/Log_Id">Log Id</operation>
                        <operation source="field" to="temp.Data Task 1/output/Task_Id">Task Id</operation>
                        <operation source="field" to="temp.Data Task 1/output/Task_Status">Task Status</operation>
                        <operation source="field" to="temp.Data Task 1/output/Success_Source_Rows">Success Source Rows</operation>
                        <operation source="field" to="temp.Data Task 1/output/Failed_Source_Rows">Failed Source Rows</operation>
                        <operation source="field" to="temp.Data Task 1/output/Success_Target_Rows">Success Target Rows</operation>
                        <operation source="field" to="temp.Data Task 1/output/Failed_Target_Rows">Failed Target Rows</operation>
                        <operation source="field" to="temp.Data Task 1/output/Start_Time">Start Time</operation>
                        <operation source="field" to="temp.Data Task 1/output/End_Time">End Time</operation>
                        <operation source="field" to="temp.Data Task 1/output/Error_Message">Error Message</operation>
                        <operation source="field" to="temp.Data Task 1/output/TotalTransErrors">Total Transformation Errors</operation>
                        <operation source="field" to="temp.Data Task 1/output/FirstErrorCode">First Error Code</operation>
                        <operation source="field" to="temp.Data Task 1/inout/param1">param1</operation>
                     </serviceOutput>
                  </service>
                  <link id="ltpjue0e" targetId="ltpjue2a"/>
                  <events>
                     <catch faultField="temp.Data Task 1/fault"
                            id="ltpjue11"
                            interrupting="true"
                            name="error">
                        <suspend/>
                     </catch>
                     <catch faultField="temp.Data Task 1/fault"
                            id="ltpjue12"
                            interrupting="true"
                            name="warning"/>
                  </events>
               </eventContainer>
               <eventContainer id="ltpjue2a">
                  <service id="ltpjue0d">
                     <title>Data Task 2</title>
                     <serviceName>ICSExecuteDataTask</serviceName>
                     <serviceGUID/>
                     <serviceInput>
                        <parameter name="Wait for Task to Complete" source="constant" updatable="true">true</parameter>
                        <parameter name="Max Wait" source="constant" updatable="true">604800</parameter>
                        <parameter name="Task Name" source="constant" updatable="true">mct_inout2</parameter>
                        <parameter name="GUID" source="constant" updatable="true">6ZIgCqV8GzKiJ08wGbik8N</parameter>
                        <parameter name="Task Type" source="constant" updatable="true">MCT</parameter>
                        <parameter name="Has Inout Parameters" source="constant" updatable="true">true</parameter>
                        <parameter name="taskField" source="nested">
                           <operation source="field" to="mct-inout2">temp.Data Task 2</operation>
                           <operation source="field" to="mct-inout2/inout[1]/param2">temp.DataTask1[1]/inout[1]/param1</operation>
                        </parameter>
                     </serviceInput>
                     <serviceOutput>
                        <operation source="field" to="temp.Data Task 2/output/Object_Name">Object Name</operation>
                        <operation source="field" to="temp.Data Task 2/output/Run_Id">Run Id</operation>
                        <operation source="field" to="temp.Data Task 2/output/Log_Id">Log Id</operation>
                        <operation source="field" to="temp.Data Task 2/output/Task_Id">Task Id</operation>
                        <operation source="field" to="temp.Data Task 2/output/Task_Status">Task Status</operation>
                        <operation source="field" to="temp.Data Task 2/output/Success_Source_Rows">Success Source Rows</operation>
                        <operation source="field" to="temp.Data Task 2/output/Failed_Source_Rows">Failed Source Rows</operation>
                        <operation source="field" to="temp.Data Task 2/output/Success_Target_Rows">Success Target Rows</operation>
                        <operation source="field" to="temp.Data Task 2/output/Failed_Target_Rows">Failed Target Rows</operation>
                        <operation source="field" to="temp.Data Task 2/output/Start_Time">Start Time</operation>
                        <operation source="field" to="temp.Data Task 2/output/End_Time">End Time</operation>
                        <operation source="field" to="temp.Data Task 2/output/Error_Message">Error Message</operation>
                        <operation source="field" to="temp.Data Task 2/output/TotalTransErrors">Total Transformation Errors</operation>
                        <operation source="field" to="temp.Data Task 2/output/FirstErrorCode">First Error Code</operation>
                        <operation source="field" to="temp.Data Task 2/inout/param2">param2</operation>
                     </serviceOutput>
                  </service>
                  <link id="ltpjue0f" targetId="c"/>
                  <events>
                     <catch faultField="temp.Data Task 2/fault"
                            id="ltpjue28"
                            interrupting="true"
                            name="error">
                        <suspend/>
                     </catch>
                     <catch faultField="temp.Data Task 2/fault"
                            id="ltpjue29"
                            interrupting="true"
                            name="warning"/>
                  </events>
               </eventContainer>
               <end id="c"/>
            </flow>
            <dependencies>
               <processObject xmlns="http://schemas.active-endpoints.com/appmodules/screenflow/2011/06/avosHostEnvironment.xsd"
                              displayName="mct-inout1"
                              isByCopy="true"
                              name="mct-inout1">
                  <description/>
                  <tags/>
                  <detail>
                     <field label="InOut Parameters"
                            name="inout"
                            nullable="true"
                            required="false"
                            type="reference"/>
                     <field label="TaskProperties Parameters"
                            name="taskProperties"
                            nullable="true"
                            required="false"
                            type="reference"/>
                     <field label="Output Parameters"
                            name="output"
                            nullable="true"
                            required="false"
                            type="reference"/>
                     <field label="Fault"
                            name="fault"
                            nullable="true"
                            required="false"
                            type="reference"/>
                     <field label="Max Wait (Seconds)"
                            name="Max_Wait"
                            nullable="true"
                            required="false"
                            type="int"/>
                  </detail>
               </processObject>
               <processObject xmlns="http://schemas.active-endpoints.com/appmodules/screenflow/2011/06/avosHostEnvironment.xsd"
                              displayName="mct-inout2"
                              isByCopy="true"
                              name="mct-inout2">
                  <description/>
                  <tags/>
                  <detail>
                     <field label="InOut Parameters"
                            name="inout"
                            nullable="true"
                            required="false"
                            type="reference"/>
                     <field label="TaskProperties Parameters"
                            name="taskProperties"
                            nullable="true"
                            required="false"
                            type="reference"/>
                     <field label="Output Parameters"
                            name="output"
                            nullable="true"
                            required="false"
                            type="reference"/>
                     <field label="Fault"
                            name="fault"
                            nullable="true"
                            required="false"
                            type="reference"/>
                     <field label="Max Wait (Seconds)"
                            name="Max_Wait"
                            nullable="true"
                            required="false"
                            type="int"/>
                  </detail>
               </processObject>
            </dependencies>
         </taskflow>
      </types1:Entry>
      <types1:GUID>2lpxP3X67NUlwCI2SJRYmY</types1:GUID>
      <types1:DisplayName>Taskflow6</types1:DisplayName>
   </types1:Item>
   <types1:CurrentServerDateTime>2024-04-02T04:24:43.608Z</types1:CurrentServerDateTime>
</aetgt:getResponse>
