<aetgt:getResponse xmlns:aetgt="http://schemas.active-endpoints.com/appmodules/repository/2010/10/avrepository.xsd"
                   xmlns:types1="http://schemas.active-endpoints.com/appmodules/repository/2010/10/avrepository.xsd">
   <types1:Item>
      <types1:EntryId>KIOECPwLdqcgm8l-gt-17218121-2024-03-12T10:09:13.587Z::tf.xml</types1:EntryId>
      <types1:Name>Tf-data-availabilty</types1:Name>
      <types1:MimeType>application/xml+taskflow</types1:MimeType>
      <types1:Description/>
      <types1:AppliesTo/>
      <types1:Tags/>
      <types1:VersionLabel>1.0</types1:VersionLabel>
      <types1:State>CURRENT</types1:State>
      <types1:ProcessGroup/>
      <types1:CreatedBy>hariprasadj.in@mouritech.com.march</types1:CreatedBy>
      <types1:CreationDate>2024-03-12T10:09:14Z</types1:CreationDate>
      <types1:ModifiedBy>hariprasadj.in@mouritech.com.march</types1:ModifiedBy>
      <types1:ModificationDate>2024-03-12T10:22:59Z</types1:ModificationDate>
      <types1:PublicationStatus>published</types1:PublicationStatus>
      <types1:PublishedBy>hariprasadj.in@mouritech.com.march</types1:PublishedBy>
      <types1:PublicationDate>2024-03-12T10:23:06Z</types1:PublicationDate>
      <types1:PublishedContributionId>project:/tf.Tf-data-availabilty/Tf-data-availabilty.tf.xml</types1:PublishedContributionId>
      <types1:AutosaveExists>false</types1:AutosaveExists>
      <types1:Entry>
         <taskflow xmlns="http://schemas.active-endpoints.com/appmodules/screenflow/2010/10/avosScreenflow.xsd"
                   xmlns:tfm="http://schemas.active-endpoints.com/appmodules/screenflow/2021/04/taskflowModel.xsd"
                   xmlns:list="urn:activevos:spi:list:functions"
                   displayName="Tf-data-availabilty"
                   name="Tf-data-availabilty"
                   overrideAPIName="false">
            <parameterSet xmlns="http://schemas.active-endpoints.com/appmodules/screenflow/2021/04/taskflowModel.xsd"/>
            <appliesTo/>
            <description/>
            <tags/>
            <generator>Informatica Process Designer 11</generator>
            <output>
               <field description="" name="count" type="int">
                  <options>
                     <option name="required">false</option>
                     <option name="initialvalue">0</option>
                  </options>
               </field>
            </output>
            <tempFields>
               <field description="" name="mct_data_availability" type="reference">
                  <options>
                     <option name="failOnNotRun">false</option>
                     <option name="failOnFault">false</option>
                     <option name="referenceTo">$po:mct-data-availability</option>
                  </options>
               </field>
               <field description="" name="mct" type="reference">
                  <options>
                     <option name="failOnNotRun">false</option>
                     <option name="failOnFault">false</option>
                     <option name="referenceTo">$po:MappingTask2</option>
                  </options>
               </field>
            </tempFields>
            <notes/>
            <deployment skipIfRunning="false" suspendOnFault="false" tracingLevel="verbose">
               <rest/>
            </deployment>
            <flow id="a">
               <start id="b">
                  <link id="lto7a4zm" targetId="lto7a509"/>
               </start>
               <eventContainer id="lto7a509">
                  <service id="lto7a4zl">
                     <title>mct_data_availability</title>
                     <serviceName>ICSExecuteDataTask</serviceName>
                     <serviceGUID/>
                     <serviceInput>
                        <parameter name="Wait for Task to Complete" source="constant" updatable="true">true</parameter>
                        <parameter name="Max Wait" source="constant" updatable="true">604800</parameter>
                        <parameter name="Task Name" source="constant" updatable="true">mct-data-availability</parameter>
                        <parameter name="GUID" source="constant" updatable="true">4BOToKLKMSqlT5BLRuRJYD</parameter>
                        <parameter name="Task Type" source="constant" updatable="true">MCT</parameter>
                        <parameter name="Has Inout Parameters" source="constant" updatable="true">false</parameter>
                        <parameter name="taskField" source="nested">
                           <operation source="field" to="mct-data-availability">temp.mct_data_availability</operation>
                        </parameter>
                     </serviceInput>
                     <serviceOutput>
                        <operation source="field" to="temp.mct_data_availability/output/Object_Name">Object Name</operation>
                        <operation source="field" to="temp.mct_data_availability/output/Run_Id">Run Id</operation>
                        <operation source="field" to="temp.mct_data_availability/output/Log_Id">Log Id</operation>
                        <operation source="field" to="temp.mct_data_availability/output/Task_Id">Task Id</operation>
                        <operation source="field" to="temp.mct_data_availability/output/Task_Status">Task Status</operation>
                        <operation source="field"
                                   to="temp.mct_data_availability/output/Success_Source_Rows">Success Source Rows</operation>
                        <operation source="field"
                                   to="temp.mct_data_availability/output/Failed_Source_Rows">Failed Source Rows</operation>
                        <operation source="field"
                                   to="temp.mct_data_availability/output/Success_Target_Rows">Success Target Rows</operation>
                        <operation source="field"
                                   to="temp.mct_data_availability/output/Failed_Target_Rows">Failed Target Rows</operation>
                        <operation source="field" to="temp.mct_data_availability/output/Start_Time">Start Time</operation>
                        <operation source="field" to="temp.mct_data_availability/output/End_Time">End Time</operation>
                        <operation source="field" to="temp.mct_data_availability/output/Error_Message">Error Message</operation>
                        <operation source="field" to="temp.mct_data_availability/output/TotalTransErrors">Total Transformation Errors</operation>
                        <operation source="field" to="temp.mct_data_availability/output/FirstErrorCode">First Error Code</operation>
                     </serviceOutput>
                  </service>
                  <link id="lto7a51d" targetId="lto7a51c"/>
                  <events>
                     <catch faultField="temp.mct_data_availability/fault"
                            id="lto7a507"
                            interrupting="true"
                            name="error">
                        <suspend/>
                     </catch>
                     <catch faultField="temp.mct_data_availability/fault"
                            id="lto7a508"
                            interrupting="true"
                            name="warning"/>
                  </events>
               </eventContainer>
               <container id="lto7a51c" type="exclusive">
                  <title>Decision 1</title>
                  <flow id="lto7a51g">
                     <service id="lto7a52g">
                        <title>Notification Task 1</title>
                        <serviceName>emailNotificationService</serviceName>
                        <serviceGUID/>
                        <serviceInput>
                           <parameter name="Email To" source="constant">hariprasadj.in@mouritech.com</parameter>
                           <parameter name="Email Cc" source="constant"/>
                           <parameter name="Email Bcc" source="constant"/>
                           <parameter name="Email Subject" source="constant">Data is available, proceeding with data load</parameter>
                           <parameter name="Email Content Type" source="constant">html</parameter>
                           <parameter name="Email Body" source="constant"/>
                        </serviceInput>
                        <serviceOutput/>
                        <link id="lto7a52h" targetId="lto7a53d"/>
                     </service>
                     <eventContainer id="lto7a53d">
                        <service id="lto7a52a">
                           <title>mct</title>
                           <serviceName>ICSExecuteDataTask</serviceName>
                           <serviceGUID/>
                           <serviceInput>
                              <parameter name="Wait for Task to Complete" source="constant" updatable="true">true</parameter>
                              <parameter name="Max Wait" source="constant" updatable="true">604800</parameter>
                              <parameter name="Task Name" source="constant" updatable="true">MappingTask2</parameter>
                              <parameter name="GUID" source="constant" updatable="true">7psRZIo57JCjHEUXjPNO8Y</parameter>
                              <parameter name="Task Type" source="constant" updatable="true">MCT</parameter>
                              <parameter name="Has Inout Parameters" source="constant" updatable="true">true</parameter>
                              <parameter name="taskField" source="nested">
                                 <operation source="field" to="MappingTask2">temp.mct</operation>
                              </parameter>
                           </serviceInput>
                           <serviceOutput>
                              <operation source="field" to="temp.mct/output/Object_Name">Object Name</operation>
                              <operation source="field" to="temp.mct/output/Run_Id">Run Id</operation>
                              <operation source="field" to="temp.mct/output/Log_Id">Log Id</operation>
                              <operation source="field" to="temp.mct/output/Task_Id">Task Id</operation>
                              <operation source="field" to="temp.mct/output/Task_Status">Task Status</operation>
                              <operation source="field" to="temp.mct/output/Success_Source_Rows">Success Source Rows</operation>
                              <operation source="field" to="temp.mct/output/Failed_Source_Rows">Failed Source Rows</operation>
                              <operation source="field" to="temp.mct/output/Success_Target_Rows">Success Target Rows</operation>
                              <operation source="field" to="temp.mct/output/Failed_Target_Rows">Failed Target Rows</operation>
                              <operation source="field" to="temp.mct/output/Start_Time">Start Time</operation>
                              <operation source="field" to="temp.mct/output/End_Time">End Time</operation>
                              <operation source="field" to="temp.mct/output/Error_Message">Error Message</operation>
                              <operation source="field" to="temp.mct/output/TotalTransErrors">Total Transformation Errors</operation>
                              <operation source="field" to="temp.mct/output/FirstErrorCode">First Error Code</operation>
                              <operation source="field" to="temp.mct/inout/inputvalue">inputvalue</operation>
                           </serviceOutput>
                        </service>
                        <events>
                           <catch faultField="temp.mct/fault"
                                  id="lto7a53b"
                                  interrupting="true"
                                  name="error">
                              <suspend/>
                           </catch>
                           <catch faultField="temp.mct/fault"
                                  id="lto7a53c"
                                  interrupting="true"
                                  name="warning"/>
                        </events>
                     </eventContainer>
                     <link id="lto7a51h" targetId="lto7a51c" type="containerLink"/>
                  </flow>
                  <flow id="lto7a51j">
                     <assignment id="lto7a56q">
                        <title>Assignment 1</title>
                        <operation source="formula" to="output.count">
                           <expression language="XQuery">$output.count +1</expression>
                        </operation>
                        <link id="lto7a56r" targetId="lto7a54q"/>
                     </assignment>
                     <service id="lto7a54q">
                        <title>Notification Task 2</title>
                        <serviceName>emailNotificationService</serviceName>
                        <serviceGUID/>
                        <serviceInput>
                           <parameter name="Email To" source="constant">hariprasadj.in@mouritech.com</parameter>
                           <parameter name="Email Cc" source="constant"/>
                           <parameter name="Email Bcc" source="constant"/>
                           <parameter name="Email Subject" source="constant">Data is not available in the source table, checking after 2 mins</parameter>
                           <parameter name="Email Content Type" source="constant">html</parameter>
                           <parameter name="Email Body" source="constant">&lt;p&gt;the count is :{$output.count}&lt;/p&gt;</parameter>
                        </serviceInput>
                        <serviceOutput/>
                        <link id="lto7a56p" targetId="lto7a557"/>
                     </service>
                     <container id="lto7a557" type="exclusive">
                        <title>Decision 2</title>
                        <flow id="lto7a55a">
                           <wait id="lto7a55m">
                              <title>Wait 1</title>
                              <duration source="formula">
                                 <function name="duration_expression">
                                    <arg name="value">1</arg>
                                    <arg name="scale">M</arg>
                                    <arg name="businessDays"/>
                                 </function>
                              </duration>
                              <link id="lto7a561" targetId="lto7a55z"/>
                           </wait>
                           <jumpTo id="lto7a55z">
                              <link id="lto7a560" targetId="lto7a509"/>
                           </jumpTo>
                        </flow>
                        <flow id="lto7a55d">
                           <throw id="lto7a55t">
                              <title>Throw 1</title>
                              <throwInput>
                                 <parameter name="code" source="constant" updatable="true">{$temp.mct_data_availability[1]/fault}</parameter>
                                 <parameter name="detail" source="constant" updatable="true"/>
                                 <parameter name="reason" source="constant" updatable="true"/>
                              </throwInput>
                           </throw>
                        </flow>
                        <link id="lto7a559" targetId="lto7a55a" type="containerLink">
                           <condition source="formula">
                              <function name="less-than">
                                 <arg name="left">{$output.count}</arg>
                                 <arg name="right">{3}</arg>
                              </function>
                           </condition>
                        </link>
                        <link id="lto7a55c" targetId="lto7a55d" type="containerLink"/>
                     </container>
                  </flow>
                  <link id="lto7a51f" targetId="lto7a51g" type="containerLink">
                     <condition source="formula">
                        <function name="greater-than">
                           <arg name="left">{$temp.mct_data_availability[1]/output[1]/Success_Source_Rows}</arg>
                           <arg name="right">{0}</arg>
                        </function>
                     </condition>
                  </link>
                  <link id="lto7a51i" targetId="lto7a51j" type="containerLink"/>
                  <link id="lto7a51e" targetId="c"/>
               </container>
               <end id="c"/>
            </flow>
            <dependencies>
               <processObject xmlns="http://schemas.active-endpoints.com/appmodules/screenflow/2011/06/avosHostEnvironment.xsd"
                              displayName="mct-data-availability"
                              isByCopy="true"
                              name="mct-data-availability">
                  <description/>
                  <tags/>
                  <detail>
                     <field label="TaskProperties Parameters"
                            name="taskProperties"
                            nullable="true"
                            required="false"
                            type="reference"/>
                     <field label="Output Parameters"
                            name="output"
                            nullable="true"
                            required="false"
                            type="reference"/>
                     <field label="Fault"
                            name="fault"
                            nullable="true"
                            required="false"
                            type="reference"/>
                     <field label="Max Wait (Seconds)"
                            name="Max_Wait"
                            nullable="true"
                            required="false"
                            type="int"/>
                  </detail>
               </processObject>
               <processObject xmlns="http://schemas.active-endpoints.com/appmodules/screenflow/2011/06/avosHostEnvironment.xsd"
                              displayName="MappingTask2"
                              isByCopy="true"
                              name="MappingTask2">
                  <description/>
                  <tags/>
                  <detail>
                     <field label="Input Parameters"
                            name="input"
                            nullable="true"
                            required="false"
                            type="reference"/>
                     <field label="InOut Parameters"
                            name="inout"
                            nullable="true"
                            required="false"
                            type="reference"/>
                     <field label="TaskProperties Parameters"
                            name="taskProperties"
                            nullable="true"
                            required="false"
                            type="reference"/>
                     <field label="Output Parameters"
                            name="output"
                            nullable="true"
                            required="false"
                            type="reference"/>
                     <field label="Fault"
                            name="fault"
                            nullable="true"
                            required="false"
                            type="reference"/>
                     <field label="Max Wait (Seconds)"
                            name="Max_Wait"
                            nullable="true"
                            required="false"
                            type="int"/>
                  </detail>
               </processObject>
            </dependencies>
         </taskflow>
      </types1:Entry>
      <types1:GUID>37hhmQYZ4WFeq6QxYZyfy5</types1:GUID>
      <types1:DisplayName>Tf-data-availabilty</types1:DisplayName>
   </types1:Item>
   <types1:CurrentServerDateTime>2024-04-02T04:24:43.682Z</types1:CurrentServerDateTime>
</aetgt:getResponse>
