<aetgt:getResponse xmlns:aetgt="http://schemas.active-endpoints.com/appmodules/repository/2010/10/avrepository.xsd"
                   xmlns:types1="http://schemas.active-endpoints.com/appmodules/repository/2010/10/avrepository.xsd">
   <types1:Item>
      <types1:EntryId>QeH2PKDC0hCHbf2-gt-4275458-2024-03-04T09:16:34.686Z::tf.xml</types1:EntryId>
      <types1:Name>Tfw_appI_call</types1:Name>
      <types1:MimeType>application/xml+taskflow</types1:MimeType>
      <types1:Description/>
      <types1:AppliesTo/>
      <types1:Tags/>
      <types1:VersionLabel>1.0</types1:VersionLabel>
      <types1:State>CURRENT</types1:State>
      <types1:ProcessGroup/>
      <types1:CreatedBy>hariprasadj.in@mouritech.com.march</types1:CreatedBy>
      <types1:CreationDate>2024-03-04T09:16:35Z</types1:CreationDate>
      <types1:ModifiedBy>hariprasadj.in@mouritech.com.march</types1:ModifiedBy>
      <types1:ModificationDate>2024-03-25T10:40:34Z</types1:ModificationDate>
      <types1:PublicationStatus>unpublished</types1:PublicationStatus>
      <types1:AutosaveExists>false</types1:AutosaveExists>
      <types1:Entry>
         <taskflow xmlns="http://schemas.active-endpoints.com/appmodules/screenflow/2010/10/avosScreenflow.xsd"
                   xmlns:tfm="http://schemas.active-endpoints.com/appmodules/screenflow/2021/04/taskflowModel.xsd"
                   xmlns:list="urn:activevos:spi:list:functions"
                   displayName="Tfw_appI_call"
                   name="Tfw_appI_call"
                   overrideAPIName="false">
            <parameterSet xmlns="http://schemas.active-endpoints.com/appmodules/screenflow/2021/04/taskflowModel.xsd"/>
            <appliesTo/>
            <description/>
            <tags/>
            <generator>Informatica Process Designer 11</generator>
            <output>
               <field description="" name="Out_result" type="int">
                  <options>
                     <option name="required">false</option>
                  </options>
               </field>
            </output>
            <tempFields>
               <field description="" name="IntegrationOps Task 1" type="reference">
                  <options>
                     <option hide="true" name="isAPITaskType">true</option>
                     <option name="referenceTo">$po:prc-call-prc-add-sub-prc</option>
                  </options>
               </field>
               <field description="" name="in1" type="int">
                  <options>
                     <option name="required">false</option>
                  </options>
               </field>
               <field description="" name="in2" type="int">
                  <options>
                     <option name="required">false</option>
                  </options>
               </field>
            </tempFields>
            <notes/>
            <deployment skipIfRunning="false" suspendOnFault="false" tracingLevel="verbose">
               <rest/>
            </deployment>
            <flow id="a">
               <start id="b">
                  <link id="lr9fgvjf" targetId="lr9fgvje"/>
               </start>
               <assignment id="lr9fgvje">
                  <title>Assignment 1</title>
                  <link id="lr9fgvjg" targetId="lr9fgvjq"/>
               </assignment>
               <eventContainer id="lr9fgvjq">
                  <service id="lr9fcjbl">
                     <title>IntegrationOps Task 1</title>
                     <serviceName>avTaskflowLocalCalling</serviceName>
                     <serviceGUID/>
                     <serviceInput>
                        <parameter name="GUID" source="constant" updatable="true">f8lzERYn7yGfm0zcl6BOiq</parameter>
                        <parameter name="Task Type" source="constant" updatable="true">PROCESS</parameter>
                        <parameter name="Agent Name" source="constant" updatable="true"/>
                        <parameter name="Task Name" source="constant" updatable="true">prc-call-prc-add-sub-prc</parameter>
                        <parameter name="taskField" source="nested">
                           <operation source="field" to="prc-call-prc-add-sub-prc">temp.IntegrationOps Task 1</operation>
                           <operation source="formula" to="prc-call-prc-add-sub-prc/input[1]/A">
                              <expression language="XQuery">$temp.in1 </expression>
                           </operation>
                           <operation source="formula" to="prc-call-prc-add-sub-prc/input[1]/B">
                              <expression language="XQuery">$temp.in2 </expression>
                           </operation>
                        </parameter>
                     </serviceInput>
                     <serviceOutput>
                        <operation source="field" to="temp.IntegrationOps Task 1/output/out_c">out_c</operation>
                     </serviceOutput>
                  </service>
                  <link id="lr9fcjbn" targetId="c"/>
                  <events>
                     <catch faultField="temp.IntegrationOps Task 1/fault"
                            id="lr9fgvjk"
                            interrupting="true"
                            name="error"/>
                  </events>
               </eventContainer>
               <end id="c"/>
            </flow>
            <dependencies>
               <processObject xmlns="http://schemas.active-endpoints.com/appmodules/screenflow/2011/06/avosHostEnvironment.xsd"
                              displayName="prc-call-prc-add-sub-prc"
                              isByCopy="true"
                              name="prc-call-prc-add-sub-prc">
                  <description/>
                  <tags/>
                  <detail>
                     <field label="Input Parameters"
                            name="input"
                            nullable="true"
                            required="false"
                            type="reference"/>
                     <field label="Output Parameters"
                            name="output"
                            nullable="true"
                            required="false"
                            type="reference"/>
                  </detail>
               </processObject>
            </dependencies>
         </taskflow>
      </types1:Entry>
      <types1:GUID>6QfR35nnk53js7K1N5cjWW</types1:GUID>
      <types1:DisplayName>Tfw_appI_call</types1:DisplayName>
   </types1:Item>
   <types1:CurrentServerDateTime>2024-04-02T04:24:36.665Z</types1:CurrentServerDateTime>
</aetgt:getResponse>
