<aetgt:getResponse xmlns:aetgt="http://schemas.active-endpoints.com/appmodules/repository/2010/10/avrepository.xsd"
                   xmlns:types1="http://schemas.active-endpoints.com/appmodules/repository/2010/10/avrepository.xsd">
   <types1:Item>
      <types1:EntryId>EjDlUxQ2Tp5OjG4-gt-1089553-2024-03-26T08:53:04.491Z::pd.xml</types1:EntryId>
      <types1:Name>TheXMLParserProcess</types1:Name>
      <types1:MimeType>application/xml+process</types1:MimeType>
      <types1:Description>XMLParserProcess</types1:Description>
      <types1:AppliesTo/>
      <types1:Tags>.agent:MTLP-446,XML PARSER</types1:Tags>
      <types1:VersionLabel>1.0</types1:VersionLabel>
      <types1:State>CURRENT</types1:State>
      <types1:ProcessGroup/>
      <types1:CreatedBy>hariprasadj.in@mouritech.com.march</types1:CreatedBy>
      <types1:CreationDate>2024-03-26T08:53:04Z</types1:CreationDate>
      <types1:ModifiedBy>hariprasadj.in@mouritech.com.march</types1:ModifiedBy>
      <types1:ModificationDate>2024-03-26T10:19:18Z</types1:ModificationDate>
      <types1:PublicationStatus>out-of-date</types1:PublicationStatus>
      <types1:PublishedBy>hariprasadj.in@mouritech.com.march</types1:PublishedBy>
      <types1:PublicationDate>2024-03-26T10:17:05Z</types1:PublicationDate>
      <types1:PublishedContributionId>project:/spi.TheXMLParserProcess/TheXMLParserProcess.pd.xml</types1:PublishedContributionId>
      <types1:AutosaveExists>false</types1:AutosaveExists>
      <types1:Entry>
         <process xmlns="http://schemas.active-endpoints.com/appmodules/screenflow/2010/10/avosScreenflow.xsd"
                  xmlns:tfm="http://schemas.active-endpoints.com/appmodules/screenflow/2021/04/taskflowModel.xsd"
                  xmlns:list="urn:activevos:spi:list:functions"
                  displayName="TheXMLParserProcess"
                  name="TheXMLParserProcess"
                  overrideAPIName="false">
            <parameterSet xmlns="http://schemas.active-endpoints.com/appmodules/screenflow/2021/04/taskflowModel.xsd"/>
            <appliesTo/>
            <description>XMLParserProcess</description>
            <tags>XML PARSER,.agent:MTLP-446</tags>
            <generator>Informatica Process Designer 11</generator>
            <input>
               <parameter description="" name="fileEvent" type="reference">
                  <options>
                     <option name="required">false</option>
                     <option name="referenceTo">XMLParserFileConnection:ParsedFileContent</option>
                     <option name="isCopy">true</option>
                  </options>
               </parameter>
            </input>
            <notes/>
            <deployment skipIfRunning="false" suspendOnFault="true" tracingLevel="verbose">
               <targetLocation>MTLP-446</targetLocation>
               <event eventSource="XMLParserFileConnection:FileParser"/>
            </deployment>
            <flow id="a">
               <start id="b">
                  <link id="j88azgj3" targetId="iyvxfr8m"/>
               </start>
               <service id="iyvxfr8m">
                  <title>DelimitedContentWriter</title>
                  <serviceName>XMLParserFileConnection:DelimitedContentWriter</serviceName>
                  <serviceGUID>4KgAHQaCp37gcz4hqXvTkC</serviceGUID>
                  <serviceInput>
                     <parameter name="serializationTask" source="formula">
                        <expression language="XQuery">&lt;SerializeToDelimitedContentTask&gt;
   &lt;filePath&gt;&lt;/filePath&gt;
   &lt;fileName&gt;MyFile.csv&lt;/fileName&gt;
    &lt;skipHeaders&gt;false&lt;/skipHeaders&gt;
    { for $x in $input.fileEvent[1]/content//*:TestModel
where $x/Test1code/text()="My Code 123" or $x/Test1code/text()="My Code 234"
return
    &lt;customObjects&gt;
    &lt;CodeOne&gt;{$x/CodeOne/text()}&lt;/CodeOne&gt;
    &lt;CodeTwo&gt;{$x/CodeTwo/text()}&lt;/CodeTwo&gt;
    &lt;CodeThree&gt;{$x/CodeThree/text()}&lt;/CodeThree&gt;
    &lt;CodeFour&gt;{$x/CodeFour/text()}&lt;/CodeFour&gt;
    &lt;/customObjects&gt;}
    &lt;header&gt;
      &lt;fieldIndex&gt;1&lt;/fieldIndex&gt;
      &lt;name&gt;CodeOne&lt;/name&gt;
   &lt;/header&gt;
   &lt;header&gt;
      &lt;fieldIndex&gt;2&lt;/fieldIndex&gt;
      &lt;name&gt;CodeTwo&lt;/name&gt;
   &lt;/header&gt;
   &lt;header&gt;
      &lt;fieldIndex&gt;3&lt;/fieldIndex&gt;
      &lt;name&gt;CodeThree&lt;/name&gt;
   &lt;/header&gt;
   &lt;header&gt;
      &lt;fieldIndex&gt;4&lt;/fieldIndex&gt;
      &lt;name&gt;CodeFour&lt;/name&gt;
   &lt;/header&gt;
&lt;/SerializeToDelimitedContentTask&gt;</expression>
                     </parameter>
                  </serviceInput>
                  <link id="iyvxfr8o" targetId="d"/>
               </service>
               <end id="d"/>
            </flow>
         </process>
         <ns1:sample-data-sets xmlns:ns1="http://schemas.active-endpoints.com/appmodules/repository/2010/10/sampleData.xsd">
            <ns1:SampleData>
               <ns1:Id>d48933d6-a3d3-4a22-a40d-99639a024127</ns1:Id>
               <ns1:Name>1</ns1:Name>
               <ns1:CreatedBy>hariprasadj.in@mouritech.com.march</ns1:CreatedBy>
               <ns1:CreationDate>2024-03-26T09:33:51Z</ns1:CreationDate>
               <ns1:ModifiedBy>hariprasadj.in@mouritech.com.march</ns1:ModifiedBy>
               <ns1:ModificationDate>2024-03-26T09:33:51Z</ns1:ModificationDate>
               <ns1:Data format="json">{
	 "fileEvent": {
	 	 "fileInfo": {
	 	 	 "fullName": "",
	 	 	 "name": "",
	 	 	 "ext": "",
	 	 	 "path": "",
	 	 	 "dir": "",
	 	 	 "size": "",
	 	 	 "lastModified": ""
	 	 },
	 	 "content": "\n   "
	 }
}</ns1:Data>
            </ns1:SampleData>
         </ns1:sample-data-sets>
      </types1:Entry>
      <types1:GUID>5NsITkUxX5LiV1LAdRoA0s</types1:GUID>
      <types1:DisplayName>TheXMLParserProcess</types1:DisplayName>
   </types1:Item>
   <types1:CurrentServerDateTime>2024-04-02T04:24:36.171Z</types1:CurrentServerDateTime>
</aetgt:getResponse>
