<aetgt:getResponse xmlns:aetgt="http://schemas.active-endpoints.com/appmodules/repository/2010/10/avrepository.xsd"
                   xmlns:types1="http://schemas.active-endpoints.com/appmodules/repository/2010/10/avrepository.xsd">
   <types1:Item>
      <types1:EntryId>xXlQNOQoVVVVVVV-gt-1042224-2024-03-26T04:52:10.371Z::pd.xml</types1:EntryId>
      <types1:Name>XLXSReaderWriterProcess</types1:Name>
      <types1:MimeType>application/xml+process</types1:MimeType>
      <types1:Description/>
      <types1:AppliesTo/>
      <types1:Tags>.agent:MTLP-446</types1:Tags>
      <types1:VersionLabel>1.0</types1:VersionLabel>
      <types1:State>CURRENT</types1:State>
      <types1:ProcessGroup/>
      <types1:CreatedBy>hariprasadj.in@mouritech.com.march</types1:CreatedBy>
      <types1:CreationDate>2024-03-26T04:52:10Z</types1:CreationDate>
      <types1:ModifiedBy>hariprasadj.in@mouritech.com.march</types1:ModifiedBy>
      <types1:ModificationDate>2024-03-26T05:49:20Z</types1:ModificationDate>
      <types1:PublicationStatus>published</types1:PublicationStatus>
      <types1:PublishedBy>hariprasadj.in@mouritech.com.march</types1:PublishedBy>
      <types1:PublicationDate>2024-03-26T05:49:28Z</types1:PublicationDate>
      <types1:PublishedContributionId>project:/spi.XLXSReaderWriterProcess/XLXSReaderWriterProcess.pd.xml</types1:PublishedContributionId>
      <types1:AutosaveExists>false</types1:AutosaveExists>
      <types1:Entry>
         <process xmlns="http://schemas.active-endpoints.com/appmodules/screenflow/2010/10/avosScreenflow.xsd"
                  xmlns:tfm="http://schemas.active-endpoints.com/appmodules/screenflow/2021/04/taskflowModel.xsd"
                  xmlns:list="urn:activevos:spi:list:functions"
                  displayName="XLXSReaderWriterProcess"
                  name="XLXSReaderWriterProcess"
                  overrideAPIName="false">
            <parameterSet xmlns="http://schemas.active-endpoints.com/appmodules/screenflow/2021/04/taskflowModel.xsd"/>
            <appliesTo/>
            <description/>
            <tags>.agent:MTLP-446</tags>
            <generator>Informatica Process Designer 11</generator>
            <input>
               <parameter description="" name="fileEvent" type="reference">
                  <options>
                     <option name="required">false</option>
                     <option name="referenceTo">XLSXFileConnection:AttachmentFileContent</option>
                     <option name="isCopy">true</option>
                     <option name="guid">jAjI6bEln0Rb3e1dtCI0sU</option>
                  </options>
               </parameter>
            </input>
            <output>
               <field description="" name="out_resp" type="objectlist">
                  <options>
                     <option name="referenceTo">$po:$any</option>
                     <option hide="true" name="multiSelect">true</option>
                     <option name="required">false</option>
                     <option name="isCopy">true</option>
                  </options>
               </field>
            </output>
            <tempFields>
               <field description="" name="FileWriter" type="reference">
                  <options>
                     <option name="referenceTo">XLSXFileConnection:FileWriteTask</option>
                     <option name="required">false</option>
                     <option name="isCopy">true</option>
                     <option name="guid">jAjI6bEln0Rb3e1dtCI0sU</option>
                  </options>
               </field>
               <field description="" name="xlsxAttachment" type="attachment">
                  <options>
                     <option hide="true" name="count">1</option>
                     <option name="maxsize">5242880</option>
                     <option name="required">false</option>
                  </options>
               </field>
            </tempFields>
            <notes/>
            <deployment skipIfRunning="false" suspendOnFault="false" tracingLevel="verbose">
               <targetLocation>MTLP-446</targetLocation>
               <event eventSource="XLSXFileConnection:xlxsFileParser"/>
            </deployment>
            <flow id="a">
               <start id="b">
                  <link id="lrf7ow6r" targetId="lrf7ow6q"/>
               </start>
               <assignment id="lrf7ow6q">
                  <title>Extract Attachment From Input Event</title>
                  <operation source="formula" to="temp.xlsxAttachment">
                     <expression language="XQuery">$input.fileEvent[1]/attachment </expression>
                  </operation>
                  <link id="lrf7ow6s" targetId="lqr62he0"/>
               </assignment>
               <assignment id="lqr62he0">
                  <title>Prepare File Writer Object</title>
                  <operation source="constant" to="temp.FileWriter[1]/format">Attachment</operation>
                  <operation source="constant" to="temp.FileWriter[1]/fileName">GCS_File.xlsx</operation>
                  <link id="lqr62heq" targetId="lqr62hep"/>
               </assignment>
               <service id="lqr62hep">
                  <title>Write XLSX File to Target Directory</title>
                  <serviceName>XLSXFileConnection:FileWriter</serviceName>
                  <serviceGUID>jAjI6bEln0Rb3e1dtCI0sU</serviceGUID>
                  <serviceInput>
                     <parameter name="fileWriteTask" source="field" updatable="true">temp.FileWriter</parameter>
                     <parameter name="attachment" source="field" updatable="true">temp.xlsxAttachment</parameter>
                  </serviceInput>
                  <link id="lqr62her" targetId="c"/>
               </service>
               <end id="c"/>
            </flow>
         </process>
         <ns1:sample-data-sets xmlns:ns1="http://schemas.active-endpoints.com/appmodules/repository/2010/10/sampleData.xsd">
            <ns1:SampleData>
               <ns1:Id>333b54ab-afb9-4828-96d6-ae34edf36331</ns1:Id>
               <ns1:Name>gcsinput</ns1:Name>
               <ns1:CreatedBy>hariprasadj.in@mouritech.com.march</ns1:CreatedBy>
               <ns1:CreationDate>2024-03-26T04:52:10Z</ns1:CreationDate>
               <ns1:ModifiedBy>hariprasadj.in@mouritech.com.march</ns1:ModifiedBy>
               <ns1:ModificationDate>2024-03-26T04:52:10Z</ns1:ModificationDate>
               <ns1:Data format="json">{}</ns1:Data>
            </ns1:SampleData>
            <ns1:SampleData>
               <ns1:Id>c1c34e90-1386-4b3c-a1f0-4dc003cfc58a</ns1:Id>
               <ns1:Name>Immediate</ns1:Name>
               <ns1:CreatedBy>hariprasadj.in@mouritech.com.march</ns1:CreatedBy>
               <ns1:CreationDate>2024-03-26T04:52:10Z</ns1:CreationDate>
               <ns1:ModifiedBy>hariprasadj.in@mouritech.com.march</ns1:ModifiedBy>
               <ns1:ModificationDate>2024-03-26T04:52:10Z</ns1:ModificationDate>
               <ns1:Data format="json">{}</ns1:Data>
            </ns1:SampleData>
         </ns1:sample-data-sets>
      </types1:Entry>
      <types1:GUID>afrU0htbzQkdIQLXUbTeoZ</types1:GUID>
      <types1:DisplayName>XLXSReaderWriterProcess</types1:DisplayName>
   </types1:Item>
   <types1:CurrentServerDateTime>2024-04-02T04:24:36.304Z</types1:CurrentServerDateTime>
</aetgt:getResponse>
