<aetgt:getResponse xmlns:aetgt="http://schemas.active-endpoints.com/appmodules/repository/2010/10/avrepository.xsd"
                   xmlns:types1="http://schemas.active-endpoints.com/appmodules/repository/2010/10/avrepository.xsd">
   <types1:Item>
      <types1:EntryId>jHKoJBUhtycotFg-gt-1105488-2024-03-26T08:53:04.159Z::conn.xml</types1:EntryId>
      <types1:Name>XMLParserFileConnection</types1:Name>
      <types1:ParentFlowIds>EjDlUxQ2Tp5OjG4-gt-1089553-2024-03-26T08:53:04.491Z::pd.xml</types1:ParentFlowIds>
      <types1:MimeType>application/xml+connection</types1:MimeType>
      <types1:Description/>
      <types1:AppliesTo/>
      <types1:Tags>.agent:MTLP-446</types1:Tags>
      <types1:VersionLabel>1.0</types1:VersionLabel>
      <types1:State>CURRENT</types1:State>
      <types1:ProcessGroup/>
      <types1:CreatedBy>hariprasadj.in@mouritech.com.march</types1:CreatedBy>
      <types1:CreationDate>2024-03-26T08:53:04Z</types1:CreationDate>
      <types1:ModifiedBy>hariprasadj.in@mouritech.com.march</types1:ModifiedBy>
      <types1:ModificationDate>2024-03-26T08:59:50Z</types1:ModificationDate>
      <types1:PublicationStatus>published</types1:PublicationStatus>
      <types1:PublishedBy>hariprasadj.in@mouritech.com.march</types1:PublishedBy>
      <types1:PublicationDate>2024-03-26T09:01:03Z</types1:PublicationDate>
      <types1:PublishedContributionId>project:/rt.connection/XMLParserFileConnection/XMLParserFileConnection.conn.xml</types1:PublishedContributionId>
      <types1:AutosaveExists>false</types1:AutosaveExists>
      <types1:Entry>
         <connection xmlns="http://schemas.informatica.com/socrates/data-services/2014/04/avosConnections.xsd"
                     displayName="XMLParserFileConnection"
                     label="XMLParserFileConnection"
                     name="XMLParserFileConnection">
            <description/>
            <tags>.agent:MTLP-446</tags>
            <agent>MTLP-446</agent>
            <consumers>
               <consumer enabled="true" name="FileParser" typeName="FileParser">
                  <description>This event source can be used to monitor folders for new files and process file information and its content.</description>
                  <attributes>
                     <attribute encrypted="false"
                                name="directoryName"
                                value="D:\INFORMATICA\Hari\XML parser"/>
                     <attribute encrypted="false" name="recursive" value="false"/>
                     <attribute encrypted="false" name="include" value=""/>
                     <attribute encrypted="false" name="exclude" value=""/>
                     <attribute encrypted="false" name="noop" value="false"/>
                     <attribute encrypted="false" name="delete" value="false"/>
                     <attribute encrypted="false" name="preMove" value=""/>
                     <attribute encrypted="false" name="move" value=""/>
                     <attribute encrypted="false" name="moveFailed" value=""/>
                     <attribute encrypted="false" name="initialDelay" value="1"/>
                     <attribute encrypted="false" name="delay" value="1"/>
                     <attribute encrypted="false" name="maxMessagesPerPoll" value=""/>
                     <attribute encrypted="false" name="readLock" value="rename"/>
                     <attribute encrypted="false" name="readLockTimeout" value=""/>
                     <attribute encrypted="false" name="readLockCheckInterval" value=""/>
                     <attribute encrypted="false" name="readLockMinLength" value=""/>
                     <attribute encrypted="false" name="readLockLoggingLevel" value="WARN"/>
                     <attribute encrypted="false" name="charset" value=""/>
                     <attribute encrypted="false" name="otherAttributes" value=""/>
                     <attribute encrypted="false" name="contentFormat" value="XML"/>
                     <attribute encrypted="false" name="simplifyContent" value="false"/>
                     <attribute encrypted="false" name="singleObjectContent" value="false"/>
                  </attributes>
               </consumer>
            </consumers>
            <producers>
               <producer enabled="true"
                         name="DelimitedContentWriter"
                         typeName="DelimitedContentWriter">
                  <description>This event target can be used to serialize process objects to delimited content files such as CSV and save them to files on a disk.</description>
                  <attributes>
                     <attribute encrypted="false"
                                name="directoryName"
                                value="D:\INFORMATICA\Hari\XML parser tgt"/>
                     <attribute encrypted="false" name="fileExist" value="Append"/>
                     <attribute encrypted="false" name="moveExisting" value=""/>
                     <attribute encrypted="false" name="eagerDeleteTargetFile" value="false"/>
                     <attribute encrypted="false" name="tempPrefix" value=""/>
                     <attribute encrypted="false" name="tempFileName" value=""/>
                     <attribute encrypted="false" name="forceWrites" value="true"/>
                     <attribute encrypted="false" name="bufferSize" value=""/>
                     <attribute encrypted="false" name="charset" value=""/>
                     <attribute encrypted="false" name="delimiter" value=","/>
                     <attribute encrypted="false" name="textQualifier" value="&#34;"/>
                     <attribute encrypted="false" name="skipHeaders" value="false"/>
                     <attribute encrypted="false" name="lineEnding" value="Windows"/>
                  </attributes>
               </producer>
            </producers>
            <javaConnector xmlns="http://schemas.informatica.com/appmodules/screenflow/2014/04/avosConnectors.xsd"
                           agentOnly="true"
                           plugin="Camel"
                           supportsConnectionTest="true"
                           supportsDataPreview="false"
                           supportsOData="false"
                           supportsPublishSkipMetadataRefresh="false"
                           type="File"
                           uuid="ac000300-d9fe-11e4-8830-0800200c9a66">
               <description>Provides connections to file monitoring brokers.</description>
            </javaConnector>
         </connection>
      </types1:Entry>
      <types1:GUID>4KgAHQaCp37gcz4hqXvTkC</types1:GUID>
      <types1:DisplayName>XMLParserFileConnection</types1:DisplayName>
   </types1:Item>
   <types1:CurrentServerDateTime>2024-04-02T04:24:35.26Z</types1:CurrentServerDateTime>
</aetgt:getResponse>
