[
      
      {
        "zaccntID": "0014J00000A0u73QAB",
        "zRtCause": "",
        "zAplStat": "Not Submitted",
        "zBusUnit": "Pallet",
        "zCseNumb": "00184204",
        "zCsePrior": "Medium",
        "zScategry": "Damaged",
        "zCauseBy": "",
        "zUpdatDte": "",
        "zLstchgtm": "",
        "zCstcntct": "0034J00000ACftmQAD",
        "zReqDeldt": "",
        "zTcdelDoc": "",
        "zPartner": "5400001379",
        "zCaseId": "5003G0000029vaZQAQ",
        "zClsOpn": "false",
        "zLevel": "",
        "zDropLive": "",
        "zMachine": "",
        "zOrigin": "Inbound Call",
        "zOwnerId": "0054J000002fjwzQAA",
        "zPriority": "3-Medium",
        "zPrdGroup": "",
        "zCsrEasn": "",
        "zRectyPid": "0123G000000A4RoQAK",
        "zLocRegn": "LATAM",
        "zRcauseo": "",
        "zShift": "",
        "zSrSystm": "",
        "zStatus": "New",
        "zSubcTeg": "",
        "zSubType": "Product",
        "zTrukNld": "",
        "zType": "Complaints",
        "zVanFlat": "",
        "zPrunOut": "",
        "zTrigerid": "",
        "zSfaphId": "",
        "zCalScrpt": "",
        "zThdPrty": "true",
        "zEffstdt": "",
        "zOrgque": "",
        "zPrntCse": "false",
        "zSfProd": "",
        "z3PSystm": "NiceInContact",
        "zLstupDts": "20210705141018",
        "zCreateDon": "20210616",
        "zCreaTime": "204019"
      }]