{
	"d": {
		"Zflag": "X",
		"conH_conINav": [{
				"zSorganIz": "Pallet",
				"zDntCall": "false",
				"zDuplcat": "false",
				"zCteMail": "julie.holloway@brambles.com",
				"zExclMar": "false",
				"zExclSur": "",
				"zCtsfstNam": "Peter",
				"zCstCntCt": "0033G000006mokpQAA",
				"zJobFun": "Administrative",
				"zJobLvl": "Non-Manager",
				"zCtLstNam": "Hampton",
				"zLstupBy": "",
				"zLeadSrc": "",
				"zMarkStg": "",
				"zPhone": "+447736947311",
				"zUsrTyp": "",
				"zNextSur": "",
				"zNpSpuInl": "Influencer",
				"zCtWkPhn": "+441932963903",
				"zPrefCom": "Email",
				"zLang": "English (British)",
				"zLocRegn": "LATAM",
				"zCtPertit": "Mr.",
				"zInacFlag": "Active",
				"zSubRegn": "South LatAm",
				"zCtJobTit": "Logitics Coordinator",
				"zLstupDts": "20210710203324"
			},
			{
				"zSorganIz": "Pallet",
				"zDntCall": "false",
				"zDuplcat": "false",
				"zCteMail": "julie.holloway@brambles.com",
				"zExclMar": "false",
				"zExclSur": "",
				"zCtsfstNam": "Peter",
				"zCstCntCt": "0033G000006mokpQAA",
				"zJobFun": "Administrative",
				"zJobLvl": "Non-Manager",
				"zCtLstNam": "Hampton",
				"zLstupBy": "",
				"zLeadSrc": "",
				"zMarkStg": "",
				"zPhone": "+447736947311",
				"zUsrTyp": "",
				"zNextSur": "",
				"zNpSpuInl": "Influencer",
				"zCtWkPhn": "+441932963903",
				"zPrefCom": "Email",
				"zLang": "English (British)",
				"zLocRegn": "LATAM",
				"zCtPertit": "Mr.",
				"zInacFlag": "Active",
				"zSubRegn": "South LatAm",
				"zCtJobTit": "Logitics Coordinator",
				"zLstupDts": "20210710203324"
			}
		]
	}
}