[
      {
        "zAccntId": "0014J00000AqifLQAR",
        "zCstCntCt": "0033G000006mokGQAQ",
        "zEndDate": "",
        "zAccCntId": "07k3G0000042eDVQAY",
        "zCntRole": "",
        "zEffStdt": "",
        "zLstUpdts": "20210710203903"
      },
      {
        "zAccntId": "0014J00000A0sXVQAZ",
        "zCstCntCt": "0033G000006mokGQAQ",
        "zEndDate": "",
        "zAccCntId": "07k3G0000042CsfQAE",
        "zCntRole": "",
        "zEffStdt": "",
        "zLstUpdts": "20210710203903"
      }
    ]