[
      {
        "zSorganIz": "Pallet",
        "zDntCall": "false",
        "zDuplcat": "false",
        "zCteMail": "julie.holloway@brambles.com",
        "zExclMar": "false",
        "zExclSur": "",
        "zCtsfstNam": "Peter",
        "zCstCntCt": "0033G000006mokpQAA",
        "zJobFun": "Administrative",
        "zJobLvl": "Non-Manager",
        "zCtLstNam": "Hampton",
        "zLstupBy": "",
        "zLeadSrc": "",
        "zMarkStg": "",
        "zPhone": "+447736947311",
        "zUsrTyp": "",
        "zNextSur": "",
        "zNpSpuInl": "Influencer",
        "zCtWkPhn": "+441932963903",
        "zPrefCom": "Email",
        "zLang": "English (British)",
        "zLocRegn": "LATAM",
        "zCtPertit": "Mr.",
        "zInacFlag": "Active",
        "zSubRegn": "South LatAm",
        "zCtJobTit": "Logitics Coordinator",
        "zLstupDts": "20210710203324"
      },
      {
        "zSorganIz": "Pallet",
        "zDntCall": "false",
        "zDuplcat": "false",
        "zCtEmail": "644922test@test.com",
        "zExclMar": "false",
        "zExclSur": "No",
        "zCtFstNam": "Keith",
        "zCstCntCt": "0034J000009ZfI4QAK",
        "zJobFun": "",
        "zJobLvl": "",
        "zCtLstNam": "Cummings",
        "zLstupBy": "",
        "zLeadSrc": "",
        "zMarkStg": "",
        "zPhone": "",
        "zUsrTyp": "",
        "zNextSur": "20201019",
        "zNpSpuInl": "End User",
        "zCtWkPhn": "4797091776",
        "zPrefCom": "Phone",
        "zLang": "English (American)",
        "zLocRegn": "North America",
        "zCtPertit": "",
        "zInAcFlag": "Active",
        "zSubRegn": "USA",
        "zCtJobTit": "1st Shift Warehouse",
        "zLstUpdts": "20210710203324"
      }]