{
  "d" : {
    "ZFLAG" : "X",
    "ConH_ConINav" : [
        {
          "ZCSTCNTCT" : "0034J00000aesPQQAY",
          "ZSORGANIZ" : "",
          "ZDNTCALL" : "0",
          "ZDUPLCAT" : "0",
          "ZCTEMAIL" : "robert.kotevski@metcashfg.com",
          "ZEXCLMAR" : "0",
          "ZEXCLSUR" : "0000000000",
          "ZCTFSTNAM" : "Robert",
          "ZJOBFUN" : "Operations/Warehouse",
          "ZJOBLVL" : "",
          "ZCTLSTNAM" : "Kotevski",
          "ZLSTUPBY" : "",
          "ZLEADSRC" : "",
          "ZMARKSTG" : "",
          "ZPHONE" : "0419 377 504",
          "ZUSR_TYP" : "",
          "ZNEXTSUR" : "",
          "ZNPSPUINL" : "",
          "ZCTWKPHN" : "+610298562437",
          "ZPREFCOM" : "Email",
          "ZLANG" : "English (British)",
          "ZLOC_REGN" : "APAC",
          "ZCTPERTIT" : "Mr.",
          "ZINACFLAG" : "",
          "ZSUBREG" : "ANZ",
          "ZCTJOBTIT" : "Outbound Manager - Crestmead DC QLD"
        }
      ]
    }
  }