[
      {
        "zAcTyDat": "20220705",
        "zScomDate": "",
        "zActVtyId": "00U3G000001YNf5UAG",
        "zOwnerId": "0054J000002fjAJQAY",
        "zAcTresn": "",
        "zSrSystm": "",
        "zStatus": "Not Started",
        "zSubject": "Commercial review",
        "zTopic": "",
        "zType": "",
        "zWhatId": "0014J00000OrBvlQAF",
        "zWhoId": "0034J00000RSNO0QAP",
        "zCreateBy": "",
        "zSactType": "Event",
        "zCrtDate": "20210626",
        "zPriority": "",
        "zLstUpdts": "20210710202233"
      }
    ]