{
    "d": {
        "__metadata": {
            "id": "http://gwdev.chep.com:8000/sap/opu/odata/sap/ZGW_INVOICE_DISPUTES_SRV/InvoiceDisputesHSet('')",
            "uri": "http://gwdev.chep.com:8000/sap/opu/odata/sap/ZGW_INVOICE_DISPUTES_SRV/InvoiceDisputesHSet('')",
            "type": "ZGW_INVOICE_DISPUTES_SRV.InvoiceDisputesH"
        },
        "AcDocNumber": "",
        "InvoiceDisputesSet": {
            "results": [
                {
                    "__metadata": {
                        "id": "http://gwdev.chep.com:8000/sap/opu/odata/sap/ZGW_INVOICE_DISPUTES_SRV/InvoiceDisputesSet('2021')",
                        "uri": "http://gwdev.chep.com:8000/sap/opu/odata/sap/ZGW_INVOICE_DISPUTES_SRV/InvoiceDisputesSet('2021')",
                        "type": "ZGW_INVOICE_DISPUTES_SRV.InvoiceDisputes"
                    },
                    "CompanyCode": "US10",
                    "AcDocNumber": "1800000891",
                    "Year": "2021",
                    "DunningKey": "D",
                    "PledgingIndicator": "12",
                    "Message": "Invoice changed sucessfully"
                },
                {
                    "__metadata": {
                        "id": "http://gwdev.chep.com:8000/sap/opu/odata/sap/ZGW_INVOICE_DISPUTES_SRV/InvoiceDisputesSet('2021')",
                        "uri": "http://gwdev.chep.com:8000/sap/opu/odata/sap/ZGW_INVOICE_DISPUTES_SRV/InvoiceDisputesSet('2021')",
                        "type": "ZGW_INVOICE_DISPUTES_SRV.InvoiceDisputes"
                    },
                    "CompanyCode": "US10",
                    "AcDocNumber": "1800000892",
                    "Year": "2021",
                    "DunningKey": "D",
                    "PledgingIndicator": "14",
                    "Message": "Invoice changed sucessfully"
                }
            ]
        }
    }
}