{
	"d": {
		"results": [{
			"zCompCode": "GR10",
			"zDebitor": "0100507320",
			"zDebitorT": "SCA Hygiene Products AE",
			"zBillNum": "1040700115",
			"zUuid": "",
			"refDocNum": "1040800811",
			"billDate": "2008-09-30T00:00:00Z",
			"netDueDate": "2008-11-29T00:00:00Z",
			"acDocTyp": "RV",
			"acDocTypT": "Billing doc.transfer",
			"docCurrcy": "0EU",
			"locCurrcy": "EUR",
			"isoDocCurr": "EUR",
			"isoLocCurr": "EUR",
			"zpymttrm": "ZD60",
			"zditxt": "",
			"zsabe": "",
			"dunnBlock": "",
			"dunnLevel": "0",
			"clrDocNo": "",
			"zpledgflg": "",
			"zAssignNo": "",
			"fiscper": "Juillet 2020",
			"lastDunn": null,
			"zkidno": "1040800811",
			"dunnKey": "",
			"fiDocStat": "O",
			"fiscYear": "2021",
			"acDocNo": "1000000087",
			"acCcFp": "1000000087-GR10-2021001",
			"zDocDate": "2008-09-30T00:00:00Z",
			"invAmntL": "-4.76",
			"invAmntD": "-4.76",
			"amntClrdL": "0.00",
			"amntClrdD": "0.00",
			"outsAmntL": "-4.76",
			"outsAmntD": "-4.76",
			"arear": -4610,
			"invAmtNcL": "-4.76",
			"invAmtNcD": "-4.76",
			"resItNcL": "0.00",
			"resItNcD": "0.00"
		}]
	}
}