[
      {
        "zPartner": "0100060643",
        "zAccntId": "0014J00000Ar7uIQAR",
        "zActfDat": "",
        "zActFrDt": "",
        "zPrimaDvc": "",
        "zAgatCur": "",
        "zAmount": "0",
        "zClDat": "20211231",
        "zClSrsn": "",
        "zCurrency": "USD",
        "zFshipDt": "",
        "zFramPdt": "",
        "zOpprid": "0063G000002TqwxQAC",
        "zIntCon": "false",
        "zLeadSrc": "",
        "zName4": "SVILUPPO DISCOUNT Renewal 2021-12-31",
        "zSsource": "",
        "zSProbabl": "0.0",
        "zRiskol": "false",
        "zRoianc": "false",
        "zStgNm": "Universe",
        "zSupChp": "",
        "zOppQty": "",
        "zOppType": "Renewal",
        "zWinBak": "false",
        "zLstUpdts": "20210710204940"
      },
      {
        "zPartner": "0100520786",
        "zAccntId": "0014J00000AsPrdQAF",
        "ZActfDat": "",
        "zActFrDt": "",
        "zPrimaDvc": "",
        "zAgatCur": "",
        "zAmount": "0",
        "zClDat": "20211031",
        "zClSrsn": "",
        "zCurrency": "EUR",
        "zFshipDt": "",
        "zFrampDt": "",
        "zOpprId": "0063G000002Tv7zQAC",
        "zIntCon": "false",
        "zLeadSrc": "",
        "zName4": "Casademont 1956 Meat, S.L Renewal 2021-10-31",
        "zSsource": "",
        "zSprobabl": "0.0",
        "zRiskol": "false",
        "zRoiAnc": "false",
        "zStgNm": "Universe",
        "zSupChp": "",
        "zOppQty": "",
        "zOppType": "Renewal",
        "zWinBak": "false",
        "zLstUpdts": "20210710204940"
      }
    ]