{
  "d": {
    "zFlag": "X",
    "aCtH_aCtINav": [
      {
        "zActyDat": "20210624",
        "zScomDate": "",
        "zActvtyId": "00T4J00000AwclwUAB",
        "zOwnerId": "0054J000002fji7QAA",
        "zAcTresn": "Annual",
        "zSrSystm": "",
        "zStatus": "In progress",
        "zSubject": "Business Review",
        "zTopic": "Business Review",
        "zType": "Siebel Backoffice",
        "zWhatId": "0014J00000AqOo4QAF",
        "zWhoId": "",
        "zCreateBy": "Brambles",
        "zSactType": "Task",
        "zCrtDate": "20191111",
        "zPriority": "3-Medium",
        "zLstUpdts": "20210710202828"
      }
    ]
  }
}