{
    "terms": "http://www.xe.com/legal/dfs.php",
    "privacy": "http://www.xe.com/privacy.php",
    "from": "GBP",
    "amount": 1.0,
    "to": {
        "AED": [
            {
                "mid": 4.9213140178,
                "timestamp": "2022-01-31T00:00:00Z",
                "inverse": 0.2031977631
            },
            {
                "mid": 4.9378833494,
                "timestamp": "2022-02-01T00:00:00Z",
                "inverse": 0.2025159222
            }
        ],
        "EUR": [
            {
                "mid": 1.2017556295,
                "timestamp": "2022-01-31T00:00:00Z",
                "inverse": 0.8321159273
            },
            {
                "mid": 1.1973704016,
                "timestamp": "2022-02-01T00:00:00Z",
                "inverse": 0.8351634537
            }
        ],
        "GBP": [
            {
                "mid": 1.0,
                "timestamp": "2022-01-31T00:00:00Z",
                "inverse": 1.0
            },
            {
                "mid": 1.0,
                "timestamp": "2022-02-01T00:00:00Z",
                "inverse": 1.0
            }
        ],
        "TRY": [
            {
                "mid": 18.1157626664,
                "timestamp": "2022-01-31T00:00:00Z",
                "inverse": 0.0552005465
            },
            {
                "mid": 17.8890003459,
                "timestamp": "2022-02-01T00:00:00Z",
                "inverse": 0.0559002728
            }
        ],
        "USD": [
            {
                "mid": 1.3400446611,
                "timestamp": "2022-01-31T00:00:00Z",
                "inverse": 0.746243785
            },
            {
                "mid": 1.3445563919,
                "timestamp": "2022-02-01T00:00:00Z",
                "inverse": 0.7437397241
            }
        ]
    }
}