{
	"terms": "http://www.xe.com/legal/dfs.php",
	"privacy": "http://www.xe.com/privacy.php",
	"from": "USD",
	"amount": 1.0,
	"timestamp": "2020-12-15T00:00:00Z",
	"to": [{
		"quotecurrency": "AED",
		"mid": 3.6725
	}, {
		"quotecurrency": "AFN",
		"mid": 76.989096143
	}, {
		"quotecurrency": "ALL",
		"mid": 101.8117732075
	}, {
		"quotecurrency": "AMD",
		"mid": 481.6283701
	}, {
		"quotecurrency": "ANG",
		"mid": 1.7899678015
	}, {
		"quotecurrency": "AOA",
		"mid": 657.2376292336
	}, {
		"quotecurrency": "ARS",
		"mid": 82.3764222173
	}, {
		"quotecurrency": "AUD",
		"mid": 1.3269698725
	}, {
		"quotecurrency": "AWG",
		"mid": 1.79
	}, {
		"quotecurrency": "AZN",
		"mid": 1.6989793702
	}, {
		"quotecurrency": "BAM",
		"mid": 1.6099478479
	}, {
		"quotecurrency": "BBD",
		"mid": 2.0
	}, {
		"quotecurrency": "BDT",
		"mid": 84.7735962998
	}, {
		"quotecurrency": "BGN",
		"mid": 1.6099478479
	}, {
		"quotecurrency": "BHD",
		"mid": 0.376
	}, {
		"quotecurrency": "BIF",
		"mid": 1943.7089506648
	}, {
		"quotecurrency": "BMD",
		"mid": 1.0
	}, {
		"quotecurrency": "BND",
		"mid": 1.3340870873
	}, {
		"quotecurrency": "BOB",
		"mid": 6.8838388971
	}, {
		"quotecurrency": "BRL",
		"mid": 5.1183454689
	}, {
		"quotecurrency": "BSD",
		"mid": 1.0
	}, {
		"quotecurrency": "BTN",
		"mid": 73.8379394562
	}, {
		"quotecurrency": "BWP",
		"mid": 10.9494663572
	}, {
		"quotecurrency": "BYN",
		"mid": 2.5337302146
	}, {
		"quotecurrency": "BZD",
		"mid": 2.0153700455
	}, {
		"quotecurrency": "CAD",
		"mid": 1.2761288559
	}, {
		"quotecurrency": "CDF",
		"mid": 1962.1285844767
	}, {
		"quotecurrency": "CHF",
		"mid": 0.8867431132
	}, {
		"quotecurrency": "CLF",
		"mid": 0.0265648268
	}, {
		"quotecurrency": "CLP",
		"mid": 735.3596269425
	}, {
		"quotecurrency": "CNH",
		"mid": 6.5294079139
	}, {
		"quotecurrency": "CNY",
		"mid": 6.5470017399
	}, {
		"quotecurrency": "COP",
		"mid": 3428.66373137
	}, {
		"quotecurrency": "CRC",
		"mid": 602.4696912605
	}, {
		"quotecurrency": "CUC",
		"mid": 1.0
	}, {
		"quotecurrency": "CUP",
		"mid": 26.5
	}, {
		"quotecurrency": "CVE",
		"mid": 90.7691103968
	}, {
		"quotecurrency": "CZK",
		"mid": 21.6824696168
	}, {
		"quotecurrency": "DJF",
		"mid": 177.7698966851
	}, {
		"quotecurrency": "DKK",
		"mid": 6.1259121396
	}, {
		"quotecurrency": "DOP",
		"mid": 58.1911999111
	}, {
		"quotecurrency": "DZD",
		"mid": 131.7642276207
	}, {
		"quotecurrency": "EGP",
		"mid": 15.7398320329
	}, {
		"quotecurrency": "ERN",
		"mid": 15.0
	}, {
		"quotecurrency": "ETB",
		"mid": 38.2982608322
	}, {
		"quotecurrency": "EUR",
		"mid": 0.8231532638
	}, {
		"quotecurrency": "FJD",
		"mid": 2.0604972695
	}, {
		"quotecurrency": "FKP",
		"mid": 0.7502565045
	}, {
		"quotecurrency": "GBP",
		"mid": 0.7502565045
	}, {
		"quotecurrency": "GEL",
		"mid": 3.2860310696
	}, {
		"quotecurrency": "GGP",
		"mid": 0.7502565045
	}, {
		"quotecurrency": "GHS",
		"mid": 5.8695570068
	}, {
		"quotecurrency": "GIP",
		"mid": 0.7502565045
	}, {
		"quotecurrency": "GMD",
		"mid": 51.7922262539
	}, {
		"quotecurrency": "GNF",
		"mid": 9950.8202447322
	}, {
		"quotecurrency": "GTQ",
		"mid": 7.8080597099
	}, {
		"quotecurrency": "GYD",
		"mid": 209.572136162
	}, {
		"quotecurrency": "HKD",
		"mid": 7.7519382696
	}, {
		"quotecurrency": "HNL",
		"mid": 24.1859092809
	}, {
		"quotecurrency": "HRK",
		"mid": 6.1957684233
	}, {
		"quotecurrency": "HTG",
		"mid": 68.240962331
	}, {
		"quotecurrency": "HUF",
		"mid": 291.5335370284
	}, {
		"quotecurrency": "IDR",
		"mid": 14117.3463974103
	}, {
		"quotecurrency": "ILS",
		"mid": 3.2608369817
	}, {
		"quotecurrency": "IMP",
		"mid": 0.7502565045
	}, {
		"quotecurrency": "INR",
		"mid": 73.8379394562
	}, {
		"quotecurrency": "IQD",
		"mid": 1190.4143980392
	}, {
		"quotecurrency": "IRR",
		"mid": 42069.0835261562
	}, {
		"quotecurrency": "ISK",
		"mid": 127.5904958406
	}, {
		"quotecurrency": "JEP",
		"mid": 0.7502565045
	}, {
		"quotecurrency": "JMD",
		"mid": 144.7065882612
	}, {
		"quotecurrency": "JOD",
		"mid": 0.709
	}, {
		"quotecurrency": "JPY",
		"mid": 104.01738336
	}, {
		"quotecurrency": "KES",
		"mid": 111.5895720821
	}, {
		"quotecurrency": "KGS",
		"mid": 84.7961954864
	}, {
		"quotecurrency": "KHR",
		"mid": 4052.2210732019
	}, {
		"quotecurrency": "KMF",
		"mid": 404.9648590862
	}, {
		"quotecurrency": "KPW",
		"mid": 900.0580908043
	}, {
		"quotecurrency": "KRW",
		"mid": 1093.1661685575
	}, {
		"quotecurrency": "KWD",
		"mid": 0.3054130315
	}, {
		"quotecurrency": "KYD",
		"mid": 0.8199999363
	}, {
		"quotecurrency": "KZT",
		"mid": 419.0940414281
	}, {
		"quotecurrency": "LAK",
		"mid": 9286.192489602
	}, {
		"quotecurrency": "LBP",
		"mid": 1507.5
	}, {
		"quotecurrency": "LKR",
		"mid": 187.1873968437
	}, {
		"quotecurrency": "LRD",
		"mid": 158.9206696501
	}, {
		"quotecurrency": "LSL",
		"mid": 15.0288450181
	}, {
		"quotecurrency": "LYD",
		"mid": 1.3455351949
	}, {
		"quotecurrency": "MAD",
		"mid": 8.9699002603
	}, {
		"quotecurrency": "MDL",
		"mid": 17.3205898404
	}, {
		"quotecurrency": "MGA",
		"mid": 3931.8792070223
	}, {
		"quotecurrency": "MKD",
		"mid": 50.7532836229
	}, {
		"quotecurrency": "MMK",
		"mid": 1329.2386934569
	}, {
		"quotecurrency": "MNT",
		"mid": 2851.0495594942
	}, {
		"quotecurrency": "MOP",
		"mid": 7.9844964177
	}, {
		"quotecurrency": "MRU",
		"mid": 38.2959628294
	}, {
		"quotecurrency": "MUR",
		"mid": 39.5684128741
	}, {
		"quotecurrency": "MVR",
		"mid": 15.4001079305
	}, {
		"quotecurrency": "MWK",
		"mid": 765.6990776244
	}, {
		"quotecurrency": "MXN",
		"mid": 20.2309711492
	}, {
		"quotecurrency": "MXV",
		"mid": 3.0341269217
	}, {
		"quotecurrency": "MYR",
		"mid": 4.0540362829
	}, {
		"quotecurrency": "MZN",
		"mid": 74.1639990083
	}, {
		"quotecurrency": "NAD",
		"mid": 15.0288450181
	}, {
		"quotecurrency": "NGN",
		"mid": 378.9786684582
	}, {
		"quotecurrency": "NIO",
		"mid": 34.8536739751
	}, {
		"quotecurrency": "NOK",
		"mid": 8.7322631517
	}, {
		"quotecurrency": "NPR",
		"mid": 118.6944876758
	}, {
		"quotecurrency": "NZD",
		"mid": 1.4115943105
	}, {
		"quotecurrency": "OMR",
		"mid": 0.3845
	}, {
		"quotecurrency": "PAB",
		"mid": 1.0
	}, {
		"quotecurrency": "PEN",
		"mid": 3.5896910771
	}, {
		"quotecurrency": "PGK",
		"mid": 3.5087681133
	}, {
		"quotecurrency": "PHP",
		"mid": 48.0778413456
	}, {
		"quotecurrency": "PKR",
		"mid": 160.3956132296
	}, {
		"quotecurrency": "PLN",
		"mid": 3.6523198998
	}, {
		"quotecurrency": "PYG",
		"mid": 7037.1433902797
	}, {
		"quotecurrency": "QAR",
		"mid": 3.64
	}, {
		"quotecurrency": "RON",
		"mid": 4.0058803983
	}, {
		"quotecurrency": "RSD",
		"mid": 96.794349177
	}, {
		"quotecurrency": "RUB",
		"mid": 73.8648856912
	}, {
		"quotecurrency": "RWF",
		"mid": 985.7649009476
	}, {
		"quotecurrency": "SAR",
		"mid": 3.75
	}, {
		"quotecurrency": "SBD",
		"mid": 8.0417216846
	}, {
		"quotecurrency": "SCR",
		"mid": 21.2177680037
	}, {
		"quotecurrency": "SDG",
		"mid": 55.2128658569
	}, {
		"quotecurrency": "SEK",
		"mid": 8.401372331
	}, {
		"quotecurrency": "SGD",
		"mid": 1.3340870873
	}, {
		"quotecurrency": "SHP",
		"mid": 0.7502565045
	}, {
		"quotecurrency": "SLL",
		"mid": 10153.8882506905
	}, {
		"quotecurrency": "SOS",
		"mid": 576.8827651364
	}, {
		"quotecurrency": "SPL",
		"mid": 0.166666666
	}, {
		"quotecurrency": "SRD",
		"mid": 14.1525836723
	}, {
		"quotecurrency": "STN",
		"mid": 20.1876548017
	}, {
		"quotecurrency": "SVC",
		"mid": 8.75
	}, {
		"quotecurrency": "SYP",
		"mid": 512.7873094635
	}, {
		"quotecurrency": "SZL",
		"mid": 15.0288450181
	}, {
		"quotecurrency": "THB",
		"mid": 30.0935362047
	}, {
		"quotecurrency": "TJS",
		"mid": 11.2999917944
	}, {
		"quotecurrency": "TMT",
		"mid": 3.4753716327
	}, {
		"quotecurrency": "TND",
		"mid": 2.6792519789
	}, {
		"quotecurrency": "TOP",
		"mid": 2.2742804646
	}, {
		"quotecurrency": "TRY",
		"mid": 7.8530397363
	}, {
		"quotecurrency": "TTD",
		"mid": 6.7909747419
	}, {
		"quotecurrency": "TVD",
		"mid": 1.3269698725
	}, {
		"quotecurrency": "TWD",
		"mid": 28.1193815199
	}, {
		"quotecurrency": "TZS",
		"mid": 2319.1353143775
	}, {
		"quotecurrency": "UAH",
		"mid": 27.8500535305
	}, {
		"quotecurrency": "UGX",
		"mid": 3665.8947126445
	}, {
		"quotecurrency": "USD",
		"mid": 1.0
	}, {
		"quotecurrency": "UYU",
		"mid": 42.4637063294
	}, {
		"quotecurrency": "UZS",
		"mid": 10441.4858856655
	}, {
		"quotecurrency": "VEF",
		"mid": 9.9875
	}, {
		"quotecurrency": "VES",
		"mid": 1101827.4927210554
	}, {
		"quotecurrency": "VND",
		"mid": 23138.874814371
	}, {
		"quotecurrency": "VUV",
		"mid": 109.9410945511
	}, {
		"quotecurrency": "WST",
		"mid": 2.5344597724
	}, {
		"quotecurrency": "XAF",
		"mid": 539.9531454483
	}, {
		"quotecurrency": "XAG",
		"mid": 0.0419291955
	}, {
		"quotecurrency": "XAU",
		"mid": 5.472458E-4
	}, {
		"quotecurrency": "XBT",
		"mid": 5.18858E-5
	}, {
		"quotecurrency": "XCD",
		"mid": 2.7025177444
	}, {
		"quotecurrency": "XDR",
		"mid": 0.6958447869
	}, {
		"quotecurrency": "XOF",
		"mid": 539.9531454483
	}, {
		"quotecurrency": "XPD",
		"mid": 4.30988E-4
	}, {
		"quotecurrency": "XPF",
		"mid": 98.2283130997
	}, {
		"quotecurrency": "XPT",
		"mid": 9.843055E-4
	}, {
		"quotecurrency": "YER",
		"mid": 250.1777462247
	}, {
		"quotecurrency": "ZAR",
		"mid": 15.0288450181
	}, {
		"quotecurrency": "ZMW",
		"mid": 21.0781502962
	}, {
		"quotecurrency": "ZWD",
		"mid": 361.9
	}]
}