<?xml version='1.0' encoding='UTF-8'?>
<types:mule xmlns:types="http://www.mulesoft.org/schema/mule/types">
  <types:catalog>
    <types:type name="auto_84b5c364-3912-4a0d-81c5-97638c0e8115_Input-Payload" format="java">
      <types:shape format="weave" example="weave/autogenerated/84b5c364-3912-4a0d-81c5-97638c0e8115/Input-Payload.wev" autogeneratedOrigin="8d72d8e6-5155-4595-a570-b780b948f096"><![CDATA[%dw 2.0

type auto_84b5c364_3912_4a0d_81c5_97638c0e8115_Input_Payload = Any

]]></types:shape>
    </types:type>
    <types:type name="auto_258c640e-c086-48ab-9b4e-3de108963e3b_Input-Payload" format="json">
      <types:shape format="weave" example="weave/autogenerated/258c640e-c086-48ab-9b4e-3de108963e3b/Input-Payload.wev" autogeneratedOrigin="951bbbd3-3fae-4c77-883a-d4d56a553d5f"><![CDATA[%dw 2.0

type auto_258c640e_c086_48ab_9b4e_3de108963e3b_Input_Payload = Array<{ _?: java_lang_Object }>
type java_lang_Object = {|  |} {"typeAlias": "Object",
"class": "java.lang.Object",
"typeId": "java.lang.Object"}



]]></types:shape>
    </types:type>
    <types:type name="auto_258c640e-c086-48ab-9b4e-3de108963e3b_Input-Attributes" format="java">
      <types:shape format="weave" example="weave/autogenerated/258c640e-c086-48ab-9b4e-3de108963e3b/Input-Attributes.wev" autogeneratedOrigin="951bbbd3-3fae-4c77-883a-d4d56a553d5f"><![CDATA[%dw 2.0

type auto_258c640e_c086_48ab_9b4e_3de108963e3b_Input_Attributes = Null

]]></types:shape>
    </types:type>
    <types:type name="auto_258c640e-c086-48ab-9b4e-3de108963e3b_Input-Variables-offset" format="java">
      <types:shape format="raml" autogeneratedOrigin="951bbbd3-3fae-4c77-883a-d4d56a553d5f"><![CDATA[#%RAML 1.0 DataType
type: number]]></types:shape>
    </types:type>
    <types:type name="auto_258c640e-c086-48ab-9b4e-3de108963e3b_Input-Variables-limit" format="java">
      <types:shape format="raml" autogeneratedOrigin="951bbbd3-3fae-4c77-883a-d4d56a553d5f"><![CDATA[#%RAML 1.0 DataType
type: number]]></types:shape>
    </types:type>
    <types:type name="auto_258c640e-c086-48ab-9b4e-3de108963e3b_Output-Payload" format="json">
      <types:shape format="weave" autogeneratedOrigin="951bbbd3-3fae-4c77-883a-d4d56a553d5f"><![CDATA[%dw 2.0

type auto_258c640e_c086_48ab_9b4e_3de108963e3b_Output_Payload = {| Message?: String |} {"example": "{\\\"Message\\\":\\\"Sccuess response\\\"}"}

]]></types:shape>
    </types:type>
    <types:type name="auto_84b5c364-3912-4a0d-81c5-97638c0e8115_Input-Attributes" format="java">
      <types:shape format="weave" example="weave/autogenerated/84b5c364-3912-4a0d-81c5-97638c0e8115/Input-Attributes.wev" autogeneratedOrigin="8d72d8e6-5155-4595-a570-b780b948f096"><![CDATA[%dw 2.0

type auto_84b5c364_3912_4a0d_81c5_97638c0e8115_Input_Attributes = {|
  clientCertificate?: {|
    publicKey?: {|  |}, 
    "type"?: String, 
    encoded?: Binary
  |}, 
  headers: {|  |}, 
  listenerPath: String, 
  method: String, 
  queryParams: {|
    limit: Number, 
    offset: Number
  |}, 
  queryString: String, 
  relativePath: String, 
  remoteAddress: String, 
  requestPath: String, 
  requestUri: String, 
  scheme: String, 
  uriParams: {|  |}, 
  version: String, 
  localAddress: String
|}

]]></types:shape>
    </types:type>
    <types:type name="auto_258c640e-c086-48ab-9b4e-3de108963e3b_Output-Attributes" format="java">
      <types:shape format="weave" example="weave/autogenerated/258c640e-c086-48ab-9b4e-3de108963e3b/Output-Attributes.wev" autogeneratedOrigin="951bbbd3-3fae-4c77-883a-d4d56a553d5f"><![CDATA[%dw 2.0

type auto_258c640e_c086_48ab_9b4e_3de108963e3b_Output_Attributes = Null

]]></types:shape>
    </types:type>
    <types:type name="auto_84b5c364-3912-4a0d-81c5-97638c0e8115_Input-Variables-offset" format="java">
      <types:shape format="weave" example="weave/autogenerated/84b5c364-3912-4a0d-81c5-97638c0e8115/Input-Variables-offset.wev" autogeneratedOrigin="8d72d8e6-5155-4595-a570-b780b948f096"><![CDATA[%dw 2.0

type auto_84b5c364_3912_4a0d_81c5_97638c0e8115_Input_Variables_offset = Any

]]></types:shape>
    </types:type>
    <types:type name="auto_84b5c364-3912-4a0d-81c5-97638c0e8115_Output-Payload" format="json">
      <types:shape format="weave" autogeneratedOrigin="8d72d8e6-5155-4595-a570-b780b948f096"><![CDATA[%dw 2.0

type auto_84b5c364_3912_4a0d_81c5_97638c0e8115_Output_Payload = {| Message?: String |} {"example": "{\\\"Message\\\":\\\"Sccuess response\\\"}"}

]]></types:shape>
    </types:type>
    <types:type name="auto_258c640e-c086-48ab-9b4e-3de108963e3b_Output-Variables-outboundHeaders" format="java">
      <types:shape format="weave" example="weave/autogenerated/258c640e-c086-48ab-9b4e-3de108963e3b/Output-Variables-outboundHeaders.wev" autogeneratedOrigin="951bbbd3-3fae-4c77-883a-d4d56a553d5f"><![CDATA[%dw 2.0

type auto_258c640e_c086_48ab_9b4e_3de108963e3b_Output_Variables_outboundHeaders = {|  |}

]]></types:shape>
    </types:type>
    <types:type name="auto_84b5c364-3912-4a0d-81c5-97638c0e8115_Output-Variables-outboundHeaders" format="java">
      <types:shape format="weave" example="weave/autogenerated/84b5c364-3912-4a0d-81c5-97638c0e8115/Output-Variables-outboundHeaders.wev" autogeneratedOrigin="8d72d8e6-5155-4595-a570-b780b948f096"><![CDATA[%dw 2.0

type auto_84b5c364_3912_4a0d_81c5_97638c0e8115_Output_Variables_outboundHeaders = {|  |}

]]></types:shape>
    </types:type>
    <types:type name="auto_258c640e-c086-48ab-9b4e-3de108963e3b_Output-Variables-offset" format="java">
      <types:shape format="weave" example="weave/autogenerated/258c640e-c086-48ab-9b4e-3de108963e3b/Output-Variables-offset.wev" autogeneratedOrigin="951bbbd3-3fae-4c77-883a-d4d56a553d5f"><![CDATA[%dw 2.0

type auto_258c640e_c086_48ab_9b4e_3de108963e3b_Output_Variables_offset = Any

]]></types:shape>
    </types:type>
    <types:type name="auto_258c640e-c086-48ab-9b4e-3de108963e3b_Output-Variables-httpStatus" format="java">
      <types:shape format="raml" autogeneratedOrigin="951bbbd3-3fae-4c77-883a-d4d56a553d5f"><![CDATA[#%RAML 1.0 DataType
type: string]]></types:shape>
    </types:type>
    <types:type name="auto_258c640e-c086-48ab-9b4e-3de108963e3b_Output-Variables-limit" format="java">
      <types:shape format="raml" autogeneratedOrigin="951bbbd3-3fae-4c77-883a-d4d56a553d5f"><![CDATA[#%RAML 1.0 DataType
type: number]]></types:shape>
    </types:type>
    <types:type name="auto_84b5c364-3912-4a0d-81c5-97638c0e8115_Output-Variables-httpStatus" format="java">
      <types:shape format="raml" autogeneratedOrigin="8d72d8e6-5155-4595-a570-b780b948f096"><![CDATA[#%RAML 1.0 DataType
type: string]]></types:shape>
    </types:type>
  </types:catalog>
  <types:enrichment select="#84b5c364-3912-4a0d-81c5-97638c0e8115">
    <types:processor-declaration>
      <types:input-event>
        <types:message>
          <types:payload type="auto_84b5c364-3912-4a0d-81c5-97638c0e8115_Input-Payload"/>
          <types:attributes type="auto_84b5c364-3912-4a0d-81c5-97638c0e8115_Input-Attributes"/>
        </types:message>
        <types:variables>
          <types:variable name="offset" type="auto_84b5c364-3912-4a0d-81c5-97638c0e8115_Input-Variables-offset"/>
        </types:variables>
      </types:input-event>
      <types:output-event>
        <types:message>
          <types:payload type="auto_84b5c364-3912-4a0d-81c5-97638c0e8115_Output-Payload"/>
        </types:message>
        <types:variables>
          <types:variable name="outboundHeaders" type="auto_84b5c364-3912-4a0d-81c5-97638c0e8115_Output-Variables-outboundHeaders"/>
          <types:variable name="offset" type="null"/>
          <types:variable name="httpStatus" type="auto_84b5c364-3912-4a0d-81c5-97638c0e8115_Output-Variables-httpStatus"/>
        </types:variables>
      </types:output-event>
    </types:processor-declaration>
  </types:enrichment>
  <types:enrichment select="#258c640e-c086-48ab-9b4e-3de108963e3b">
    <types:processor-declaration>
      <types:input-event>
        <types:message>
          <types:payload type="auto_258c640e-c086-48ab-9b4e-3de108963e3b_Input-Payload"/>
          <types:attributes type="auto_258c640e-c086-48ab-9b4e-3de108963e3b_Input-Attributes"/>
        </types:message>
        <types:variables>
          <types:variable name="offset" type="auto_258c640e-c086-48ab-9b4e-3de108963e3b_Input-Variables-offset"/>
          <types:variable name="limit" type="auto_258c640e-c086-48ab-9b4e-3de108963e3b_Input-Variables-limit"/>
        </types:variables>
      </types:input-event>
      <types:output-event>
        <types:message>
          <types:payload type="auto_258c640e-c086-48ab-9b4e-3de108963e3b_Output-Payload"/>
          <types:attributes type="auto_258c640e-c086-48ab-9b4e-3de108963e3b_Output-Attributes"/>
        </types:message>
        <types:variables>
          <types:variable name="outboundHeaders" type="auto_258c640e-c086-48ab-9b4e-3de108963e3b_Output-Variables-outboundHeaders"/>
          <types:variable name="offset" type="auto_258c640e-c086-48ab-9b4e-3de108963e3b_Output-Variables-offset"/>
          <types:variable name="httpStatus" type="auto_258c640e-c086-48ab-9b4e-3de108963e3b_Output-Variables-httpStatus"/>
          <types:variable name="limit" type="auto_258c640e-c086-48ab-9b4e-3de108963e3b_Output-Variables-limit"/>
        </types:variables>
      </types:output-event>
    </types:processor-declaration>
  </types:enrichment>
</types:mule>