<?xml version="1.0" encoding="UTF-8"?>
<mule xmlns:os="http://www.mulesoft.org/schema/mule/os" xmlns:batch="http://www.mulesoft.org/schema/mule/batch" xmlns:file="http://www.mulesoft.org/schema/mule/file" xmlns:db="http://www.mulesoft.org/schema/mule/db" xmlns="http://www.mulesoft.org/schema/mule/core" xmlns:apikit="http://www.mulesoft.org/schema/mule/mule-apikit" xmlns:doc="http://www.mulesoft.org/schema/mule/documentation" xmlns:ee="http://www.mulesoft.org/schema/mule/ee/core" xmlns:http="http://www.mulesoft.org/schema/mule/http" xmlns:xsi="http://www.w3.org/2001/XMLSchema-instance" xsi:schemaLocation="http://www.mulesoft.org/schema/mule/core http://www.mulesoft.org/schema/mule/core/current/mule.xsd http://www.mulesoft.org/schema/mule/http http://www.mulesoft.org/schema/mule/http/current/mule-http.xsd http://www.mulesoft.org/schema/mule/mule-apikit http://www.mulesoft.org/schema/mule/mule-apikit/current/mule-apikit.xsd http://www.mulesoft.org/schema/mule/ee/core http://www.mulesoft.org/schema/mule/ee/core/current/mule-ee.xsd 
http://www.mulesoft.org/schema/mule/db http://www.mulesoft.org/schema/mule/db/current/mule-db.xsd
http://www.mulesoft.org/schema/mule/file http://www.mulesoft.org/schema/mule/file/current/mule-file.xsd
http://www.mulesoft.org/schema/mule/batch http://www.mulesoft.org/schema/mule/batch/current/mule-batch.xsd
http://www.mulesoft.org/schema/mule/os http://www.mulesoft.org/schema/mule/os/current/mule-os.xsd">
    <http:listener-config name="pagination-httpListenerConfig">
        <http:listener-connection host="0.0.0.0" port="8082" />
    </http:listener-config>
    <apikit:config name="pagination-config" api="pagination.raml" outboundHeadersMapName="outboundHeaders" httpStatusVarName="httpStatus" />
    <db:config name="Database_Config" doc:name="Database Config" doc:id="1936f51c-b69f-4d10-bb85-8b9314251747" >
		<db:my-sql-connection host="172.16.40.55" port="3306" user="vineeshac" password="Admin@123456!" database="Vineesha_DB" />
	</db:config>
	<file:config name="File_Config" doc:name="File Config" doc:id="bd81ea58-8082-4348-8df1-1dc61559c42b" >
		<file:connection workingDir="C:\Users\vineeshac" />
	</file:config>
	<os:object-store name="Object_store" doc:name="Object store" doc:id="6e1a4991-8c77-4016-b55f-9d5cf46d4b9f" />
	<flow name="pagination-main">
        <http:listener config-ref="pagination-httpListenerConfig" path="/api/*">
            <http:response statusCode="#[vars.httpStatus default 200]">
                <http:headers>#[vars.outboundHeaders default {}]</http:headers>
            </http:response>
            <http:error-response statusCode="#[vars.httpStatus default 500]">
                <http:body>#[payload]</http:body>
                <http:headers>#[vars.outboundHeaders default {}]</http:headers>
            </http:error-response>
        </http:listener>
        <apikit:router config-ref="pagination-config" />
        <error-handler>
            <on-error-propagate type="APIKIT:BAD_REQUEST">
                <ee:transform doc:name="Transform Message">
                    <ee:message>
                        <ee:set-payload><![CDATA[%dw 2.0
output application/json
---
{message: "Bad request"}]]></ee:set-payload>
                    </ee:message>
                    <ee:variables>
                        <ee:set-variable variableName="httpStatus">400</ee:set-variable>
                    </ee:variables>
                </ee:transform>
            </on-error-propagate>
            <on-error-propagate type="APIKIT:NOT_FOUND">
                <ee:transform doc:name="Transform Message">
                    <ee:message>
                        <ee:set-payload><![CDATA[%dw 2.0
output application/json
---
{message: "Resource not found"}]]></ee:set-payload>
                    </ee:message>
                    <ee:variables>
                        <ee:set-variable variableName="httpStatus">404</ee:set-variable>
                    </ee:variables>
                </ee:transform>
            </on-error-propagate>
            <on-error-propagate type="APIKIT:METHOD_NOT_ALLOWED">
                <ee:transform doc:name="Transform Message">
                    <ee:message>
                        <ee:set-payload><![CDATA[%dw 2.0
output application/json
---
{message: "Method not allowed"}]]></ee:set-payload>
                    </ee:message>
                    <ee:variables>
                        <ee:set-variable variableName="httpStatus">405</ee:set-variable>
                    </ee:variables>
                </ee:transform>
				<os:clear doc:name="Clear" doc:id="eb4ce2a0-2abd-4099-9ac4-d74f7e56cb88" objectStore="Object_store"/>
            </on-error-propagate>
            <on-error-propagate type="APIKIT:NOT_ACCEPTABLE">
                <ee:transform doc:name="Transform Message">
                    <ee:message>
                        <ee:set-payload><![CDATA[%dw 2.0
output application/json
---
{message: "Not acceptable"}]]></ee:set-payload>
                    </ee:message>
                    <ee:variables>
                        <ee:set-variable variableName="httpStatus">406</ee:set-variable>
                    </ee:variables>
                </ee:transform>
            </on-error-propagate>
            <on-error-propagate type="APIKIT:UNSUPPORTED_MEDIA_TYPE">
                <ee:transform doc:name="Transform Message">
                    <ee:message>
                        <ee:set-payload><![CDATA[%dw 2.0
output application/json
---
{message: "Unsupported media type"}]]></ee:set-payload>
                    </ee:message>
                    <ee:variables>
                        <ee:set-variable variableName="httpStatus">415</ee:set-variable>
                    </ee:variables>
                </ee:transform>
            </on-error-propagate>
            <on-error-propagate type="APIKIT:NOT_IMPLEMENTED">
                <ee:transform doc:name="Transform Message">
                    <ee:message>
                        <ee:set-payload><![CDATA[%dw 2.0
output application/json
---
{message: "Not Implemented"}]]></ee:set-payload>
                    </ee:message>
                    <ee:variables>
                        <ee:set-variable variableName="httpStatus">501</ee:set-variable>
                    </ee:variables>
                </ee:transform>
            </on-error-propagate>
        </error-handler>
    </flow>
    <flow name="pagination-console">
        <http:listener config-ref="pagination-httpListenerConfig" path="/console/*">
            <http:response statusCode="#[vars.httpStatus default 200]">
                <http:headers>#[vars.outboundHeaders default {}]</http:headers>
            </http:response>
            <http:error-response statusCode="#[vars.httpStatus default 500]">
                <http:body>#[payload]</http:body>
                <http:headers>#[vars.outboundHeaders default {}]</http:headers>
            </http:error-response>
        </http:listener>
        <apikit:console config-ref="pagination-config" />
        <error-handler>
            <on-error-propagate type="APIKIT:NOT_FOUND">
                <ee:transform doc:name="Transform Message">
                    <ee:message>
                        <ee:set-payload><![CDATA[%dw 2.0
output application/json
---
{message: "Resource not found"}]]></ee:set-payload>
                    </ee:message>
                    <ee:variables>
                        <ee:set-variable variableName="httpStatus">404</ee:set-variable>
                    </ee:variables>
                </ee:transform>
            </on-error-propagate>
        </error-handler>
    </flow>
    <flow name="get:\pagination:pagination-config" doc:id="84b5c364-3912-4a0d-81c5-97638c0e8115">
		<os:retrieve doc:name="Retrieve Limitvalue" doc:id="c3042603-6dbb-4d3c-9209-3474bce0dec2" key="limit" target="limit" objectStore="Object_store">
			<os:default-value ><![CDATA[#[attributes.queryParams.limit]]]></os:default-value>
		</os:retrieve>
		<os:retrieve doc:name="Retrieve offsetvalue" doc:id="589cb0cb-ad69-4e38-b67f-70a7a5c89707" key="offset" objectStore="Object_store" target="offset">
			<os:default-value ><![CDATA[#[attributes.queryParams.offset]]]></os:default-value>
		</os:retrieve>
		<ee:transform doc:name="DB Query">
            <ee:message>
                <ee:set-payload><![CDATA[%dw 2.0
output application/java
---
"SELECT * FROM  Employee limit " ++ vars.limit ++ " offset " ++ vars.offset ++ ';']]></ee:set-payload>
            </ee:message>
        </ee:transform>
		<db:select doc:name="Select DB" doc:id="c883d55e-b757-48a6-bd10-7e1f02cbf45a" config-ref="Database_Config">
			<db:sql ><![CDATA[#[payload]]]></db:sql>
		</db:select>
		<ee:transform doc:name="Converting Json" doc:id="f98fc510-3efc-4c99-9dd6-a256961c05c8" >
			<ee:message >
				<ee:set-payload ><![CDATA[%dw 2.0
output application/json
---
payload]]></ee:set-payload>
			</ee:message>
		</ee:transform>
		<flow-ref doc:name="Flow Reference" doc:id="951bbbd3-3fae-4c77-883a-d4d56a553d5f" name="paginationSub_Flow"/>
    </flow>
	<sub-flow name="paginationSub_Flow" doc:id="258c640e-c086-48ab-9b4e-3de108963e3b" >
		<choice doc:name="Choice" doc:id="2a73da3c-a7ef-4ebb-9a1c-9d198904158c" >
			<when expression="#[sizeOf(payload) &gt; 0]">
				<file:write doc:name="Write insert records" doc:id="bfa1f130-b59e-4c07-b5fc-687d4694b693" config-ref="File_Config" path="#[now()as String{format:'yyyy-MM-dd-hh-mm-ss'}++&quot;.csv&quot;]" />
				<os:store doc:name="Store Limitvalue" doc:id="7723870f-315a-462c-b942-3dc7534abb87" key="limit" objectStore="Object_store">
					<os:value ><![CDATA[#[vars.limit]]]></os:value>
				</os:store>
				<os:store doc:name="Store offsetvalue" doc:id="a8ea7fdc-a148-4a8f-ba30-88d7e788b5d0" key="offset" objectStore="Object_store">
					<os:value ><![CDATA[#[vars.offset + 5]]]></os:value>
				</os:store>
				<flow-ref doc:name="Flow Reference" doc:id="8d72d8e6-5155-4595-a570-b780b948f096" name="get:\pagination:pagination-config" />
			</when>
			<otherwise >
				<logger level="INFO" doc:name="Logger" doc:id="568af865-0180-456c-994d-5784da81b23a" />
			</otherwise>
		</choice>
	</sub-flow>
</mule>
