<?xml version="1.0" encoding="utf-8"?>
<Configuration>

    <!--These are some of the loggers you can enable. 
        There are several more you can find in the documentation. 
        Besides this log4j configuration, you can also use Java VM environment variables
        to enable other logs like network (-Djavax.net.debug=ssl or all) and 
        Garbage Collector (-XX:+PrintGC). These will be append to the console, so you will 
        see them in the mule_ee.log file. -->

    <Appenders>
        <RollingFile name="file" fileName="${sys:mule.home}${sys:file.separator}logs${sys:file.separator}mule-proc-api-salesforce.log" 
                 filePattern="${sys:mule.home}${sys:file.separator}logs${sys:file.separator}mule-proc-api-salesforce-%i.log">
            <PatternLayout pattern="%-5p %d [%t] [event: %X{correlationId}] %c: %m%n" />
            <SizeBasedTriggeringPolicy size="10 MB" />
            <DefaultRolloverStrategy max="10"/>
        </RollingFile>
    </Appenders>
    <Loggers>
        
        <!-- Http Logger shows wire traffic on DEBUG. -->
        <!--AsyncLogger name="org.mule.service.http.impl.service.HttpMessageLogger" level="DEBUG" /-->
        <AsyncLogger name="org.mule.service.http" level="WARN"/>
        <AsyncLogger name="org.mule.extension.http" level="WARN"/>
        <AsyncLogger name="com.aperture.mule4.approvalChatterPost" level="DEBUG" />
        <AsyncLogger name="com.aperture.mule4.cancelChatterPost" level="DEBUG" />
        <AsyncLogger name="com.aperture.mule4.createAPH" level="DEBUG" />
        <AsyncLogger name="com.aperture.mule4.createAPA" level="DEBUG" />
        <AsyncLogger name="com.aperture.mule4.updateAPH" level="DEBUG" />
        <AsyncLogger name="com.aperture.mule4.updateAPA" level="DEBUG" />
        <AsyncLogger name="com.aperture.mule4.cancelFailureCaseId" level="ERROR" />
        <AsyncLogger name="com.aperture.mule4.contactUpdate" level="DEBUG" />
        <AsyncLogger name="com.aperture.mule4.contactRelationUpdate" level="DEBUG" />
        <AsyncLogger name="com.aperture.mule4.contactRelationCreate" level="DEBUG" />
        <AsyncLogger name="com.aperture.mule4.beforeApproveOrderRequest" level="DEBUG" />
        <AsyncLogger name="com.aperture.mule4.approveSundryOrderRequest" level="DEBUG" />
    	<AsyncLogger name="com.aperture.mule4.beforeCancelOrdersRequest" level="DEBUG" />
    	<AsyncLogger name="com.aperture.mule4.cancelSundryOrderRequest" level="DEBUG" />
    	<AsyncLogger name="com.aperture.mule4.chatterpostError" level="DEBUG" />
    	<AsyncLogger name="com.aperture.mule4.accountUpdate" level="DEBUG" />
    	<AsyncLogger name="com.aperture.mule4.contactOperations" level="DEBUG" />
    	<AsyncLogger name="com.aperture.mule4.accountCreate" level="DEBUG" />
    	<AsyncLogger name="com.aperture.mule4.createUser" level="DEBUG" />
    	<AsyncLogger name="com.aperture.mule4.ibmMq" level="DEBUG" />
    	
    	
    	
    	
		<!-- Mule logger -->        
        <AsyncLogger name="org.mule.runtime.core.internal.processor.LoggerMessageProcessor" level="INFO"/>
        
        <!-- Before Approve Order Loggers -->
        <AsyncLogger name="com.aperture.mule4.beforeApproveOrderRequest" level="DEBUG"/>
        
        <!-- Before Approve Sundry Order Request Loggers -->
        <AsyncLogger name="com.aperture.mule4.approveSundryOrderRequest" level="DEBUG"/>
		
        <!-- Before Cancel Sundry Order Request Loggers -->
        <AsyncLogger name="com.aperture.mule4.beforeCancelOrdersRequest" level="DEBUG"/>
		 
		<!-- Before Cancel Sundry Order Loggers -->
        <AsyncLogger name="com.aperture.mule4.cancelSundryOrderRequest" level="DEBUG"/>
         
		<!-- CaseId Loggers -->
        <AsyncLogger name="com.aperture.mule4.approveFailureCaseId" level="ERROR"/>
		<AsyncLogger name="com.aperture.mule4.cancelFailureCaseId" level="ERROR"/>		 
		 
		<!-- After SundryApproveRejectRequest Loggers -->
        <AsyncLogger name="com.aperture.mule4.beforeSundryApproveRejectRequest" level="DEBUG"/>
		 <AsyncLogger name="com.aperture.mule4.afterSundryApproveRejectRequest" level="DEBUG"/>
		 
		<!-- SessionId Loggers -->
        <AsyncLogger name="com.aperture.mule4.sessionId" level="DEBUG"/>
		 
		<!--DataBase Interface-->
        <AsyncLogger name="com.aperture.mule4.dbSuccessResponse" level="DEBUG"/>
		<AsyncLogger name="com.aperture.mule4.successDbConnectivity" level="Error"/>
		<AsyncLogger name="com.aperture.mule4.dbErrorResponse" level="DEBUG"/>
		<AsyncLogger name="com.aperture.mule4.ErrorDbConnectivity" level="Error"/>
	    
		<!-- Third Party Case Loggers -->
		<AsyncLogger name="com.aperture.mule4.sfSubscribeTopic" level="DEBUG"/>
        <AsyncLogger name="com.aperture.mule4.thirdPartyCase" level="DEBUG"/>
		<AsyncLogger name="com.aperture.mule4.thirdPartyCaseError" level="Error"/>
		
		<!-- chatterPost -->
		<AsyncLogger name="com.aperture.mule4.approvalChatterPost" level="DEBUG"/>
		<AsyncLogger name="com.aperture.mule4.cancelChatterPost" level="DEBUG"/>
		
		 
        <AsyncRoot level="INFO">
            <AppenderRef ref="file" />
        </AsyncRoot>
    </Loggers>
</Configuration>
