<?xml version='1.0' encoding='UTF-8'?>
<types:mule xmlns:types="http://www.mulesoft.org/schema/mule/types">
  <types:catalog>
    <types:type name="soap-res" format="xml">
      <types:example format="xml" element="{urn:partner.soap.sforce.com}loginResponse" location="examples/soap-res.xml"/>
    </types:type>
  </types:catalog>
  <types:enrichment select="#a11edf3e-fe01-459f-a98c-9c4fb332eb38">
    <types:processor-declaration>
      <types:input-event>
        <types:message>
          <types:payload type="soap-res"/>
        </types:message>
      </types:input-event>
    </types:processor-declaration>
  </types:enrichment>
  <types:enrichment select="#abed8724-cd4d-498b-bb1f-39f9f1f1954c"/>
  <types:enrichment select="#998d6fec-01fc-4d02-ad5d-9bea034d1003"/>
  <types:enrichment select="#706bedd0-d9d6-4feb-b803-d2ff3d458b3f"/>
  <types:enrichment select="#098beacb-1cef-40cc-b1c2-11d8b6211381"/>
</types:mule>