<?xml version="1.0" encoding="UTF-8"?>

<mule xmlns:ee="http://www.mulesoft.org/schema/mule/ee/core" xmlns:file="http://www.mulesoft.org/schema/mule/file"
	xmlns:http="http://www.mulesoft.org/schema/mule/http"
	xmlns="http://www.mulesoft.org/schema/mule/core" xmlns:doc="http://www.mulesoft.org/schema/mule/documentation" xmlns:xsi="http://www.w3.org/2001/XMLSchema-instance" xsi:schemaLocation="http://www.mulesoft.org/schema/mule/core http://www.mulesoft.org/schema/mule/core/current/mule.xsd
http://www.mulesoft.org/schema/mule/http http://www.mulesoft.org/schema/mule/http/current/mule-http.xsd
http://www.mulesoft.org/schema/mule/file http://www.mulesoft.org/schema/mule/file/current/mule-file.xsd
http://www.mulesoft.org/schema/mule/ee/core http://www.mulesoft.org/schema/mule/ee/core/current/mule-ee.xsd">
	<http:listener-config name="HTTP_Listener_config" doc:name="HTTP Listener config" doc:id="5f0a396c-da63-4ff2-9c10-f821cb87c5e9" >
		<http:listener-connection host="0.0.0.0" port="8081" />
	</http:listener-config>
	<configuration-properties doc:name="Configuration properties" doc:id="b63d4021-1c82-4ce6-87b8-0a38db806cbf" file="config.yaml" />
	<flow name="copyflow1Flow" doc:id="2091f663-372f-4bbc-85b9-e62511aede4d" >
		<http:listener doc:name="Listener" doc:id="925c9068-6b9f-458e-b116-96e723c8c5bc" path="/target" config-ref="HTTP_Listener_config"/>
		<file:list doc:id="f7defc92-8c3b-462c-bca4-ae6162480794" directoryPath="C:\file path"/>
		<ee:transform doc:name="Transform Message" doc:id="bcb5f480-d448-4d66-913c-56a158be6fd2" >
			<ee:message >
				<ee:set-payload ><![CDATA[%dw 2.0
output application/json
---
payload]]></ee:set-payload>
			</ee:message>
		</ee:transform>
		<foreach doc:name="For Each" doc:id="f90ec9db-8fa1-4e0a-83a3-4e63dc9af40d" >
			<set-variable value="#[output application/json &#10;--- &#10;p('path') splitBy &quot;,&quot;]" doc:name="Set Variable" doc:id="85ab9cdb-ffba-4f8c-85e8-965ae491aa9c" variableName="target"/>
			<ee:transform doc:name="Transform Message" doc:id="ec53eeba-a829-4e96-912e-3604059161af" >
				<ee:message >
					<ee:set-payload ><![CDATA[%dw 2.0
output application/json
---
{
	path:( vars.target filter ((item,index )-> item contains  (payload.attributes.name)[0] ))  reduce ((item, accumulator) -> item ),
	file:payload
}
	]]></ee:set-payload>
				</ee:message>
			</ee:transform>
			<ee:transform doc:name="Transform Message" doc:id="cb56ac6c-bca5-485d-b428-290e3b1bec04" >
				<ee:message >
					<ee:set-payload ><![CDATA[%dw 2.0
import * from dw::core::Strings
output application/json
---
{
	path:substringAfter(payload.path, "="),
	file:payload.file
	}]]></ee:set-payload>
				</ee:message>
			</ee:transform>
			<set-variable value="#[output application/json&#10;---&#10;{&#10;	source:payload.file,&#10;	target:payload.path&#10;}]" doc:name="Set Variable" doc:id="eeaa92ac-263b-4d31-9cee-9aeaf0bbbb25" variableName="write"/>
			<file:read doc:name="Read" doc:id="e31bb711-ffc4-4ed9-ad07-1ce2ef613654" path="#[output text/plain --- vars.WRITE.source.attributes.path]"/>
			<ee:transform doc:name="Transform Message" doc:id="0eefc9c5-dd81-45ed-94d8-7707b4d86f04" >
				<ee:message >
					<ee:set-payload ><![CDATA[%dw 2.0
output application/json
---
payload]]></ee:set-payload>
				</ee:message>
			</ee:transform>
			<file:write doc:name="Write" doc:id="bf7c3070-7e0d-49ab-8655-f8fdb44b9140" path="#[output application/java --- vars.write.target ++  (vars.write.source.attributes.name)]"/>
		</foreach>
	</flow>
</mule>
