<?xml version="1.0" encoding="UTF-8"?>

<mule xmlns:tls="http://www.mulesoft.org/schema/mule/tls" xmlns:email="http://www.mulesoft.org/schema/mule/email"
	xmlns:http="http://www.mulesoft.org/schema/mule/http"
	xmlns="http://www.mulesoft.org/schema/mule/core" xmlns:doc="http://www.mulesoft.org/schema/mule/documentation" xmlns:xsi="http://www.w3.org/2001/XMLSchema-instance" xsi:schemaLocation="http://www.mulesoft.org/schema/mule/core http://www.mulesoft.org/schema/mule/core/current/mule.xsd
http://www.mulesoft.org/schema/mule/http http://www.mulesoft.org/schema/mule/http/current/mule-http.xsd
http://www.mulesoft.org/schema/mule/email http://www.mulesoft.org/schema/mule/email/current/mule-email.xsd
http://www.mulesoft.org/schema/mule/tls http://www.mulesoft.org/schema/mule/tls/current/mule-tls.xsd">
	<http:listener-config name="HTTP_Listener_config" doc:name="HTTP Listener config" doc:id="74c213e6-0c70-4c91-9021-922cfed14b0a" >
		<http:listener-connection host="0.0.0.0" port="8081" />
	</http:listener-config>
	<email:smtp-config name="Email_SMTP" doc:name="Email SMTP" doc:id="54fb0d5f-5f23-4d44-b5fd-8c810186f82a" >
		<email:smtp-connection host="smtp-mail.outlook.com" user="saikumar2111reddy@outlook.com" password="516$@!101" port="587"/>
	</email:smtp-config>
	<flow name="emailFlow" doc:id="5fad64f0-79eb-4447-85f4-b60e8f3e6c0a" >
		<http:listener doc:name="Listener" doc:id="17ad7684-6932-43d0-9245-c25e717b90c3" config-ref="HTTP_Listener_config" path="/send"/>
		<email:send doc:name="Send" doc:id="32910bcd-0056-43f8-9537-26ebb93fc3fc" config-ref="Email_SMTP" fromAddress="shaiktsghouse@gmail.com" subject='#["hello"]'>
			<email:to-addresses >
				<email:to-address value="tsghouse0407@gmail.com" />
			</email:to-addresses>
			<email:body >
				<email:content ><![CDATA[#["Hello World"]]]></email:content>
			</email:body>
		</email:send>
		<logger level="INFO" doc:name="Logger" doc:id="8547cb43-590a-4c9a-9e81-8123471fd7fc" message="#[payload]"/>
	</flow>
</mule>
