objectPath,objectName,objectType,id
/Explore/Hariprasad,ServiceConnector1,AI_SERVICE_CONNECTOR,5hcjO9efTAngBo7tIi4xaS
/Explore/Hariprasad,Process7,PROCESS,ahWXFhT57r4e6tAdxV1POO
/Explore/Hariprasad,Process1,PROCESS,1jv10LOq7ysiM74ZSEwqUA
/Explore/Hariprasad,Prc_xmldata,PROCESS,ahrJOOZUpGocrGpgghGmCa
/Explore/Hariprasad,map-4 deptno values in 1 row,DTEMPLATE,agTJZzl7udxjLP1wGOgqIq
/Explore/Hariprasad,FILE-EVENTS,AI_CONNECTION,5CJXBA1U4I5dH5wPmfRnom
/Explore/Hariprasad,AppCon-Salesforce,AI_CONNECTION,8RyyUx1EDUMgDq3eV0EpIi
/Explore/Hariprasad,pro-filereader-filewriter,PROCESS,lDKt6HvJXw6lVYeg4wzTMJ
/Explore/Hariprasad,AppConnection6,AI_CONNECTION,1qy6uXjli8LdYJpVT5ZvG5
/Explore/Hariprasad,Mapping14,DTEMPLATE,ba0MPJ1BfsFgGPLzKv9uS2
/Explore/Hariprasad,Map_seq_cycle5,DTEMPLATE,7qnTsn49s06k8Ckb5o76yZ
/Explore/Hariprasad,App-SF-INSERT ,AI_CONNECTION,8RH95AdujPJfxapkbgW5sK
/Explore/Hariprasad,Hierarchical Schema-sjon,HSCHEMA,ecOdpkvGCKnd3MjCUCQeWB
/Explore/Hariprasad,Process7mfnew,PROCESS,9qCJ0TcDVPvhsakpwSBMUW
/Explore/Hariprasad,TaskflowAPI1,TASKFLOW,1OgrDjIP2ECiL9FwVI5TG1
/Explore/Hariprasad,app ,AI_CONNECTION,7MTrZe7rHkIknCOFaQxj0r
/Explore/Hariprasad,prc-convert-xml-json-parse-xml,PROCESS,4CpRfjnCRP8dfn19EaaR6D
/Explore/Hariprasad,Processmovecsvfiles,PROCESS,42WXI59OcGKduXHUsdPmyf
/Explore/Hariprasad,Map-UN_dup,DTEMPLATE,gR7sWOmGOUMeEbuHvkZjAa
/Explore/Hariprasad,Prc-concat,PROCESS,cWUXr44Xau5iYByIuc8MI6
/Explore/Hariprasad,prc-filter-dept-records,PROCESS,gUM59sh1iW0d0jWgalXHyE
/Explore/Hariprasad,Mapping-PS,DTEMPLATE,4YdUurcNfxzc2sluBxXfct
/Explore/Hariprasad,map-convert column data into row data,DTEMPLATE,9ZsJbGE6OY8jkqeD4fOCoe
/Explore/Hariprasad,Map-inout1,DTEMPLATE,68lcpa4Cx4kiHTMnVRdJgc
/Explore/Hariprasad,Process object as input,PROCESS,lb373FEARaEkGFWjChsv0z
/Explore/Hariprasad,Mapplet dedup,DMAPPLET,5GUpnDFdsCQgQ32k1VG32j
/Explore/Hariprasad,prc-app-svc-calculator,PROCESS,dwyroxrXmG5cpAjlpX3Rkk
/Explore/Hariprasad,Svc-sample,AI_SERVICE_CONNECTOR,aSPxhBTFiqcccEwJhfhJc7
/Explore/Hariprasad,ISM get data from url,STRUCTURE_DISCOVERY,kTbHvaBBQWoibQsHKcrgi5
/Explore/Hariprasad,Process20,PROCESS,kqW20FYYRYmlu0K37lFrUl
/Explore/Hariprasad,Prc-urlcsv,PROCESS,8MAve3AZHr8cFKPKLiOJuA
/Explore/Hariprasad,mct_inout1,MTT,aIhLvr34smMf6Gtqi6a38t
/Explore/Hariprasad,svc-calculator,AI_SERVICE_CONNECTOR,8CnBjFWMWUilRl19hxlrgD
/Explore/Hariprasad,Mapping-first-last-middle,DTEMPLATE,0p0nS1ZX14idP9KpPw6fWi
/Explore/Hariprasad,MyTestJSONProcess,PROCESS,aH0y4wWRSXZcZc5TGFyWcH
/Explore/Hariprasad,ServiceConnector4,AI_SERVICE_CONNECTOR,jTCpo4UK7cThvwk3XUXOOJ
/Explore/Hariprasad,SVC_Create User,AI_SERVICE_CONNECTOR,iKNg7Z8JPeidBufKqkcjY5
/Explore/Hariprasad,App-conn-delimited-content-reader,AI_CONNECTION,4Xj7fVCqv3ecUvB1NVbtIe
/Explore/Hariprasad,Mapping21,DTEMPLATE,6NTId8CZiSwbJC7YzBFFiu
/Explore/Hariprasad,Taskflow6,TASKFLOW,2lpxP3X67NUlwCI2SJRYmY
/Explore/Hariprasad,ISM_urltocsv,STRUCTURE_DISCOVERY,jQxf4Gci3SjbU8schPSNwX
/Explore/Hariprasad,map-students-attended-zero-exams,DTEMPLATE,i2ETOdbP4IohG3oD5qtlum
/Explore/Hariprasad,SRC_url to csv1,AI_SERVICE_CONNECTOR,jSVolGQuqOubfniDBDg48S
/Explore/Hariprasad,Tf-data-availabilty,TASKFLOW,37hhmQYZ4WFeq6QxYZyfy5
/Explore/Hariprasad,prc-filter-xml-records,PROCESS,8l3fWRF7YdbimKdruSHL0j
/Explore/Hariprasad,Process9,PROCESS,5Hb7nPWwFIShdwVOXwSAsB
/Explore/Hariprasad,Process18,PROCESS,bPl3w5yLkk3dSFJ4Egugma
/Explore/Hariprasad,Map_srcff_tgtSF_Insert records,DTEMPLATE,lgJFTL25Jedk39tuirGDMY
/Explore/Hariprasad,Move dotcsv files,PROCESS,9qyU9XyWHmWf1I9asxHNck
/Explore/Hariprasad,Mapping Hie Parser,DTEMPLATE,8KYSMfagROviob6wBDgxsj
/Explore/Hariprasad,MCT-2c_1C,MTT,2SYjTkqTUAxjYL3tvdWKQm
/Explore/Hariprasad,Mapping-L3,DTEMPLATE,9azklgDh78ud9WLn0IfN8m
/Explore/Hariprasad,MCT_Create user,MTT,eU9w0ukLz6DgtHDA94gVk3
/Explore/Hariprasad,Src_user1,AI_SERVICE_CONNECTOR,daAdGpMWXSWbRPLSNZ1HGw
/Explore,Hariprasad,Project,2Tc9koiEg8vbyDDMPsbNa1
/Explore/Hariprasad,Tfw_appI_call,TASKFLOW,6QfR35nnk53js7K1N5cjWW
/Explore/Hariprasad,Map_move  files,DTEMPLATE,0bTcbuXTEUtesAQfHp7soF
/Explore/Hariprasad,map-reporting emps to managers,DTEMPLATE,2aHyNxw3Y9XhncSmcnF6uh
/Explore/Hariprasad,Mapping16,DTEMPLATE,a6BsaJevHgijzjg6y2KcYg
/Explore/Hariprasad,MyXMLConnection,AI_CONNECTION,01tArCEgVn2iUtUXKzy7iN
/Explore/Hariprasad,mct_inout2,MTT,6ZIgCqV8GzKiJ08wGbik8N
/Explore/Hariprasad,Prc_toxml,PROCESS,ksdIgApbqWcd8oxKPmajAb
/Explore/Hariprasad,MappingTask_Create user,MTT,3Vl4j0sDSqQd8rTZLvJrKV
/Explore/Hariprasad,Process_R_W_R,PROCESS,aNLJ4JmL8tifDiVYADY4Kl
/Explore/Hariprasad,App-conn-Events,AI_CONNECTION,9F01cMHCNrIc0BHt3Ces8Q
/Explore/Hariprasad,map-report to manager using lkp,DTEMPLATE,4k7Yu8noU6shX9tMSIhfC2
/Explore/Hariprasad,Map_joiner,DTEMPLATE,4Isfi0v9RiyhCuSyN86TK3
/Explore/Hariprasad,map-convert row data into column data,DTEMPLATE,1SX1FQvyQqGgY7XaCVGMwx
/Explore/Hariprasad,Map_DYT,DTEMPLATE,7Otog9fDNilcYbeGB1kVS1
/Explore/Hariprasad,Create user,PROCESS,i38kvPWtN67emWWoOkp6Wr
/Explore,sindhu,Project,1b0X1a0eF2uhlo2f6a32O3
/Explore/Hariprasad,Mapping22,DTEMPLATE,d6z0FYeKu2pbCpHmi3vSg6
/Explore/Hariprasad,Process2,PROCESS,9RcQEf50bCDhtFOcgTJfms
/Explore/Hariprasad,Mapping17-SF,DTEMPLATE,29s3lQ3zOq4kMlPJhta8gm
/Explore/Hariprasad,Process22,PROCESS,3PvUxCbptkefMyvjK675C5
/Explore/Hariprasad,Process21,PROCESS,7RThFdZoXz2bIsJt6dXIsH
/Explore/Hariprasad,Map_src_V2_crtuser,DTEMPLATE,7blBXwjOR4Zh70pYB5gG4o
/Explore/Hariprasad,Process_create user,PROCESS,1gLoXn9HnHrlK87e2O3PmR
/Explore/Hariprasad,app-SF-conn1,AI_CONNECTION,9foU3cuciefh1OgahMD1ay
/SYS,MTLP-1905,AgentGroup,8V8jWBNelaYhhRBteEhf2P
/Explore/Hariprasad,ServiceConnector-create nd get user,AI_SERVICE_CONNECTOR,9dYu0zux1EalPgd030i7yt
/Explore/Hariprasad,Taskflow_api,TASKFLOW,5B0DxnWuUyBlwYACSnmrm9
/Explore/Hariprasad,Map-concat-nameempid,DTEMPLATE,dUmKUTaqGO3g73MsiTt2aO
/Explore/Hariprasad,Process8,PROCESS,59B3d7ypqVphra7hpcmJw2
/Explore/Hariprasad,prc-even_odd_xml_data,PROCESS,0Ph6SWeJdakkXjuU9EMkCm
/Explore/Hariprasad,Map-1record into 6 columns scenario,DTEMPLATE,4tvqTYKbdv6gfo7H8tekWo
/Explore/Hariprasad,Move files from one to one,PROCESS,bRJT5fWMCShc3AKseW43w9
/Explore/Hariprasad,AppConn-Snowflake1,AI_CONNECTION,2aARyQxNSRdjlaAgzwdW8e
/Explore/Hariprasad,Prc_salesforce_add records,PROCESS,8JbBUJNYgGAdE33ujFfG82
/Explore/Hariprasad,AppConnection4,AI_CONNECTION,eFHIFzJGQo9jJR2wetNH47
/Explore/Hariprasad,MappingTask2,MTT,7psRZIo57JCjHEUXjPNO8Y
/Explore/Hariprasad,ISM_test1,STRUCTURE_DISCOVERY,aYJxiOboU0PiDg9lBn4nyq
/Explore/Hariprasad,AppConnection3,AI_CONNECTION,kOe4pwkG5y3ivA74RnZKgb
/Explore/Hariprasad,Map_src_persontable_duplicate,DTEMPLATE,8aC9rOQlyQpjqg54NwiVyi
/Explore/Hariprasad,Prc-getdata from url,PROCESS,ehh5sI0huqcj6ijJeMONmh
/Explore/Hariprasad,Map_unique and duplicate,DTEMPLATE,lwvG1D8YzWki9nmhQFRngw
/Explore/Hariprasad,Proconn,PROCESS,2keNzvFbQanbPZtjgKTosN
/Explore/Hariprasad,MappingTask sample,MTT,6XPKCZojsUnjKoMxY3mssJ
/Explore/Hariprasad,Mapping18,DTEMPLATE,81VSgebWy7rc4gZPW53k4K
/Explore/Hariprasad,Processmoveonlydotcsvfiles,PROCESS,1YXhFx1V6ZRhJKItPV9oSl
/Explore/Hariprasad,map-join-students-subjects and examination table,DTEMPLATE,chUpprWhrIWds9Wn2ym34Z
/Explore/Hariprasad,map-add currently processing file name column,DTEMPLATE,4OVD117qScJdzjDzIPXYI9
/Explore/Hariprasad,AppConn-Snowflake,AI_CONNECTION,6r3QBHuwDA0bw2wP6iK0KC
/SYS,Conn-RestV2_Hari1,Connection,8nOzQOCKMuhgLlT1mZPLyh
/Explore/Hariprasad,Taskflow2,TASKFLOW,8D7E3bpMsjPeEsscw9wUij
/Explore/sindhu,prc-add-sub-prc,PROCESS,d0zU8PcGNSLilorBe68gcL
/Explore/Hariprasad,MappingTask URL to CSV new,MTT,cu6kJYayrKOcLaVcZDHocO
/Explore/Hariprasad,map-using cross join,DTEMPLATE,7wNNrtXDDe7lflthTHGYOh
/Explore/Hariprasad,AppConn,AI_CONNECTION,1dpGy0FYsyubV0jNJvfGEj
/Explore/Hariprasad,Hierarchical Schema1,HSCHEMA,crgO7XyQIs8e5wqDZ5mwmS
/Explore/Hariprasad,mct-data-availability,MTT,4BOToKLKMSqlT5BLRuRJYD
/Explore/Hariprasad,Map_src_load unique records,DTEMPLATE,3LBeGcFjStVg2W1ilj8Ioa
/Explore/Hariprasad,AppConnection5,AI_CONNECTION,avUJ8iGm6wrlJHcVOrfEia
/Explore/Hariprasad,Prc_xml to json1111,PROCESS,jXfO94PWXqSisgE9IH3DUb
/Explore/Hariprasad,map-dup,DTEMPLATE,7cfTvg0yAMIffoJS4Cjuon
/Explore/Hariprasad,Mapping15,DTEMPLATE,7ihtfAgqQxfkBafAjT3z6I
/Explore/Hariprasad,Process xml to json,PROCESS,96sUQMO4De5jmEVptByqcV
/Explore/Hariprasad,map- 3 consecutive numbers,DTEMPLATE,1Qa8D1Q80a1bD2bqljnmMv
/Explore/Hariprasad,Process-concat,PROCESS,eQiGix1NDYZdIaYSWG3E8z
/Explore/Hariprasad,Pro-converting JSON to XML,PROCESS,6TJgT20a7MFcOIhuxaaswY
/Explore/Hariprasad,Map-un-dup-EXP,DTEMPLATE,jpHHBK5ldIRgKPSqumUGw0
/Explore/Hariprasad,Mapping20,DTEMPLATE,8jXZ4gIczGIiYEHssSYd6A
/Explore/Hariprasad,Prc_DataI_call,PROCESS,6H4PcWKyQ9EhcoWcjSAIMI
/Explore/Hariprasad,TheXMLParserProcess,PROCESS,5NsITkUxX5LiV1LAdRoA0s
/SYS,conn-flatfile-hari,Connection,duFhRe91V0ujQrAGgwgOcz
/Explore/Hariprasad,App-conn-xml,AI_CONNECTION,4bxaeEx5g2GiF72m9PqVK6
/Explore/Hariprasad,Mapping17,DTEMPLATE,8kXAknkcq6shUleAmF8jqU
/Explore/Hariprasad,Process11,PROCESS,ld6MUJQNVUbgCjzvIRC3Yv
/Explore/Hariprasad,FileConnectionForDelimitedFiles,AI_CONNECTION,1tn8o4yRREJiydg3FZRnKC
/Explore/Hariprasad,Mappingsg5,DTEMPLATE,0oboYnh5TpakuuhFMIN9mw
/Explore/Hariprasad,Taskflow7,TASKFLOW,7bx8bhf4luEkVWH96Z3XKM
/Explore/Hariprasad,FileConnectionForApplicationIntegration,AI_CONNECTION,iPwJkrtIj0IddQl7rJAxeM
/Explore/Hariprasad,AppConnection7,AI_CONNECTION,5sTiC6qQsGmckqSFa1osCD
/Explore/Hariprasad,Prc_xml to json 1,PROCESS,7uzg06Pw0oJks9yX85ueQy
/Explore/Hariprasad,Sample1Type,PROCESS_OBJECT,2cR9JslM0CXkQWzlBLXKOZ
/Explore/Hariprasad,Map_CMD,DTEMPLATE,7puYdBNF80xjYEngVzk7qq
/Explore/Hariprasad,Process19,PROCESS,9lqz1soVB0Cbp6OUvSFXu7
/Explore/Hariprasad,Taskflow1,TASKFLOW,6XTFNxoau3Seyt8ZO5qnQT
/Explore/Hariprasad,AppCon-Getdata,AI_CONNECTION,2pHSh0n8LHScYqoNgiOOeD
/Explore/Hariprasad,map_count_xml_records,DTEMPLATE,b5U8M9z0RMTkq51LK49g8I
/Explore/Hariprasad,ServiceConn,AI_SERVICE_CONNECTOR,acrFBU6W1zeiLflY88w2A6
/Explore/Hariprasad,Prc url to csv 1,PROCESS,4Idtl2BA9uukYPVUIMttia
/Explore/Hariprasad,App-conn-dat,AI_CONNECTION,5uD4jqQpTtBdwQrw7D8OUb
/Explore/Hariprasad,Mapping_every5,DTEMPLATE,7l5S3amJ5SkkNGeSd2ZkkB
/Explore/Hariprasad,map-datasplit-countrywise,DTEMPLATE,1FikmAgWFyclrrIGMgqJIm
/Explore/Hariprasad,Map-test,DTEMPLATE,9argEPYWkoak1bjqIvfvkW
/Explore/Hariprasad,Process16,PROCESS,8xnZgaOho6ul6j9aD6yDet
/Explore/Hariprasad,XLSXFileConnection,AI_CONNECTION,jAjI6bEln0Rb3e1dtCI0sU
/Explore/Hariprasad,prc-MyUsersProcessor,PROCESS,5toaaeSy9ARc9iPHSyFJIt
/Explore/Hariprasad,Mapping12,DTEMPLATE,dGFsqi74m6fb8Op1ENP36p
/Explore/Hariprasad,ISM_convert json to xml,STRUCTURE_DISCOVERY,4PEx1jsRBsXhWNOh2tP0oP
/Explore/Hariprasad,Mapping6,DTEMPLATE,22vNKDDJwJbb8FvLfIpnGK
/Explore/Hariprasad,map-join-students-subjects-exam,DTEMPLATE,d5iq0Mccaori0MAcgSHowX
/Explore/Hariprasad, appconn-movedotCsv ,AI_CONNECTION,19igvUdKj26gXW1H2BWnI3
/Explore/Hariprasad,Processmtext,PROCESS,4G5RxCtiinMb4aok1Bl8ch
/Explore/Hariprasad,customerinformation,PROCESS_OBJECT,at4M9U6beAglaRW3dnOtqC
/Explore/Hariprasad,Src_User,AI_SERVICE_CONNECTOR,1LC2qyTEMvRibvkVlIMuup
/Explore/Hariprasad,Process15,PROCESS,3lJcAqGlEa9bKyPwbjw64r
/Explore/Hariprasad,Src_Xml data,AI_SERVICE_CONNECTOR,5UWyjdr9d5BcQmH0f7xy4b
/Explore/Hariprasad,Map_ISD_EMP,DTEMPLATE,3cvIICOoqqtdRpQxuc4BSs
/Explore/Hariprasad,AppConn-svc-calculator,AI_CONNECTION,6VOZk1MPWakdQs9d5AqGqp
/Explore/Hariprasad,Mapping4,DTEMPLATE,0H5OYxDF5x0g0NyIXK5VwA
/SYS,MTLP-446,AgentGroup,5LEmT8i834XkdTjxlcT7gL
/Explore/Hariprasad,ISM_Mulfiles,STRUCTURE_DISCOVERY,3ey7qWxsJQjc9yvath8ue1
/Explore/Hariprasad,Src-Snowflake,AI_SERVICE_CONNECTOR,13Qatin6a4dbiaJCrAJuKL
/Explore/Hariprasad,Map-Mulfile_aggregator,DTEMPLATE,a4QtjccCQWTlS7KBzvvLCw
/Explore/Hariprasad,map-employeelist in 1 column,DTEMPLATE,iviRpO7vSEriZrZ24thAqL
/Explore/Hariprasad,Process14,PROCESS,0ha92m9lU14egYCUTl8M46
/Explore/Hariprasad,Src2,AI_SERVICE_CONNECTOR,dbpWvpbclodhR1OoafSpQJ
/Explore/Hariprasad,Mapping13,DTEMPLATE,0ff21kaCJMFiqiaQb7vfsi
/Explore/Hariprasad,prc URL to CSV new,PROCESS,hkaIkZaWG8ugedcn4thWMU
/Explore/Hariprasad,Mct test,MTT,1lAW1iSTlgWjC7WJegepmB
/Explore/Hariprasad,Prc-filewriter,PROCESS,4V5BO85LfWCibil5c8DU0W
/Explore/Hariprasad,ISM_Create user,STRUCTURE_DISCOVERY,6SL4aR4ICCTem2fad9zOaA
/Explore/Hariprasad,AppConnection-create ,AI_CONNECTION,ejNFDE56YYZfFsXZRPoRm2
/Explore/Hariprasad,MCT-JSON to XML,MTT,4M0ILxM657ahW6cCLaZruN
/Explore/Hariprasad,Prc-filemonitor,PROCESS,acbjZ1UwHGLiyF7js6IdWs
/Explore/Hariprasad,Map-IFL,DTEMPLATE,4qz5eh1I9QJhjWhTVXlxoA
/Explore/Hariprasad,Process10,PROCESS,1MUjGcGTX6IlIWuHvvX0IP
/Explore/Hariprasad,Move .csv files,PROCESS,4RPTzl2hnbUjBiI7VfAsSc
/Explore/Hariprasad,AppConn-createuser,AI_CONNECTION,3T8XWn1TtnqiUnwczFb1ev
/Explore/Hariprasad,Process6,PROCESS,3hrJqF3IsasdJvTFxLfo2A
/Explore/Hariprasad,Mct_TF,MTT,9wlL0hFiM8djyedWNZiyW6
/Explore/Hariprasad,Mapping10-Key as Object,DTEMPLATE,6UKKmyyVJ2tiwkZ02BMOG9
/Explore/Hariprasad,prc-file-monitor,PROCESS,aOXyVluxyW9lLKt5URVM8H
/Explore/Hariprasad,pro-dept-filt-xml,PROCESS,kLmfu3GyBeslEuCtJ7RWUN
/Explore/Hariprasad,Map_GetUSER,DTEMPLATE,a33LxLtwWL1klxkHawZr4O
/Explore/Hariprasad,prc-filter-xml-records1,PROCESS,0R9CRvTSjTHg7cv4oxzaqS
/Explore/Hariprasad,Appconn-urlcsv,AI_CONNECTION,0t6zzNKldpAfH9jY2NqcUv
/Explore/Hariprasad,Process13,PROCESS,3JO4T8eDZOqjx3pNFZGuio
/Explore/Hariprasad,Taskflow_ai call,TASKFLOW,4YXTkWlhCwJiae63UEZLIq
/Explore/Hariprasad,HiePAR-SAMPLEfor test,HSCHEMA,lOX4xl1eRS8hoy2HaEmdoQ
/Explore/Hariprasad,Map_concat,DTEMPLATE,bWJ7BRKR8uKltib3ODkcuJ
/Explore/Hariprasad,Mapping5,DTEMPLATE,5Ib57w4WEghiT8Kx3FmGER
/Explore/Hariprasad,AppConn-User,AI_CONNECTION,0LgERnoOWldiS0xdpH696J
/Explore/Hariprasad,Taskflow4,TASKFLOW,93xFl7NCuI9iA1MTXukOyh
/Explore/Hariprasad,map-employeelist,DTEMPLATE,5zHoFyhnrgaep3vfoA2D8i
/Explore/Hariprasad,Prc move .csv files,PROCESS,7pLEubmi7SVbEVdbAptXOt
/Explore/Hariprasad,Mapping2,DTEMPLATE,5fIzdu1vyPhgbxKyNoe1ah
/Explore/Hariprasad,Synchronization Task2,DSS,4hCpynPky2Gbu9IQYNAF6u
/Explore/Hariprasad,MyJSONConnection,AI_CONNECTION,iKEcdDbwXAUdEmGfKCm8w1
/Explore/Hariprasad,Prc_xmldata1,PROCESS,4vY1sI98YxsfjMCPq9Hz41
/Explore/Hariprasad,Mapping8,DTEMPLATE,9jwnTLPCQctbZGqWDzogMz
/Explore/Hariprasad,Processmf,PROCESS,aYqgdcvt0rXjhOCNTX6DAK
/Explore/Hariprasad,Prc_create,PROCESS,k0JTMNtMgg7kCuQ4bbnN4E
/Explore/Hariprasad,Map_taskflow1,DTEMPLATE,2EphfIq5zFJj7Ep3p3AMa6
/Explore/Hariprasad,SRC_url to csv,AI_SERVICE_CONNECTOR,gKQt80QbEszcW5l7xbrNE6
/Explore/Hariprasad,FileReaderWriterProcess,PROCESS,1LRk75qlUbyj3XtzSbHd0q
/Explore/Hariprasad,Appmovedotcsv,AI_CONNECTION,30ocqQJDLuwgiPED04b2yb
/Explore/Hariprasad,Map_TF,DTEMPLATE,7D9g85p0R7rhw3QSxS9v8l
/Explore/Hariprasad,ISM_count_xml,STRUCTURE_DISCOVERY,9lXfGJVYf86ipceeMGxr43
/SYS,Conn-RestV2_Hari_PU,Connection,0Bsb9p0BKUEhLLSSeQ9TCn
/Explore/Hariprasad,Process12,PROCESS,6dKUF787n2NlaLUR77saam
/Explore/Hariprasad,App-conn-sample,AI_CONNECTION,7zfbdz6JztKd6qSRwtZeAr
/Explore/Hariprasad,Svc_conn_urlcsv,AI_SERVICE_CONNECTOR,2kXdgNvUGNJbImHXDITzAb
/Explore/Hariprasad,svc-conn-getdata,AI_SERVICE_CONNECTOR,dDze3zHjk0YlLXQNwCWJcx
/Explore/Hariprasad,XMLParserFileConnection,AI_CONNECTION,4KgAHQaCp37gcz4hqXvTkC
/Explore/Hariprasad,XLXSReaderWriterProcess,PROCESS,afrU0htbzQkdIQLXUbTeoZ
/Explore/Hariprasad,map-join student_subject_exam,DTEMPLATE,2KUy02HX3NJjiknOcLabw3
/Explore/Hariprasad,Mapping9,DTEMPLATE,6V18jnoAp9NbLcwxvj6wkH
/Explore/Hariprasad,Add to salesforce account,PROCESS,0vO8x4n8QvPjn68DcpDT8t
/Explore/Hariprasad,File-Events1,AI_CONNECTION,1mevbKpL3dWkdfABNv1LE0
/Explore/Hariprasad,Map_DT,DTEMPLATE,a07qQBCH6LdfyOq3qaKMcl
/Explore/Hariprasad,Process4,PROCESS,94hnfO7xKDLckiaajAqa6j
/Explore/Hariprasad,Prc-sample,PROCESS,7JjJqDtucfaib5r3OG0bEU
/Explore/Hariprasad,prc-filter-records-xml data,PROCESS,6p87XZ2YkdFhyIzl04gQUp
/Explore/Hariprasad,Mapping3,DTEMPLATE,2o2Gn0lTYAxdRjwWw705C8
/Explore/Hariprasad,prc-count of xml elements,PROCESS,5DT46Dfoa0JgTnulwS29oO
/Explore/Hariprasad,Process5,PROCESS,9D2unUJ2RVRhGNK1OenE2C
/Explore/Hariprasad,Mapping1,DTEMPLATE,0X3ZrMMx2ZbjPdsTU03SYC
/Explore/Hariprasad,map-sample,DTEMPLATE,9X2AXNlwRTch911eewwUWh
/SYS,salesforce-ghouse,Connection,abA62BfGFAzbzw18wP5oIR
/Explore/Hariprasad,map-data-availability,DTEMPLATE,0EAZO6RwrSwjF1n7xEJEqU
/Explore/Hariprasad,MyXMLProcess,PROCESS,env3DVG2Qk7byIWZGu1LMB
/Explore/Hariprasad,FileConnectionWithAttachmentContentType,AI_CONNECTION,89uoQPFR58Qft5ugLin28b
/Explore/Hariprasad,AppConn-Filewriter,AI_CONNECTION,4lcOvJu1wa5ggsZg0xQ4mr
/Explore/Hariprasad,prc-xml-even-odd,PROCESS,6ZMNHRgk9A6g1RWLtf90sw
/Explore/Hariprasad,Pro-JSON to XML using MCT,PROCESS,7nXiedAHMF3kSweByzDGUI
/Explore/Hariprasad,Process_insert records to SF,PROCESS,8GdwudaCc0EkluoXidAouD
/Explore/Hariprasad,Prc_user,PROCESS,2GbHAtr32ZQebvUmhiJsGo
/Explore/Hariprasad,Svc_Getdata,AI_SERVICE_CONNECTOR,1CB2o1BT1zDg7rJrcyJkkj
/Explore/Hariprasad,AppConmoveonlydotcsvneww,AI_CONNECTION,4BoIX93jyeoe9iR2zoWAuU
/Explore/Hariprasad,Map_salhike,DTEMPLATE,4sbwckj1rxceY5P4fC6RmV
/Explore/Hariprasad,MCT-Inoutparameters,MTT,3th3bXFwwoicUezJaXHdmo
/Explore/Hariprasad,Process17,PROCESS,0BRAyK9HIS3cg0fCNSv0Q2
/Explore/Hariprasad,Prc_dat,PROCESS,6KJEMf8IXbDlHpH8sk24kF
/Explore/Hariprasad,Taskflow5,TASKFLOW,1T527QAOcenim4a6vxK0YK
/Explore/Hariprasad,Prc-read file from file path,PROCESS,3I6hxvVgA0edQ9tyoz760N
/Explore/Hariprasad,Taskflow3,TASKFLOW,d1v7W02FacheKMnocBoXOR
/Explore/Hariprasad,AppConnection8,AI_CONNECTION,f1sNxqJQEAGelAmJLmdJiy
/Explore/Hariprasad,Map_create user,DTEMPLATE,0Ik4P0X6hAucYMbe1Dl0qU
/Explore/Hariprasad,ServiceConnector2,AI_SERVICE_CONNECTOR,gyMa1CCdqy4k6JqG4kee6o
/Explore/Hariprasad,Src_xmldat,AI_SERVICE_CONNECTOR,0RDMhskf7f4fF6kNnDu4Qr
/Explore/Hariprasad,app-conn-filemonitor,AI_CONNECTION,4T4KIIwAekEj5KBjvcc6oz
/Explore/Hariprasad,Process3,PROCESS,ao9cGHBOVfUlO0QkeU4OWe
/Explore/Hariprasad,Read and write content,PROCESS,9X766EhTny4dqmv9EUDvme
/Explore/Hariprasad,Map_Hierarchy parser,DTEMPLATE,2zPqIkGYSC3j18A21BXzIT
/Explore/Hariprasad,AppConnection1,AI_CONNECTION,02HEONtkVTzl149R7qzuQ2
/Explore/Hariprasad,app-SF-conn,AI_CONNECTION,1W8kpgk2nOhhYI0ABk1lWx
/Explore/Hariprasad,Hierarchical Schema colours,HSCHEMA,89wA3UYENunhBzOo3SD1wG
/Explore/Hariprasad,ISM_xml to csv,STRUCTURE_DISCOVERY,05wA8QzbD85gtGtwIpUnMS
/Explore/Hariprasad,JSON to CSV,STRUCTURE_DISCOVERY,7qF7VbSpkeJdQIzMpOpIM2
/Explore/Hariprasad,URL TO CSV,STRUCTURE_DISCOVERY,8X6L0HLrgkykrY5gJclKI2
/Explore/Hariprasad,prc_xml to json conversion,PROCESS,7bScV5IuqMEfOTNAUyJXE0
/Explore/sindhu,prc-call-prc-add-sub-prc,PROCESS,f8lzERYn7yGfm0zcl6BOiq
/Explore/Hariprasad,Map_GET_data,DTEMPLATE,8QCtEzKbA89dqm8QQe6g6S
/Explore/Hariprasad,Map_move  files,MTT,5SHV7c4zDEUlGxTrCYdV4u
/Explore/Hariprasad,MappingTask5,MTT,ceyR5bjnRYrjNxU1DaYv6e
/Explore/Hariprasad, appconn-mCsv ,AI_CONNECTION,3Ucu5uNe6oDhkwfKPdcz2z
/Explore/Hariprasad,AppConnection2,AI_CONNECTION,fwyPBuvc8GzgW2vF7Vjz4j
/Explore/Hariprasad,AppConnection-JSONtoXML,AI_CONNECTION,42arDYj1PiQjSq48SKYLmM
/Explore/Hariprasad,Mapping-INOUT,DTEMPLATE,57FuRptSnarcka2onsmQEN
/Explore/Hariprasad,AppConn-Getdata,AI_CONNECTION,0gehM7asgQCfi5ZJmgODAa
/Explore/Hariprasad,Map_Structureparser_Task1,DTEMPLATE,3hcaXXMWNg7hGDKRgLex4r
/Explore/Hariprasad,map-join,DTEMPLATE,l42WyVPap0NgWj8YPWUAa1
/Explore/Hariprasad,App-conn-url2,AI_CONNECTION,d9Y2iL0CXWzi8CPOX0KGSB
/Explore/Hariprasad,MCT_TF1,MTT,g0eRl0SpdamhCjO2OoDkK5
/Explore/Hariprasad,AppConn-sf-2,AI_CONNECTION,6VjC0bihIOojTMYNA0x1Io
/Explore/Hariprasad,AppConn-sf-111,AI_CONNECTION,1kebxCamzyukCMQF07bVSR
/Explore/Hariprasad,map-Json to xml conversion,DTEMPLATE,9Vm5l7gGkFoe1sPYTzN2EZ
/SYS,conn_FM_Hari,Connection,4llT6qwF4WeiQWe4K08xUL
/Explore/Hariprasad,Mapping24 URL TO csv,DTEMPLATE,5NkXfWfNaZIlBWzNfCRncF
/Explore/Hariprasad,prc_odd_ even_test with op,PROCESS,fHIlI0thBuhkqS7FmNptc0