<?xml version="1.0" encoding="UTF-8"?>

<mule xmlns:file="http://www.mulesoft.org/schema/mule/file" xmlns:ee="http://www.mulesoft.org/schema/mule/ee/core"
	xmlns:tls="http://www.mulesoft.org/schema/mule/tls"
	xmlns:http="http://www.mulesoft.org/schema/mule/http" xmlns="http://www.mulesoft.org/schema/mule/core" xmlns:doc="http://www.mulesoft.org/schema/mule/documentation" xmlns:xsi="http://www.w3.org/2001/XMLSchema-instance" xsi:schemaLocation="http://www.mulesoft.org/schema/mule/core http://www.mulesoft.org/schema/mule/core/current/mule.xsd
http://www.mulesoft.org/schema/mule/http http://www.mulesoft.org/schema/mule/http/current/mule-http.xsd
http://www.mulesoft.org/schema/mule/tls http://www.mulesoft.org/schema/mule/tls/current/mule-tls.xsd
http://www.mulesoft.org/schema/mule/ee/core http://www.mulesoft.org/schema/mule/ee/core/current/mule-ee.xsd
http://www.mulesoft.org/schema/mule/file http://www.mulesoft.org/schema/mule/file/current/mule-file.xsd">
	<http:listener-config name="HTTP_Listener_config" doc:name="HTTP Listener config" doc:id="994c34bf-1741-43b9-81d5-81f657086f05" >
		<http:listener-connection protocol="HTTPS" host="localhost" port="8082" >
			<tls:context >
				<tls:trust-store path="server-truststore.jks" password="ghouse" type="jks" insecure="true"/>
				<tls:key-store type="jks" path="server-Keystore.jks" alias="mule-server" keyPassword="ghouse" password="ghouse" />
			</tls:context>
		</http:listener-connection>
	</http:listener-config>
	<http:listener-config name="HTTP_Listener_config1" doc:name="HTTP Listener config" doc:id="0841c507-5d5b-4681-9583-02741b9063e0" >
		<http:listener-connection host="localhost" port="8081"/>
	</http:listener-config>
	<http:request-config name="HTTP_Request_configuration" doc:name="HTTP Request configuration" doc:id="a9301905-499a-4334-8ddd-55169a36d792" >
		<http:request-connection host="localhost" port="8082" protocol="HTTPS">
			<tls:context >
				<tls:trust-store path="client-truststore.jks" password="ghouse" type="jks" insecure="true"/>
				<tls:key-store type="jks" path="client-keystore.jks" keyPassword="ghouse" password="ghouse" alias="mule-client"/>
			</tls:context>
		</http:request-connection>
	</http:request-config>
	<flow name="two_way_sslFlow" doc:id="3d52d7b3-8467-4aec-a84b-ffd33db7c131" >
		<http:listener doc:name="Listener" doc:id="21cd0852-b5cf-4c11-b0ae-124417171f77" path="/test" config-ref="HTTP_Listener_config"/>
		<set-payload value="#['test successful']" doc:name="Set Payload" doc:id="0df5ce40-069d-48df-8f5f-2c5ec075bc50" />
	
</flow>
	<flow name="two_way_sslFlow1" doc:id="95007082-535b-4511-8e95-04a3acb90f8f" >
		<http:listener doc:name="Listener" doc:id="81f6c6fa-2df6-4dee-93ff-f5d31a5702f9" config-ref="HTTP_Listener_config1" path="/test1"/>
		<logger level="INFO" doc:name="Logger" doc:id="597b9c5d-7e58-4555-8d98-ddb1f8df8cc4" message='#["flow Started "]'/>
		<http:request method="GET" doc:name="Request" doc:id="0ae51818-105c-41b1-902b-18ec7fda5fb4" config-ref="HTTP_Request_configuration" path="/test"/>
		<ee:transform doc:name="Transform Message" doc:id="84c7e465-3dec-49e1-8257-a6aa249c7635" >
			<ee:message >
				<ee:set-payload ><![CDATA[%dw 2.0
output application/json
---
payload]]></ee:set-payload>
			</ee:message>
		</ee:transform>
		<logger level="INFO" doc:name="Logger" doc:id="bdbf78bc-bd78-4d7a-993e-717024207881" message='#["Test Successeful" ++ payload]'/>
	</flow>
</mule>
