{
    "caseCurrentTimeStamp": "2021-07-05T18:06:28.191+05:30",
    "caseKey": {
        "batchJobId": "7503G000000Vjl2QAC",
        "batchStatus": "JobComplete",
        "objectName": "Case",
        "locator": "null"
    },
    "caseLastRunTime": "2021-07-05T14:08:58.41+05:30",
    "caseMainJobStatus": "inactive",
    "contactCurrentTimeStamp": "2021-07-05T16:36:22.167+05:30",
    "contactKey": {
        "batchJobId": "7503G000000VjYrQAK",
        "batchStatus": "JobComplete",
        "objectName": "Contact",
        "locator": "null"
    },
    "contactLastRunTime": "2021-07-03T14:12:16.000Z",
    "contactMainJobStatus": "active",
    "contactRoleMainJobStatus": "active",
    "contactRollCurrentTimeStamp": "2021-07-05T16:51:13.273+05:30",
    "contactRollKey": {
        "batchJobId": "7503G000000VjcjQAC",
        "batchStatus": "JobComplete",
        "objectName": "ContactRoll",
        "locator": "null"
    },
    "contactRollLastRunTime": "2021-07-03T14:12:16.000Z",
    "eventCurrentTimeStamp": "2021-07-08T15:00:08.818+05:30",
    "eventKey": {
        "batchJobId": "7503G000000Vp73QAC",
        "batchStatus": "JobComplete",
        "objectName": "Event",
        "locator": "null"
    },
    "eventLastRunTime": "2021-06-25T14:12:16.000Z",
    "eventMainJobStatus": "active",
    "oppMainJobStatus": "active",
    "opportunityCurrentTimeStamp": "2021-07-05T17:08:56.799+05:30",
    "opportunityKey": {
        "batchJobId": "7503G000000VjdcQAC",
        "batchStatus": "JobComplete",
        "objectName": "Opportunity",
        "locator": "null"
    },
    "opportunityLastRunTime": "2021-07-03T14:12:16.000Z",
    "taskCurrentTimeStamp": "2021-07-05T15:17:23.763+05:30",
    "taskKey": {
        "batchJobId": "7503G000000VjQJQA0",
        "batchStatus": "JobComplete",
        "objectName": "Task",
        "locator": "null"
    },
    "taskLastRunTime": "2021-06-25T14:12:16.000Z",
    "taskMainJobStatus": "active"
}