<?xml version="1.0" encoding="UTF-8"?>

<mule xmlns:email="http://www.mulesoft.org/schema/mule/email"
	xmlns:http="http://www.mulesoft.org/schema/mule/http" xmlns:salesforce="http://www.mulesoft.org/schema/mule/salesforce"
	xmlns:ee="http://www.mulesoft.org/schema/mule/ee/core"
	xmlns:os="http://www.mulesoft.org/schema/mule/os" xmlns="http://www.mulesoft.org/schema/mule/core" xmlns:doc="http://www.mulesoft.org/schema/mule/documentation" xmlns:xsi="http://www.w3.org/2001/XMLSchema-instance" xsi:schemaLocation="
http://www.mulesoft.org/schema/mule/email http://www.mulesoft.org/schema/mule/email/current/mule-email.xsd http://www.mulesoft.org/schema/mule/core http://www.mulesoft.org/schema/mule/core/current/mule.xsd
http://www.mulesoft.org/schema/mule/os http://www.mulesoft.org/schema/mule/os/current/mule-os.xsd
http://www.mulesoft.org/schema/mule/ee/core http://www.mulesoft.org/schema/mule/ee/core/current/mule-ee.xsd
http://www.mulesoft.org/schema/mule/salesforce http://www.mulesoft.org/schema/mule/salesforce/current/mule-salesforce.xsd
http://www.mulesoft.org/schema/mule/http http://www.mulesoft.org/schema/mule/http/current/mule-http.xsd">
	<flow name="caseCreateQueryJobFlow" doc:id="e8b83564-1984-418d-a0e1-fec454048ed5">
		<scheduler doc:name="Scheduler" doc:id="47bb42ca-77dd-4e61-b3e7-eefcabf87f38" >
			<scheduling-strategy >
				<fixed-frequency frequency="1" timeUnit="HOURS"/>
			</scheduling-strategy>
		</scheduler>
		<set-variable value="#[uuid()]" doc:name="UUID" doc:id="bbbc242f-f332-44c5-b5c1-ea0f5a7a4adb" variableName="UUID"/>
		<os:retrieve doc:name="caseMainJobStatus" doc:id="e174257d-304d-41eb-934f-9f7b07064b72" key="caseMainJobStatus" target="caseMainJobStatus" objectStore="Object_store">
			<os:default-value ><![CDATA[#['inactive']]]></os:default-value>
		</os:retrieve>
		<choice doc:name="Choice" doc:id="8e12a856-7d25-45dd-854c-381d4dc87686" >
			<when expression='#[vars.caseMainJobStatus == "inactive"]'>
				<os:store doc:name="caseMainJobStatus" doc:id="acc62a3c-c31a-41da-9c9b-461d4597ddd2" key="caseMainJobStatus" objectStore="Object_store">
					<os:value ><![CDATA[#['active']]]></os:value>
				</os:store>
				<os:retrieve doc:name="RetrieveLastRunTime" doc:id="de3aa8f8-f9bc-4efb-8fc6-5f208105536e" key="caseLastRunTime" objectStore="Object_store" target="caseLastRunTime">
			<os:default-value><![CDATA[#['2019-01-01T14:12:16Z']]]></os:default-value>
		</os:retrieve>
				<set-variable value="#[now() as DateTime as String {format: &quot;yyyy-MM-dd'T'HH:mm:ss'Z'&quot;}]" doc:name="SetCurrentDateTime" doc:id="2b31980e-e994-48fa-92c8-63cb8de4917d" variableName="currentDateTime" />
				<logger level="INFO" doc:name="caseTimeStampsLogInfo" doc:id="ca323cd4-208c-46aa-8777-5bdc0b309cf6" message="UUID:::#[vars.UUID]:::::caseCurrentDateTime::::#[vars.currentDateTime]  caseLastRunTime::::#[vars.caseLastRunTime]"/>
				<!-- <ee:transform doc:name="prepareCasePayloadForQuery" doc:id="1fb46447-4d0c-46b9-8c1d-a9f2603e8dbb">
					<ee:message>
						<ee:set-payload><![CDATA[%dw 2.0
output application/json
-&#45;&#45;
{
"typeOfObject":"case",
"lastRunDateTime":vars.caseLastRunTime,
"currentRunDateTime":vars.currentDateTime
}]]></ee:set-payload>
					</ee:message>
				</ee:transform> -->
				<ee:transform doc:name="prepareCaseQuery" doc:id="a360be2f-34d7-4237-9291-5139df56ea99">
					<ee:message />
					<ee:variables>
						<ee:set-variable variableName="query"><![CDATA[%dw 2.0
output application/json
---
'SELECT AccountId,CreatedDate,ApparentRootCause__c,ApprovalStatus__c,BusinessUnit__c,CaseNumber,CasePriority__c,Category__c,CausedBy__c,
ClosedDate,ContactId,DeliveryDate__c,DeliveryNumber__c,GlobalId__c,Id,IsClosed,Level__c,LiveDrop__c,Machine__c,Origin,OwnerId,Priority,ProductGroup__c,Reason,RecordTypeId,Region__c,RootCauseOutcome__c,Shift__c,SourceSystem__c,Status,SubCategory__c,SubType__c,TruckUnloaded__c,Type,VanFlatbed__c,WhatHappensIf__c,TriggerID__c,APHID__c,CallScript__c,
ThirdParty__c,StartDate__c,OriginalQueue__c,AgeDays__c,HasParentCase__c,Product__c,ThirdPartySystem__c, BatchComponent__c, BatchQuantity__c, CaseCount__c, FinalQuantityJustified__c, FullDeliveryQuantity__c, OutstandingInvoiceValue__c, ProductAuditResults__c, RejectedQuantity__c, ResponseTimeHours__c, TotalDisputedAmount__c, AuditPlanHeader__c, ARAP__c, CreatedById, LastModifiedDate, Subject, SubStatus__c, CurrencyISOCode, AuditPlanAccount__c FROM Case WHERE LastModifiedDate >= '
 ++ vars.caseLastRunTime 
 ++ ' AND LastModifiedDate < ' 
 ++ vars.currentDateTime ]]></ee:set-variable>
					</ee:variables>
				</ee:transform>
				<logger level="INFO" doc:name="infoLog" doc:id="60765307-fd5d-4de2-a499-11eb09e9c90b" message="UUID:::#[vars.UUID]:::::::salesforce query for Case ::: #[vars.query]" />
				<flow-ref doc:name="createQueryFlow" doc:id="4cb17a90-a56d-42e1-8cf3-0cec2f646c73" name="createQueryFlow"/>
				<!-- <salesforce:create-query-job-bulk-api-v2 doc:name="Create query job bulk api v 2" doc:id="17e8ba6e-4619-49b2-b55a-fd91c6cac7d6" config-ref="Salesforce_QA3_Config" query="#[vars.query]" columnDelimiter="TAB"/> -->
				<logger level="INFO" doc:name="caseQueryJobLogInfo" doc:id="48ebf6bc-02c1-4ce4-942e-d166c2e8b1f8" message="createQuerypayload:#[payload]" />
				<os:store doc:name="storeCaseKey" doc:id="3f2de369-1e5e-4c29-84ec-9ad86f8574f3" key="caseKey" objectStore="Object_store">
			<os:value><![CDATA[#[%dw 2.0
output application/java
---
{
	batchJobId:payload.id,
	batchStatus:payload.state,
	objectName:'Case',
	locator:'default'
}]]]></os:value>
		</os:store>
				<os:store doc:name="caseCurrentTimeStamp" doc:id="faa09210-e160-4c5d-8021-4cca401ee73e" key="caseCurrentTimeStamp" objectStore="Object_store">
			<os:value><![CDATA[#[vars.currentDateTime]]]></os:value>
		</os:store>
			</when>
			<otherwise >
				<logger level="INFO" doc:name="creatQueryJobFlowLogInfo" doc:id="d1a34e81-b26c-4d56-8e2a-066d3b8aa172" message="UUID:::#[vars.UUID]:::::case main job is active hence no batch is triggered"/>
			</otherwise>
		</choice>
		<error-handler >
			<on-error-propagate enableNotifications="true" logException="true" doc:name="On Error Propagate" doc:id="e2f672d9-5afd-41c1-9d0e-fb4884f47b32" >
				<os:store doc:name="caseMainJobStatus" doc:id="c0fcea8d-a761-4b20-bcdc-b3d3a7cb52f5" key="caseMainJobStatus" objectStore="Object_store">
					<os:value ><![CDATA[#['inactive']]]></os:value>
				</os:store>
			</on-error-propagate>
		</error-handler>
	</flow>
	<flow name="caseUpdateJobStatusFlow" doc:id="999ccfdc-ec70-4a3b-b9b1-024562de8ae8">
		<scheduler doc:name="Scheduler" doc:id="ede60c20-56ea-4bed-8c3c-b6981c39e815" >
			<scheduling-strategy >
				<fixed-frequency frequency="3" timeUnit="MINUTES"/>
			</scheduling-strategy>
		</scheduler>
		<set-variable value="#[uuid()]" doc:name="UUID" doc:id="c6ac0fbb-de2a-43cb-8a5a-ca1816eb31de" variableName="UUID"/>
		<os:retrieve doc:name="retrieveCaseKey" doc:id="361b61d1-302d-48a7-93c6-6d0ed3b78080" key="caseKey" objectStore="Object_store" target="caseKey" >
			<os:default-value ><![CDATA[#['default']]]></os:default-value>
		</os:retrieve>
		<choice doc:name="Choice" doc:id="613f44e7-d45c-4c23-935f-0ae037f76f19" >
			<when expression="#[vars.caseKey.batchStatus == 'UploadComplete']" >
				<flow-ref doc:name="QueryJobInfoFlow" doc:id="cd294a4b-ef13-4d8d-8764-c9bb756fbf2e" name="QueryJobInfoFlow"/>
				<!-- <salesforce:get-query-job-info-bulk-api-v2 doc:name="Get query job info bulk api v 2" doc:id="d9bd0dc9-163c-4a5e-b76c-7008d3cac2eb" config-ref="Salesforce_QA3_Config" id="#[vars.caseKey.batchJobId]" /> -->
				<logger level="INFO" doc:name="updataJobStausInfoLog" doc:id="d5edcc3b-df93-449f-9751-67fd10db9a62" message="#[%dw 2.0&#10;output application/json&#10;---&#10;payload]"/>
				<choice doc:name="Choice" doc:id="59bc0360-93d1-46ed-a633-86024d8d6e58" >
					<when expression="#[payload.state == 'JobComplete']" >
						<os:store doc:name="storeCaseKey" doc:id="dc9c6978-f94d-4b26-8697-3c5b3d22b70b" key="caseKey" objectStore="Object_store" >
							<os:value ><![CDATA[#[%dw 2.0
output application/java
---
{
	batchJobId:payload.id,
	batchStatus:payload.state,
	objectName:'Case',
	locator:'default'
}]]]></os:value>
						</os:store>
						<logger level="INFO" doc:name="jobCompleteUpdateInfoLog" doc:id="33eba7c4-e333-4758-bc9c-80da5434b2f8" message="UUID:::#[vars.UUID]::::::Case Job Status 'JobComplete' Updated Successfully" />
					</when>
					<otherwise >
						<logger level="INFO" doc:name="jobStatusInfoLog" doc:id="6eb06886-2559-45d3-b7f7-358074154b43" message="UUID:::#[vars.UUID]:::::Case Job Status Is Not Completed"/>
					</otherwise>
				</choice>
			</when>
			<otherwise >
				<logger level="INFO" doc:name="jobUpdateFlowInfoLog" doc:id="601d7796-21d8-4d08-93ab-736ecc755e6e" message="UUID:::#[vars.UUID]:::::case main flow not yet triggered"/>
			</otherwise>
		</choice>
		<error-handler >
			<on-error-propagate enableNotifications="true" logException="true" doc:name="Error Propagate" doc:id="38f138aa-06e3-4b6f-a73d-b2aa7e7bb455" >
				<os:store doc:name="caseMainJobStatus" doc:id="95a4708b-35aa-40d9-a1a9-becb4b9addbc" key="caseMainJobStatus" objectStore="Object_store" >
					<os:value ><![CDATA[#['inactive']]]></os:value>
				</os:store>
			</on-error-propagate>
		</error-handler>
	</flow>
	<flow name="caseRetrieve" doc:id="9d041453-8312-48bc-95d6-53b86db540e1">
		<scheduler doc:name="Scheduler" doc:id="cf1abc71-4387-4c81-9cd6-0e4c8fe860fd" >
			<scheduling-strategy >
				<fixed-frequency frequency="5" timeUnit="MINUTES"/>
			</scheduling-strategy>
		</scheduler>
		<set-variable value="#[uuid()]" doc:name="UUID" doc:id="2f91c0ed-b3a9-4321-ac54-d065cb7bd4da" variableName="UUID"/>
		<os:retrieve doc:name="caseMainJobStatus" doc:id="1eb733f6-54db-460d-8fb2-c708ae44756e" key="caseMainJobStatus" objectStore="Object_store" target="caseMainJobStatus" >
			<os:default-value ><![CDATA[#['inactive']]]></os:default-value>
		</os:retrieve>
		<choice doc:name="Choice" doc:id="e27f124a-d8d2-41f9-9bf6-77ac65761bd7" >
			<when expression='#[vars.caseMainJobStatus != "inactive"]'>
				<flow-ref doc:name="pingOperation" doc:id="d0385a26-c8e9-4d09-ae3e-3a9f00cdbfbc" name="pingOperation"/>
				<choice doc:name="Choice" doc:id="ed80960c-c9e5-442e-a03d-0883f81319a9">
					<when expression='#[vars.pingOperation.status == "success"]'>
						<flow-ref doc:name="caseRetrieveRecordsFromQueryJobFlow" doc:id="dce0fd6b-c5b7-41b6-a87a-a43a0b49dd45" name="caseRetrieveRecordsFromQueryJobFlow" />
					</when>
					<otherwise >
						<logger level="INFO" doc:name="bwConnectionInfoLog" doc:id="9c84afe3-d0de-41b6-bcf5-e0baedc5405f" message="UUID:::#[vars.UUID]:::Bw connection Failed"/>
					</otherwise>
				</choice>
			</when>
			<otherwise >
				<logger level="INFO" doc:name="caseRetriveFlowInfoLog" doc:id="fd6a8691-268c-49cd-997f-bd3a9902e7d6" message="UUID:::#[vars.UUID]:::::case main job is inActive"/>
			</otherwise>
		</choice>
		<!-- <error-handler ref="globalErrorError_Handler" /> -->
	</flow>
	<flow name="caseRetrieveRecordsFromQueryJobFlow" doc:id="01b10fb8-07d7-4229-afdb-df041b2807de">
		<logger level="INFO" doc:name="caseRetriveFlowInfoLog" doc:id="c79396ea-af33-4341-936d-260c08cd9099" message="UUID::#[vars.uuid]::Retrieve Case Records Flow Started" />
		<os:retrieve doc:name="retrievecaseKey" doc:id="6691070f-308a-4673-9668-be03c58ad568" key="caseKey" objectStore="Object_store" target="caseKey" >
			<os:default-value ><![CDATA[#['default']]]></os:default-value>
		</os:retrieve>
		<logger level="INFO" doc:name="caseKeyInfoLog" doc:id="e9a4e46e-323b-4ba0-97e6-0ebfe110247d" message="UUID:::#[vars.UUID]:::::retrievecasekey :::#[vars.caseKey]"/>
		<choice doc:name="Choice" doc:id="9a7db835-5deb-43c1-9164-0911a8552a3f" >
			<when expression="#[vars.caseKey != 'default' and vars.caseKey.batchStatus == 'JobComplete']" >
				<!-- <flow-ref doc:name="SF Login-Request-To-Get-SessionId" doc:id="ce262eeb-fcb5-40b2-b5d2-3a6e9670c72a" name="sfLoginRequestToGetSessionId-Flow"/> -->
				<flow-ref doc:name="sfLoginRequestToGetSessionId-Flow" doc:id="4e59483a-ec04-4627-83be-f5605711db67" name="sfLoginRequestToGetSessionId-Flow" />
				<ee:transform doc:name="caseKeyInfoLog" doc:id="706bedd0-d9d6-4feb-b803-d2ff3d458b3f" >
					<ee:message />
					<ee:variables >
						<ee:set-variable resource="dwl/caseInfo.dwl" variableName="getBulkApiDataVariables" />
					</ee:variables>
				</ee:transform>
				<choice doc:name="Choice" doc:id="7d3dadbe-1cac-4f0f-b041-c850cbb937c8" >
					<when expression="#[vars.caseKey.locator == 'default']" >
						<flow-ref doc:name="sfGetBulkApi" doc:id="926b5e95-e26e-488d-a24c-a14fca854bdc" name="sfGetBulkApi" />
						<choice doc:name="Choice" doc:id="abc0b5ad-9e6c-4d3f-9df1-d3bf15f7c451" >
							<when expression="#[payload != []]">
								<logger level="DEBUG" doc:name="salesforceResponseDebugLog" doc:id="114a216e-4c8d-4a99-a204-977554c94c57" message="UUID::#[vars.UUID]::::uniqueId::#[payload.Id]::Response From Salesforce::#[payload]" category="com.aperture.mule4.caseRetrieveRecordsFromQueryJobFlow"/>
								<logger level="INFO" doc:name="salesforceResponseInfoLog" doc:id="422a30b6-6776-447d-8315-d33d0a9dd5bc" message="UUID:::#[vars.UUID]:::::Response From Case Salesforce #[payload.Id]"/>
								<flow-ref doc:name="caseBwRequestFlow" doc:id="8f25a139-b28c-4f85-aad2-8ffed217073f" name="caseBwRequestFlow" />
								<!-- <flow-ref doc:name="bwRequestSubFlow" doc:id="3b5b6d31-cc1d-4a6b-a752-16e785232da5" name="bwRequestSubFlow" /> -->
							</when>
							<otherwise >
								<logger level="INFO" doc:name="salesforceResponseInfoLog" doc:id="3771b491-0c20-4ba5-a4b6-890fb0921e7b" message="UUID:::#[vars.UUID]::::: No Records Found in Case SalesForce "/>
								<os:store doc:name="storeCaseKey" doc:id="ea1e55e5-a279-4993-8741-7dfbed997416" key="caseKey" objectStore="Object_store" >
									<os:value ><![CDATA[#[%dw 2.0
output application/java
---
{
	batchJobId:vars.caseKey.batchJobId,
	batchStatus:vars.caseKey.batchStatus,
	objectName:'Case',
	locator: vars.sfLocator
}]]]></os:value>
								</os:store>
							</otherwise>
						</choice>
					</when>
					<when expression="#[vars.caseKey.locator == 'null']" >
						<logger level="INFO" doc:name="locatorInfoLog" doc:id="302bfa95-dae8-47ef-9afa-447203e53eb0" message="UUID::#[vars.uuid]::Locator Value is Null..Means All Records Processed for Case Job" />
						<os:retrieve doc:name="caseCurrentTimeStamp" doc:id="5910ffa4-2054-4ec4-a7b5-17d3e7222a75" key="caseCurrentTimeStamp" objectStore="Object_store" target="caseCurrentTimeStamp" >
							<os:default-value ><![CDATA[#['2019-01-01T14:12:16Z']]]></os:default-value>
						</os:retrieve>
						<os:store doc:name="caseLastRunTime" doc:id="75c20ab9-1392-4b5b-bf93-575182978f55" key="caseLastRunTime" objectStore="Object_store">
							<os:value ><![CDATA[#[vars.caseCurrentTimeStamp]]]></os:value>
						</os:store>
						<os:store doc:name="caseMainJobStatus" doc:id="cd898b59-a4d7-462d-b475-85dcfbe95280" key="caseMainJobStatus" objectStore="Object_store">
							<os:value ><![CDATA[#['inactive']]]></os:value>
						</os:store>
						<os:store doc:name="storeCaseKey" doc:id="034c5894-72a6-4faa-90ec-ff7eb589f5ec" key="caseKey" objectStore="Object_store" >
							<os:value ><![CDATA[#[%dw 2.0
output application/java
---
{
	batchJobId:vars.caseKey.batchJobId,
	batchStatus:'processCompleted',
	objectName:'Case',
	locator: vars.caseKey.locator
}]]]></os:value>
						</os:store>
						<logger level="INFO" doc:name="infoLog" doc:id="d100678f-1966-4c69-bd67-bb26c661f212" message="UUID::#[vars.UUID]:: all records processed and object store is updated to process complete for Case object" />
					</when>
					<when expression="#[vars.caseKey.locator != 'null' and vars.caseKey.locator != 'default']" >
						<flow-ref doc:name="sfGetBulkApi" doc:id="5761b075-b0d1-403d-ac04-10d9fd9a6856" name="sfGetBulkApi" />
						<choice doc:name="Choice" doc:id="74f66e79-4087-43a8-8773-1132200c2a1c" >
							<when expression="#[payload != []]">
								<logger level="INFO" doc:name="salesforceResponseInfoLog" doc:id="c087899c-eb55-4e5d-ba25-5f5cb53e584e" message="UUID:::#[vars.UUID]::::: Response From Case Salesforce::#[payload.Id]" />
								<logger level="DEBUG" doc:name="salesforceResponseDebugLog" doc:id="84afb0cb-c50d-4c9c-9b6c-961d4ee64c95" message="UUID::#[vars.UUID]:::uniqueId::#[payload.Id]::Response From Salesforce:::#[payload]" category="com.aperture.mule4.caseRetrieveRecordsFromQueryJobFlow"/>
								<flow-ref doc:name="caseBwRequestFlow" doc:id="96c298c5-1e88-429b-a3c5-6c252daded04" name="caseBwRequestFlow"/>
								<!-- <flow-ref doc:name="bwRequestSubFlow" doc:id="8834c625-ea22-410e-a5b3-da0e08585445" name="bwRequestSubFlow" /> -->
							</when>
							<otherwise >
								<logger level="INFO" doc:name="salesforceResponseInfoLog" doc:id="716b7902-48c2-4495-9380-37f4083a0c54" message="UUID:::#[vars.UUID]::::: No Records Found in Case SalesForce " />
								<os:store doc:name="storeCaseKey" doc:id="bce7c723-9395-404b-908e-8c7b4baf57a9" key="caseKey" objectStore="Object_store" >
									<os:value ><![CDATA[#[%dw 2.0
output application/java
---
{
	batchJobId:vars.caseKey.batchJobId,
	batchStatus:vars.caseKey.batchStatus,
	objectName:'Case',
	locator: vars.sfLocator
}]]]></os:value>
								</os:store>
							</otherwise>
						</choice>
					</when>
					<otherwise >
						<logger level="INFO" doc:name="Logger" doc:id="d4885115-a99f-4711-98e6-8780e601351f" message="retrieve flow execution not satisfied any condition for cases"/>
					</otherwise>
				</choice>
			</when>
			<otherwise >
				<logger level="INFO" doc:name="logInfo" doc:id="84f71ff0-f745-42ec-a4db-3bc7eb4ebeee" message="UUID:::#[vars.UUID]:::::The Case Key is Either Null or JobStatus is Not Complete" />
			</otherwise>
		</choice>
	</flow>
	<flow name="caseBwRequestFlow" doc:id="5cd3894d-9feb-4d21-a367-bed8f090aaae">
		<ee:transform doc:name="caseBwMapping" doc:id="4cc5218e-88cc-48e4-8073-165ef3643e7a">
			<ee:message>
				<ee:set-payload resource="dwl/caseBwMapping.dwl" />
			</ee:message>
			<ee:variables>
				<ee:set-variable variableName="transactional"><![CDATA[%dw 2.0
output application/json
---
payload]]></ee:set-variable>
				<ee:set-variable variableName="sfId" ><![CDATA[%dw 2.0
output application/json
---
payload..Id]]></ee:set-variable>
			</ee:variables>
		</ee:transform>
		<logger level="DEBUG" doc:name="bwRequestDebugLog" doc:id="9be17170-f3f2-4657-a46a-858c39523687" message="UUID:::#[vars.UUID]::uniqueId::#[payload..zCaseId]:::caseBwRequest:::::#[payload]" category="com.aperture.mule4.caseBwRequestFlow"/>
		<http:request method="POST" doc:name="caseBwRequest" doc:id="6d8a7b7b-50f2-4f22-9109-b729f99eda1e" path="${secure::bw.api.https.case.path}" config-ref="HTTP_BW_SYS_Request_configuration">
			<http:headers ><![CDATA[#[output application/java
---
{
	"client_secret" : p('secure::bw.client_secret'),
	"client_id" : p('secure::bw.client_id')
}]]]></http:headers>
		</http:request>
		<logger level="DEBUG" doc:name="bwResponseDebugLog" doc:id="02020983-67d8-48c6-8274-ae6e89ac530a" message="UUID:::#[vars.UUID]::uniqueId::#[payload..zCaseId]:::Response From Bw Case:::#[payload]" category="com.aperture.mule4.caseBwRequestFlow" />
		<logger level="INFO" doc:name="bwResponseInfoLog" doc:id="8721f526-f5ab-4b5f-a30e-722687f135f4" message="UUID:::#[vars.UUID]::::: Bw Case Response oF CaseId ::: #[payload..zCaseId]" />
		<os:store doc:name="storeCaseKey" doc:id="93dc33a1-97cd-43f7-9c2e-f3ee244d108d" key="caseKey" objectStore="Object_store">
			<os:value><![CDATA[#[%dw 2.0
output application/java
---
{
	batchJobId:vars.caseKey.batchJobId,
	batchStatus:vars.caseKey.batchStatus,
	objectName:'Case',
	locator: vars.sfLocator
}]]]></os:value>
		</os:store>
		<!-- <flow-ref doc:name="successDbTransactionFlow" doc:id="fb1dd1f5-b4dd-4265-b012-e0447c546d30" name="successDbTransactionFlow" /> -->
		<error-handler ref="globalErrorError_Handler" />
	</flow>
</mule>
