<?xml version="1.0" encoding="UTF-8"?>

<mule xmlns:ee="http://www.mulesoft.org/schema/mule/ee/core"
	xmlns:email="http://www.mulesoft.org/schema/mule/email" xmlns:tls="http://www.mulesoft.org/schema/mule/tls"
	xmlns:apikit="http://www.mulesoft.org/schema/mule/mule-apikit"
	xmlns:os="http://www.mulesoft.org/schema/mule/os" xmlns:http="http://www.mulesoft.org/schema/mule/http" xmlns:db="http://www.mulesoft.org/schema/mule/db" xmlns:secure-properties="http://www.mulesoft.org/schema/mule/secure-properties" xmlns:salesforce="http://www.mulesoft.org/schema/mule/salesforce" xmlns="http://www.mulesoft.org/schema/mule/core" xmlns:doc="http://www.mulesoft.org/schema/mule/documentation" xmlns:xsi="http://www.w3.org/2001/XMLSchema-instance" xsi:schemaLocation="
http://www.mulesoft.org/schema/mule/http http://www.mulesoft.org/schema/mule/http/current/mule-http.xsd http://www.mulesoft.org/schema/mule/core http://www.mulesoft.org/schema/mule/core/current/mule.xsd
http://www.mulesoft.org/schema/mule/salesforce http://www.mulesoft.org/schema/mule/salesforce/current/mule-salesforce.xsd
http://www.mulesoft.org/schema/mule/secure-properties http://www.mulesoft.org/schema/mule/secure-properties/current/mule-secure-properties.xsd
http://www.mulesoft.org/schema/mule/db http://www.mulesoft.org/schema/mule/db/current/mule-db.xsd
http://www.mulesoft.org/schema/mule/os http://www.mulesoft.org/schema/mule/os/current/mule-os.xsd
http://www.mulesoft.org/schema/mule/mule-apikit http://www.mulesoft.org/schema/mule/mule-apikit/current/mule-apikit.xsd
http://www.mulesoft.org/schema/mule/tls http://www.mulesoft.org/schema/mule/tls/current/mule-tls.xsd
http://www.mulesoft.org/schema/mule/email http://www.mulesoft.org/schema/mule/email/current/mule-email.xsd
http://www.mulesoft.org/schema/mule/ee/core http://www.mulesoft.org/schema/mule/ee/core/current/mule-ee.xsd">
	<!-- <salesforce:sfdc-config name="Salesforce_CON_Config" doc:name="Salesforce Config" doc:id="4b2450e5-ba50-4095-b86f-24a57d39862c" >
		<salesforce:basic-connection username="sfdc.int.user@chep.com.sfdccon" password="Chep1234" securityToken="evPul2z0xR3rNz5loDt1M0zD" url="https://brambles&#45;&#45;sfdccon.my.salesforce.com/services/Soap/u/49.0"/>
	</salesforce:sfdc-config> -->
	<secure-properties:config name="dataextract_Secure_Properties_Config" doc:name="Secure Properties Config" doc:id="92289157-1af1-4624-b6cb-7bf9a2a5aba6" file="env/mule-proc-api-data-extract-${mule.env}.yaml" key="${property.key}">
		<secure-properties:encrypt algorithm="Blowfish" />
	</secure-properties:config>
	<import doc:name="Import" doc:id="2cb8e49f-4aed-4d64-8fdc-f62d42efbcbc" file="db-transactional-common-config.xml" />
	<import doc:name="Import" doc:id="7ab5162b-cc99-4dda-9455-7d265021b6f0" file="db-transactional-insertOperation.xml" />
	<import doc:name="Import" doc:id="3d2f0baa-a73e-4ddd-83eb-b636262c3fa6" file="db-transactional-updateOperation.xml" />
	<import doc:name="Import" doc:id="6e516576-f7f1-4112-8c90-dc3a382ec783" file="db-transactional-insertOperation.xml" />
	<http:listener-config name="HTTP_Listener_config" doc:name="HTTP Listener config" doc:id="b20d520b-7123-466c-8578-0bd6b2e7af93" >
		<http:listener-connection host="${secure::api.https.host}" port="${secure::api.https.port}" protocol="HTTPS">
			<tls:context >
				<tls:key-store type="jks" path="mykeystore.jks" keyPassword="${secure::api.https.keyStoreKeyPassword}" password="${secure::api.https.keyStorePassword}"/>
			</tls:context>
		</http:listener-connection>
	</http:listener-config>
	<os:object-store name="Object_store" doc:name="Object store" doc:id="3d582e88-49c0-4944-9140-aafcd7f99435" />
	<apikit:config outboundHeadersMapName="outboundHeadersMapName" httpStatusVarName="httpStatus" doc:name="Router" doc:id="80f9353f-aa34-496d-8a19-64d1436bab85" name="Router" api="api\api.raml" >
		<apikit:flow-mappings >
			<apikit:flow-mapping resource="/objectStore/retrive" action="get" flow-ref="retriveObjectStore" />
			<apikit:flow-mapping resource="/objectStore/modify" action="get" flow-ref="modifyObjectStore" />
		</apikit:flow-mappings>
	</apikit:config>
	<http:request-config name="sf_Request_configuration" doc:name="HTTP Request configuration" doc:id="62983d3a-23ab-4104-bd1d-ee2d1434121c" responseTimeout="${secure::sf.responseTimeout}">
		<http:request-connection host="${secure::sf.login.host}" port="${secure::sf.login.port}" protocol="${secure::sf.login.protocol}"/>
	</http:request-config>
	<configuration doc:name="Configuration" doc:id="d08a7d34-d9cd-4b95-a8a6-f83986044645" defaultErrorHandler-ref="globalErrorError_Handler" />
	<http:request-config name="HTTP_BW_SYS_Request_configuration" doc:name="HTTP Request configuration" doc:id="af7cc024-5604-447a-a1f6-841f12aa502c" responseTimeout="${secure::bw.sys.api.https.responseTimeout}">
		<http:request-connection host="${secure::bw.sys.api.https.host}" port="${secure::bw.sys.api.https.port}" protocol="${secure::bw.sys.api.protocol}"/>
	</http:request-config>
	<email:smtp-config name="Email_SMTP" doc:name="Email SMTP" doc:id="b3a8101e-b6be-4bb5-bbb7-87d2894073ee" >
		<email:smtp-connection host="${secure::smtp.host}" port="${secure::smtp.port}" />
	</email:smtp-config>
	<os:object-store name="Object_store_sessionId" doc:name="Object store" doc:id="b02a50b6-7301-47fa-aaca-7dad9fd80773" entryTtl="1" entryTtlUnit="HOURS" expirationInterval="5"/>
	<ee:object-store-caching-strategy name="Caching_Strategy" doc:name="Caching Strategy" doc:id="dabc0d39-18ec-4298-a020-84d6ef456ede" objectStore="Object_store_sessionId" />
	<salesforce:sfdc-config name="Salesforce_Config" doc:name="Salesforce Config" doc:id="b8a2deab-13ea-4c43-8671-802d88ed7ad0" >
		<salesforce:basic-connection username="${secure::sf.api.username}" password="${secure::sf.api.password}" securityToken="${secure::sf.api.securitytoken}" url="${secure::sf.api.authorizationurl}" />
	</salesforce:sfdc-config>
	


</mule>
