<?xml version="1.0" encoding="UTF-8"?>

<mule xmlns:salesforce="http://www.mulesoft.org/schema/mule/salesforce" xmlns:os="http://www.mulesoft.org/schema/mule/os"
	xmlns:email="http://www.mulesoft.org/schema/mule/email"
	xmlns:ee="http://www.mulesoft.org/schema/mule/ee/core" xmlns:http="http://www.mulesoft.org/schema/mule/http" xmlns:batch="http://www.mulesoft.org/schema/mule/batch" xmlns="http://www.mulesoft.org/schema/mule/core" xmlns:doc="http://www.mulesoft.org/schema/mule/documentation" xmlns:xsi="http://www.w3.org/2001/XMLSchema-instance" xsi:schemaLocation="http://www.mulesoft.org/schema/mule/core http://www.mulesoft.org/schema/mule/core/current/mule.xsd
http://www.mulesoft.org/schema/mule/batch http://www.mulesoft.org/schema/mule/batch/current/mule-batch.xsd
http://www.mulesoft.org/schema/mule/http http://www.mulesoft.org/schema/mule/http/current/mule-http.xsd
http://www.mulesoft.org/schema/mule/ee/core http://www.mulesoft.org/schema/mule/ee/core/current/mule-ee.xsd
http://www.mulesoft.org/schema/mule/email http://www.mulesoft.org/schema/mule/email/current/mule-email.xsd
http://www.mulesoft.org/schema/mule/os http://www.mulesoft.org/schema/mule/os/current/mule-os.xsd
http://www.mulesoft.org/schema/mule/salesforce http://www.mulesoft.org/schema/mule/salesforce/current/mule-salesforce.xsd">
	<!-- <flow name="batchFlow" doc:id="457f6fed-6c1b-4f73-a4a2-6c06e7f9a502" >
		<ee:transform doc:name="contactsData" doc:id="0fd4d9a9-a7eb-4dab-a8a6-b40d38e142d9">
			<ee:message>
				<ee:set-payload><![CDATA[%dw 2.0
output application/json
-&#45;&#45;
{
 "d" : {
    "ZFLAG" : "X",
    "ConH_ConINav" :payload default[] map  {
    "ZACCNTID":$.AccountId default "",
    "ZRTCAUSE":$.ApparentRootCause__c default "",
    "ZAPLSTAT":$.ApprovalStatus__c default "",
    "ZBUS_UNIT":$.BusinessUnit__c default "",
    "ZCSENUMB":$.CaseNumber default "",
    "ZCSEPRIOR":$.CasePriority__c default "",
    "ZSCATEGRY":$.Category__c default "",
    "ZCAUSEBY":$.CausedBy__c default "",
    "ZUPDATDTE":$.ClosedDate default "",
    "ZLSTCHGTM":"",
    "ZCSTCNTCT":$.ContactId default "",
    "ZREQDELDT":$.DeliveryDate__c default "",
    "ZTCDELDOC":$.DeliveryNumber__c default "",
    "ZPARTNER":$.GlobalId__c default "",
    "ZCASEID":$.Id default "",
    "ZCLSDOPN":$.IsClosed default "",
    "ZLEVEL":$.Level__c default "",
    "ZDROPLIVE":$.LiveDrop__c default "",
    "ZMACHINE":$.Machine__c default "",
    "ZORIGIN":$.Origin default "",
    "ZOWNERID":$.OwnerId default "",
    "ZPRIORITY":$.Priority default "",
    "ZPRDGROUP":$.ProductGroup__c default "",
    "ZCSREASN":$.Reason default "",
    "ZRECTYPID":$.RecordTypeId default "",
    "ZLOC_REGN":$.Region__c default "",
    "ZRCAUSEO":$.RootCauseOutcome__c default "",
    "ZSHIFT":$.Shift__c default "",
    "ZSRSYSTM":$.SourceSystem__c default "",
    "ZSTATUS":$.Status default "",
    "ZSUBCTEG":$.SubCategory__c default "",
    "ZSUBTYPE":$.SubType__c default "",
    "ZTRUKNLD":$.TruckUnloaded__c default "",
    "ZTYPE":$."Type" default "",
    "ZVANFLAT":$.VanFlatbed__c default "",
    "ZPRUNOUT":$.WhatHappensIf__c default "",
    "ZTRIGERID":$.TriggerID__c default "",
    "ZSFAPHID":$.APHID__c default "",
    "ZCALSCRPT":$.CallScript__c default "",
    "ZTHDPRTY":$.ThirdParty__c default "",
    "ZEFFSTDT":($.StartDate__c  as DateTime) as DateTime{format:'yyyyMMddHHmmss'} default "",
    "ZORGQUE":$.OriginalQueue__c default "",
    "ZAGEDAYS":$.AgeDays__c default "",
    "ZPRNTCSE":$.HasParentCase__c default "",
    "ZSFPROD":$.Product__c default "",
    "Z3PSYSTM":$.ThirdPartySystem__c default ""
}
}

}]]></ee:set-payload>
			</ee:message>
		</ee:transform>
		<batch:job jobName="batchFlowBatch_Job" doc:id="f12142ca-89b2-4f7b-ad7f-b7dacbfde7b1" maxFailedRecords="-1" blockSize="200">
			<batch:process-records>
				<batch:step name="casesBwRequest" doc:id="46e2d968-c301-478d-be4f-5fed46515512">
					<batch:aggregator doc:name="Batch Aggregator" doc:id="0b512218-7f36-4190-83b3-d61d08a81c69" size="200">
						<http:request method="POST" doc:name="BW-Request" doc:id="65bcd64f-8e2d-4600-8c61-ee2fe98142b5" config-ref="BW-HTTP_Request_configuration" path="/sap/opu/odata/sap/ZGW_BW_SF_CASES_SRV/CaseHSet">
								<http:headers><![CDATA[#[output application/java
-&#45;&#45;
{
	"X-Requested-With" : "X",
	"Content-Type"  : "application/json"
}]]]></http:headers>
							</http:request>
						<logger level="INFO" doc:name="Logger" doc:id="defe1af9-3925-4814-8e17-73f102d53d03" message="after Request::::#[payload]" />
						<async doc:name="Async" doc:id="923006f2-fb5a-4c9f-a1fc-54fe9b7d2f35" >
							<ee:transform doc:name="Transform Message" doc:id="c6397b05-ed29-49b7-a6b2-2444a21375f6" >
								<ee:message >
									<ee:set-payload ><![CDATA[%dw 2.0
output application/java
-&#45;&#45;
vars.transactional map ( payload01 , indexOfPayload01 ) -> {
	interfaceId: "aperture-sf-bw-contacts-us",
	id: payload01.Id,
	uniqueId: [payload01.Id, now() as LocalDateTime {format:"yyyy-MM-dd HH:mm:ss"} as String {format:"yyyyMMddHHmmss"} default "","bw"] joinBy "_",
	createdTimeStamp: now() as LocalDateTime {format:"yyyy-MM-dd HH:mm:ss"} as String {format:"MM-dd-yyyy HH:mm:ss"} default "",
	updatedTimeStamp: payload01.updatedTimestamp default null,
	errorSystemName: payload01.errorSystemName default null,
	errorMessageJson:payload01.errorMessageJson default null,
	originalPayloadJson: write(payload01, "application/json"),
	failurePayloadJson: payload01.failurePayloadJson  default null,
	errorMessageXml:payload01.errorMessageXml default null,
	failurePayloadXml:payload01.failurePayloadXml default null,
	originalPayloadXml:payload01.originalPayloadXml default null,
	recordStatus: "success",
	typeOfRequest: "poll",
	filePath: payload01.filePath  default null,
	typeOfError: payload01.typeofError  default null,
	muleRetryCount: "0",
	uiRetryCount: "0",
	retryStatus: "active",
	snowTicket: payload01.snowticket default null ,
	mailNotification: "no",
	transactionType: payload01.Status__c,	
	customId: payload01.customId default null
}]]></ee:set-payload>
								</ee:message>
							</ee:transform>
							<logger level="INFO" doc:name="Logger" doc:id="528c44f9-8f09-42af-a211-859c8dd53c89" message="loggedSuccessfully:::::#[payload]"/>
						</async>
					</batch:aggregator>
				</batch:step>
				<batch:step name="errorStep" doc:id="a68a5347-5830-40d1-8338-e3fc32f26e4d" acceptPolicy="ONLY_FAILURES">
					<logger level="INFO" doc:name="logErrorRecords" doc:id="19b88da3-053d-4994-859e-0439b140806e" message="logErrorRecords::: #[payload]" />
					<batch:aggregator doc:name="Batch Aggregator" doc:id="6239d1d3-4e19-42f5-aaef-e1266897ac4b" size="200">
						<async doc:name="Async" doc:id="a3949e6c-aa2c-4055-8c16-132e5b447017" >
							<ee:transform doc:name="Transform Message" doc:id="764e64a1-21a0-415f-9609-0407b56a6639">
							<ee:message>
								<ee:set-payload><![CDATA[%dw 2.0
output application/json
-&#45;&#45;
vars.transactional map ( payload01 , indexOfPayload01 ) -> {
	interfaceId: "aperture-sf-bw-contacts-us",
	id: payload01.Id,
	uniqueId: [payload01.Id, now() as LocalDateTime {format:"yyyy-MM-dd HH:mm:ss"} as String {format:"yyyyMMddHHmmss"} default "","bw"] joinBy "_",
	createdTimeStamp: now() as LocalDateTime {format:"yyyy-MM-dd HH:mm:ss"} as String {format:"MM-dd-yyyy HH:mm:ss"} default "",
	updatedTimeStamp: payload01.updatedTimestamp default null,
	errorSystemName: "bw",
	errorMessageJson:  write(vars.errorMessage, "application/json") default null,
	originalPayloadJson: write(payload01, "application/json"),
	failurePayloadJson: write(payload.d.ConH_ConINav[indexOfPayload01], "application/json")  default null,
	errorMessageXml:payload01.errorMessageXml default null,
	failurePayloadXml:payload01.failurePayloadXml default null,
	originalPayloadXml:payload01.originalPayloadXml default null,
	recordStatus: "failed",
	typeOfRequest: "poll",
	filePath: payload01.filePath  default null,
	typeOfError: if (vars.errorType contains("CONNECTIVITY")) "connection"  else "bussiness",
	muleRetryCount: "0",
	uiRetryCount: "0",
	retryStatus: "active",
	snowTicket: payload01.snowticket default null ,
	mailNotification: "no",
	transactionType: payload01.Status__c,	
	customId: payload01.customId default null
}

]]></ee:set-payload>
							</ee:message>
						</ee:transform>
							<logger level="INFO" doc:name="Logger" doc:id="a6f3840b-0781-4273-84bf-ad658c361848" />
						</async>
					</batch:aggregator>
					<set-variable value="#[Batch::getStepExceptions().'casesBwRequest'.message]" doc:name="errorFromPreviousBatch" doc:id="1683c399-ba33-46a7-b854-c56a3bdd59a1" variableName="errorFromPreviousBatch" />
					 <email:send doc:name="SendEmailToBW Team" doc:id="e8a9772f-fdd4-4507-a2f0-60b74571ca80" config-ref="Email_SMTP" fromAddress="${secure::smtp.from}" subject="${secure::smtp.bw.subject}" toAddresses="#[p('secure::smtp.bw.to') splitBy (',')]">
						<email:body>
							<email:content><![CDATA[#["Hi Team, DataExtract-SF(Cases)-BW integration got failed while connecting to BW System."]]]></email:content>
						</email:body>
					</email:send> 
					<ee:transform doc:name="Transform Message" doc:id="9c166aeb-001e-4930-a0a6-e7158d4b159e" >
						<ee:message />
						<ee:variables >
							<ee:set-variable variableName="errorType" ><![CDATA[error.errorType.namespace ++ ":" ++ error.errorType.identifier]]></ee:set-variable>
							<ee:set-variable variableName="errorMessage" ><![CDATA[%dw 2.0
output application/json
-&#45;&#45;
{
	status:"Error",
	errorCode : error.errorType.identifier,
	errorMessage: error.description,
	errorType: error.errorType.namespace ++ ":" ++ error.errorType.identifier
}]]></ee:set-variable>
						</ee:variables>
					</ee:transform>
				</batch:step>
			</batch:process-records>
			<batch:on-complete >
				<logger level="INFO" doc:name="Logger" doc:id="30929aab-b7fe-4c65-9355-43de43a4f11b" message="processed records Succesfully"/>
			</batch:on-complete>
		</batch:job>
	</flow> -->
	<flow name="sfLoginRequestToGetSessionId" doc:id="2492b9e3-93a9-4db1-afb3-9b9599fdcede" >
		<http:request method="POST" doc:name="sfLoginRequestToGetSessionId" doc:id="060f519c-be0b-40eb-a64e-8698330b9ac4" config-ref="sf_Request_configuration" path="${secure::sf.login.path}">
				<http:body><![CDATA[#[%dw 2.0
output application/xml
ns env http://schemas.xmlsoap.org/soap/envelope/
ns n1 urn:partner.soap.sforce.com
---
env#Envelope:
env#Body:{
	n1#login:{
		n1#username: p('secure::sf.api.username'),
		n1#password: p('secure::sf.api.password') ++ p('secure::sf.api.securitytoken')
	}
}]]]></http:body>
				<http:headers><![CDATA[#[output application/xml
---
{
	'SOAPAction' : 'login',
	'charset' : 'UTF-8',
	'Accept' : 'text/xml',
	'Content-Type' : 'text/xml'
}]]]></http:headers>
			</http:request>
	</flow>
	<flow name="sfLoginRequestToGetSessionId-Flow" doc:id="71c2e05a-a3e8-4acb-9205-a729f8f936d6" >
		<logger level="INFO" doc:name="cacheInfoLog" doc:id="6c074a8c-7e27-4a16-94a0-6d5d6e22398c" message="Before SessionId Call" />
		<ee:cache doc:name="Cache" doc:id="74b2fef4-bbde-48c6-bf96-13c6a68bc49b" cachingStrategy-ref="Caching_Strategy">
			<!-- <http:request method="GET" doc:name="SF Login-Request-To-Get-SessionId" doc:id="f4527e43-f9e0-40b4-90a5-67b22e08c7bc" config-ref="HTTP_SF_SYS_Request_configuration" path="/api/sessionId">
			<http:headers><![CDATA[#[output application/java
-&#45;&#45;
{
	"client_secret" : "Value",
	"client_id" : "Value"
}]]]></http:headers>
		</http:request> -->
			<logger level="INFO" doc:name="cacheInfoLog" doc:id="3301b3d6-846b-4dd9-b7e1-b126d0e5832e" message="Inside Cache...#[payload.envelope.body.loginResponse.result.sessionId]" />
			<flow-ref doc:name="sfLoginRequestToGetSessionId" doc:id="c7a5e808-aba6-4df2-818b-4daa2609d8c6" name="sfLoginRequestToGetSessionId" />
		</ee:cache>
		<logger level="INFO" doc:name="sessionIdInfoLog" doc:id="a9c23be8-28d4-45c8-9b32-230ec00b3f95" message="sessionId::: #[payload.Envelope.Body.loginResponse.result.sessionId]" />
		<error-handler ref="bulkApiError_Handler" />
	</flow>
	<sub-flow name="successDbTransactionFlow" doc:id="6628a2fd-7d4a-43b3-af13-64dc7434fd81" >
		<async doc:name="Async" doc:id="b18a62ff-9708-427b-8c0a-b2c2dfe85738" >
			<ee:transform doc:name="logStatusoFBWResponse" doc:id="5d9e71b2-4c2b-4731-a1f4-004d51a5d66a" >
				<ee:message >
					<ee:set-payload ><![CDATA[%dw 2.0
output application/json
---
vars.transactional map ( payload01 , indexOfPayload01 ) -> {
	interfaceId: vars.getBulkApiDataVariables.interfaceId,
	id: payload01.Id,
	uniqueId: [payload01.Id, now() as LocalDateTime {format:"yyyy-MM-dd HH:mm:ss"} as String {format:"yyyyMMddHHmmss"} default "","bw"] joinBy "_",
	createdTimestamp: now() as LocalDateTime {format:"yyyy-MM-dd HH:mm:ss"} as String {format:"MM-dd-yyyy HH:mm:ss"} default "",
	updatedTimestamp: payload01.updatedTimestamp default null,
	errorSystemName: payload01.errorSystemName default null,
	errorMessageJson:payload01.errorMessageJson default null,
	originalPayloadJson: write(payload01, "application/json"),
	failurePayloadJson: null,
	errorMessageXml:payload01.errorMessageXml default null,
	failurePayloadXml:payload01.failurePayloadXml default null,
	originalPayloadXml:payload01.originalPayloadXml default null,
	recordStatus: "success",
	typeofRequest: "poll",
	filePath: payload01.filePath  default null,
	typeofError: payload01.typeofError  default null,
	muleRetryCount: "0",
	uiRetryCount: "0",
	retryStatus: "active",
	snowTicket: payload01.snowticket default null ,
	mailNotification: "no",
	transactionType: payload01.Status__c,	
	customId: payload01.customId default null,
	companyCode: payload01.companyCode default null,
	regionCode: payload01.regionCode default null,
	userId: payload01.userId default null
}]]></ee:set-payload>
				</ee:message>
			</ee:transform>
			<try doc:name="Try" doc:id="b58407c6-06f9-44cc-9572-5bdca46f45c4" >
				<flow-ref doc:name="Flow Reference" doc:id="825bdf78-92ae-410b-b2cc-ff1ef76c0998" name="db-transactional-interface-bulkInsertFlow" />
				<error-handler >
					<on-error-continue enableNotifications="true" logException="true" doc:name="On Error Continue" doc:id="a1044983-9548-4a8d-a568-ce3217c52817" >
						<logger level="INFO" doc:name="errorInfoLog" doc:id="21f8be56-7a46-4a64-9152-696902fa645d" message="UUID::#[vars.UUID]:: Error In db Transaction Flow"/>
					</on-error-continue>
				</error-handler>
			</try>
			<logger level="INFO" doc:name="logDbSuccessResponse" doc:id="3f8bdabf-8c0d-4b04-a582-793c7a22d4c3" message="UUID::#[vars.uuid] Db Success Response:: #[payload]"/>
		</async>
	</sub-flow>
	<sub-flow name="failureDbTransactionFlow" doc:id="2070575e-d1fb-4195-a04f-e1237defffc3" >
		<async doc:name="Async" doc:id="5c929316-920f-4e6c-9ea3-a459abacf368" >
			<ee:transform doc:name="errorMessage" doc:id="65cb1552-5423-4fb7-8b5d-35ea0a35a864" >
				<ee:message />
				<ee:variables >
					<ee:set-variable variableName="errorType" ><![CDATA[((error.errorType.namespace default "") ++ ":" ++ (error.errorType.identifier default ""))]]></ee:set-variable>
					<ee:set-variable variableName="errorMessage" ><![CDATA[%dw 2.0
output application/json
---
{
	status:"Error",
	errorCode : error.muleMessage.payload.errorInfo.statusCode,
	errorMessage: error.muleMessage.payload.errorInfo.errorMessage,
	errorType: error.muleMessage.payload.errorInfo.errorType
}]]></ee:set-variable>
				</ee:variables>
			</ee:transform>
			<ee:transform doc:name="errorResponse" doc:id="cc83278b-a15b-4ca8-84ef-1e4648f848e6" >
				<ee:message >
					<ee:set-payload ><![CDATA[%dw 2.0
output application/json
---
vars.transactional map ( payload01 , indexOfPayload01 ) -> {
	interfaceId: vars.getBulkApiDataVariables.interfaceId,
	id: payload01.Id,
	uniqueId: [payload01.Id, now() as LocalDateTime {format:"yyyy-MM-dd HH:mm:ss"} as String {format:"yyyyMMddHHmmss"} default "","bw"] joinBy "_",
	createdTimestamp: now() as LocalDateTime {format:"yyyy-MM-dd HH:mm:ss"} as String {format:"MM-dd-yyyy HH:mm:ss"} default "",
	updatedTimestamp: payload01.updatedTimestamp default null,
	errorSystemName: "bw",
	errorMessageJson:  write(vars.errorMessage, "application/json") default null,
	originalPayloadJson: write(payload01, "application/json"),
	failurePayloadJson: write(vars.failurePayload[indexOfPayload01], "application/json")  default null,
	errorMessageXml:payload01.errorMessageXml default null,
	failurePayloadXml:payload01.failurePayloadXml default null,
	originalPayloadXml:payload01.originalPayloadXml default null,
	recordStatus: "failed",
	typeofRequest: "poll",
	filePath: payload01.filePath  default null,
	typeofError: "business",
	muleRetryCount: "0",
	uiRetryCount: "0",
	retryStatus: "active",
	snowTicket: payload01.snowticket default null ,
	mailNotification: "no",
	transactionType: payload01.Status__c,	
	customId: payload01.customId default null,
	companyCode: payload01.companyCode default null,
	regionCode: payload01.regionCode default null,
	userId: payload01.userId default null
}

]]></ee:set-payload>
				</ee:message>
			</ee:transform>
			<try doc:name="Try" doc:id="eb3a99e3-1770-43e3-ae24-51798f38d506" >
				<flow-ref doc:name="dbBulkInterface" doc:id="cda0d1e3-4ace-4e91-82b2-f33cb83ffa35" name="db-transactional-interface-bulkInsertFlow" />
				<error-handler >
					<on-error-continue enableNotifications="true" logException="true" doc:name="On Error Continue" doc:id="883faf93-ff74-4667-8ebc-10a1000c3bfe" >
						<logger level="INFO" doc:name="errorInfoLog" doc:id="1048f2e7-0d7a-41a5-8e64-513257499d5c" message="UUID:::#[vars.UUID]:::Error In db Transaction Flow"/>
					</on-error-continue>
				</error-handler>
			</try>
			<logger level="INFO" doc:name="logBulkInsertFlowResponse" doc:id="1a62bf81-c42d-4b1b-b9ee-35633b2e357e" message="UUID:::#[vars.UUID]::::: Bulk InsertFlow::::#[payload]" />
		</async>
	</sub-flow>
	<flow name="sfGetBulkApi" doc:id="fcfae551-ef05-406e-8a13-c0e4b5a93899" >
		<logger level="INFO" doc:name="Logger" doc:id="88265af5-4e42-4bf7-82b0-8f7dabe9a2e7" message="sessionId before request:::#[vars.getBulkApiDataVariables.sessionId]"/>
		<!-- <http:request method="GET" doc:name="requestToSalesforceSysApi" doc:id="d1ad3e1c-93f1-4df7-ac49-7481738ac429" config-ref="HTTP_SF_SYS_Request_configuration" path="${secure::sf.retrive.path}" >
			<http:headers ><![CDATA[#[output application/java
-&#45;&#45;
{
	"client_secret" : p('secure::sf.https.client_secret'),
	"client_id" : p('secure::sf.https.client_id')
}]]]></http:headers>
			<http:query-params ><![CDATA[#[output application/java
-&#45;&#45;
{
	"batchJobId" : vars.getBulkApiDataVariables.batchJobId,
	"maxRecords" : vars.getBulkApiDataVariables.maxRecords,
	"locator" : vars.getBulkApiDataVariables.locator,
	"sessionId" : vars.getBulkApiDataVariables.sessionId
}]]]></http:query-params>
		</http:request> -->
		<flow-ref doc:name="sfGetBulkApiDataRetrieveFlow" doc:id="5b141d18-56c3-41dc-a993-f79b0456df8e" name="sfGetBulkApiDataRetrieveFlow"/>
		<error-handler ref="sessionIdErrorHandler" />
	</flow>
	<flow name="sfGetBulkApiDataRetrieveFlow" doc:id="9a312bd6-8d0f-4dc2-be6a-cbe73a499261" >
		<http:request method="GET" doc:name="getBulkApiData" doc:id="3f4803a0-106b-4423-9eea-5714a0b180de" config-ref="sf_Request_configuration" path="#[vars.getBulkApiDataVariables.path]">
			<http:headers><![CDATA[#[output application/java
---
{
	"Authorization" : "Bearer " ++ vars.getBulkApiDataVariables.sessionId
}]]]></http:headers>
			<http:query-params><![CDATA[#[output application/java
fun dynamicFields(input1) = (input1 != 'default' )
---
{
	"maxRecords" : vars.getBulkApiDataVariables.maxRecords,
	("locator"  : vars.getBulkApiDataVariables.locator) if(dynamicFields(vars.getBulkApiDataVariables.locator))
}]]]></http:query-params>
		</http:request>
		<set-variable value="#[attributes.headers.'Sforce-Locator']" doc:name="sfLocator" doc:id="7743fd5f-41fc-4c01-8482-1e26ab8f0677" variableName="sfLocator" />
		<set-payload value="#[payload]" doc:name="bulkApiData" doc:id="20936731-dded-476b-8e21-687b1a9c1ced" mimeType='application/csv; escape="\""; separator="\\t"' />
		<ee:transform doc:name="bulkApiCsvData" doc:id="926caa30-fcf7-4ef7-924b-b627545ffdd0">
			<ee:message>
				<ee:set-payload><![CDATA[%dw 2.0
input payload application/csv 
separator='\t',
escape='"'
output application/json 
---
payload]]></ee:set-payload>
			</ee:message>
		</ee:transform>
	</flow>
	<flow name="createQueryFlow" doc:id="0c14d2eb-3043-4669-9b4a-f12433e12ad5" >
		<!-- <http:request method="POST" doc:name="requestToBulkApiV2" doc:id="a22577a8-18c1-4c1e-a88d-1ffe6ea7228f" config-ref="HTTP_SF_SYS_Request_configuration" path="${secure::sf.createQuery.path}" >
			<http:headers ><![CDATA[#[output application/java
-&#45;&#45;
{
	"client_secret" : p('secure::sf.https.client_secret'),
	"client_id" : p('secure::sf.https.client_id')
}]]]></http:headers>
		</http:request> -->
		<salesforce:create-query-job-bulk-api-v2 doc:name="createQueryJobBulkApiV2" doc:id="13c1c5c7-bb9b-491b-a020-34940b7fa0e0" query="#[vars.query]" columnDelimiter="TAB" config-ref="Salesforce_Config"/>
		<ee:transform doc:name="Transform Message" doc:id="cf9af427-ad1e-4bd4-9cb3-4fdc84bb053c" >
			<ee:message >
				<ee:set-payload ><![CDATA[%dw 2.0
output application/json
---
payload]]></ee:set-payload>
			</ee:message>
		</ee:transform>
		<error-handler ref="bulkApiError_Handler" />
	</flow>
	<flow name="QueryJobInfoFlow" doc:id="9708dc4e-b716-434f-acd4-289256a4161a" >
		<ee:transform doc:name="setBatchJob" doc:id="0c0f05a6-103b-46a7-a5a8-2a539c43fea4" >
			<ee:message />
			<ee:variables >
				<ee:set-variable variableName="batchJob" ><![CDATA[%dw 2.0
output application/json
---
if(vars.caseKey.batchJobId != null)vars.caseKey.batchJobId
else if(vars.contactRollKey.batchJobId != null)vars.contactRollKey.batchJobId
else if(vars.contactKey.batchJobId != null)vars.contactKey.batchJobId
else if(vars.eventKey.batchJobId != null)vars.eventKey.batchJobId
else if(vars.opportunityKey.batchJobId != null)vars.opportunityKey.batchJobId
else if(vars.taskKey.batchJobId != null)vars.taskKey.batchJobId
else ""]]></ee:set-variable>
			</ee:variables>
		</ee:transform>
		<salesforce:get-query-job-info-bulk-api-v2 doc:name="getQueryJobInfoBulkApiV2" doc:id="bf9d7a4f-eec8-46ab-a9f8-fbf958abfe17" config-ref="Salesforce_Config" id="#[vars.batchJob]" />
		<!-- <http:request method="GET" doc:name="getBulkApiInfoJob" doc:id="ee8a4ff6-c054-4905-970a-f087655cea4f" config-ref="HTTP_SF_SYS_Request_configuration" path="${secure::sf.queryJobInfo.path}" >
			<http:headers ><![CDATA[#[output application/java
-&#45;&#45;
{
	"client_secret" : p('secure::sf.https.client_secret'),
	"client_id" : p('secure::sf.https.client_id')
}]]]></http:headers>
			<http:query-params ><![CDATA[#[output application/java
-&#45;&#45;
{
	"batchJobId" : vars.batchJob
}]]]></http:query-params>
		</http:request> -->
		<ee:transform doc:name="Transform Message" doc:id="df9fb970-b444-4d42-9a98-d771aee948f4" >
			<ee:message >
				<ee:set-payload ><![CDATA[%dw 2.0
output application/json
---
payload]]></ee:set-payload>
			</ee:message>
		</ee:transform>
		<error-handler ref="bulkApiError_Handler" />
	</flow>
	<flow name="pingOperation" doc:id="7a103104-62fe-4424-a6e2-3731b88fc4f3" >
		<http:request method="GET" doc:name="pingBwRequest" doc:id="81a2d185-9c74-4f02-bf8f-d825a2a1a52d" config-ref="HTTP_BW_SYS_Request_configuration" path="${secure::bw.api.https.ping.path}">
			<http:headers><![CDATA[#[output application/java
---
{
	"client_id" : p('secure::bw.client_id'),
	"client_secret" : p('secure::bw.client_secret')
	
}]]]></http:headers>
		</http:request>
		<ee:transform doc:name="pingOperationStatus" doc:id="a5fb7ca8-a91b-41bb-9441-2f84329d7639" >
			<ee:message >
			</ee:message>
			<ee:variables >
				<ee:set-variable variableName="pingOperation" ><![CDATA[%dw 2.0
output application/json
---
payload]]></ee:set-variable>
			</ee:variables>
		</ee:transform>
		<error-handler >
			<on-error-continue enableNotifications="true" logException="true" doc:name="On Error Continue" doc:id="cdf63de2-5d20-49a0-ad97-e03e68018188" >
				<ee:transform doc:name="pingOperationStatus" doc:id="f4351753-9e35-48ce-afc1-95f3a1a755b1" >
					<ee:message >
					</ee:message>
					<ee:variables >
						<ee:set-variable variableName="pingOperation" ><![CDATA[%dw 2.0
output application/json
---
error.muleMessage.payload]]></ee:set-variable>
					</ee:variables>
				</ee:transform>
				<set-payload value='#["BW connection failed"]' doc:name="bwConnectionFailed" doc:id="b61f39f9-44c2-42d1-84a0-562f928ce1fa" />
				<email:send doc:name="sendEmailToBW Team" doc:id="93a705f6-5b51-4390-84a2-daf900c3d368" config-ref="Email_SMTP" fromAddress="${secure::smtp.from}" subject="${secure::smtp.bw.subject}" toAddresses="#[p('secure::smtp.bw.to') splitBy (',')]" >
					<email:body contentType="text/plain" >
					</email:body>
				</email:send>
			</on-error-continue>
		</error-handler>
	</flow>
	<error-handler name="sessionIdErrorHandler" doc:id="c3718b2d-fa07-42a9-94a7-254ec7913e63" >
		<on-error-continue enableNotifications="true" logException="true" doc:name="On Error Continue" doc:id="e89ebd62-d88a-4954-8515-bc1a2b3913f1" type="ANY">
			<try doc:name="Try" doc:id="b5fd371a-b434-44e7-b957-db4a596bba03" >
				<flow-ref doc:name="salesforceEmail" doc:id="58789bb6-cd43-4d12-9515-05e21964590e" name="salesforceEmail"/>
				<error-handler >
					<on-error-continue enableNotifications="true" logException="true" doc:name="On Error Continue" doc:id="fb7056f4-5be9-4720-a181-e225490c562e" >
						<logger level="INFO" doc:name="Logger" doc:id="92f01206-0dbc-4a0e-ba37-590cfa4f782c" message="error in email flow"/>
					</on-error-continue>
				</error-handler>
			</try>
			<os:clear doc:name="Clear" doc:id="1496cb3e-6229-4b25-9d08-9e3a37979dca" objectStore="Object_store_sessionId" />
			<!-- <http:request method="GET" doc:name="SF Login-Request-To-Get-SessionId" doc:id="6f5c6836-a0e7-4d70-be85-cf61eb484ad0" config-ref="HTTP_SF_SYS_Request_configuration" path="/api/sessionId" >
				<http:headers ><![CDATA[#[output application/java
-&#45;&#45;
{
	"client_secret" : "Value",
	"client_id" : "Value"
}]]]></http:headers>
			</http:request> -->
			<!-- <http:request method="POST" doc:name="sfLoginRequestToGetSessionId" doc:id="da4112b2-5b3e-427e-adfe-a2fd9cab4a69" config-ref="HTTP_SF_SYS_Request_configuration" path="${secure::sf.login.path}">
				<http:body><![CDATA[#[%dw 2.0
output application/xml
ns env http://schemas.xmlsoap.org/soap/envelope/
ns n1 urn:partner.soap.sforce.com
-&#45;&#45;
env#Envelope:
env#Body:{
	n1#login:{
		n1#username: p('secure::salesforce.username'),
		n1#password: p('secure::salesforce.password')
	}
}]]]></http:body>
				<http:headers><![CDATA[#[output application/xml
-&#45;&#45;
{
	'SOAPAction' : 'login',
	'charset' : 'UTF-8',
	'Accept' : 'text/xml',
	'Content-Type' : 'text/xml'
}]]]></http:headers>
			</http:request> -->
			<flow-ref doc:name="sfLoginRequestToGetSessionId" doc:id="b5b76722-4684-45c8-9ceb-4e1ec785fcb9" name="sfLoginRequestToGetSessionId"/>
			<ee:transform doc:name="setSessionId" doc:id="e5da4b33-82de-4404-b454-ffc8d055ccca" >
				<ee:message />
				<ee:variables >
					<ee:set-variable variableName="getBulkApiDataVariables" ><![CDATA[%dw 2.0
import * from dw::util::Values
output application/json
---
vars.getBulkApiDataVariables update field("sessionId") with  payload.Envelope.Body.loginResponse.result.sessionId
	

]]></ee:set-variable>
				</ee:variables>
			</ee:transform>
			<flow-ref doc:name="sfGetBulkApiDataRetrieveFlow" doc:id="d4e98f55-c748-461d-97a1-a55b728b7197" name="sfGetBulkApiDataRetrieveFlow" />
		</on-error-continue>
	</error-handler>
	<error-handler name="bulkApiError_Handler" doc:id="1bc53e6a-331e-4a6e-bf41-a20bb5e17e93" >
		<on-error-propagate enableNotifications="true" logException="true" doc:name="On Error Propagate" doc:id="0fd77dd5-d724-4926-bb08-ec571a9d79a6" type="ANY">
			<flow-ref doc:name="salesforceEmail" doc:id="262e8ff9-0069-4e4e-98bd-54e28d288c80" name="salesforceEmail"/>
		</on-error-propagate>
	</error-handler>
	<sub-flow name="salesforceEmail" doc:id="0edc298c-ac68-4ebe-bd0f-8c93d1a1c9b9" >
		<ee:transform doc:name="setEmailContent" doc:id="5eed8c0f-efcf-4ac0-baca-6f7871b3a08f">
				<ee:message />
				<ee:variables>
					<ee:set-variable variableName="emailContent"><![CDATA[%dw 2.0
output application/java
---
"Hi Team, DataExtract-SF-BW integration got failed while connecting to SF System." ]]></ee:set-variable>
				</ee:variables>
			</ee:transform>
		<email:send doc:name="sendEmailToSF Team" doc:id="dedd8336-a9dd-47da-84a7-28202c480600" config-ref="Email_SMTP" fromAddress="${secure::smtp.from}" subject="${secure::smtp.sf.subject}" toAddresses="#[p('secure::smtp.sf.to') splitBy (',')]">
				<email:body contentType="text/plain">
					<email:content><![CDATA[#[vars.emailContent]]]></email:content>
				</email:body>
			</email:send>
	</sub-flow>
</mule>
