<?xml version="1.0" encoding="UTF-8"?>

<mule xmlns:email="http://www.mulesoft.org/schema/mule/email"
	xmlns:http="http://www.mulesoft.org/schema/mule/http" xmlns:salesforce="http://www.mulesoft.org/schema/mule/salesforce"
	xmlns:ee="http://www.mulesoft.org/schema/mule/ee/core"
	xmlns:os="http://www.mulesoft.org/schema/mule/os" xmlns="http://www.mulesoft.org/schema/mule/core" xmlns:doc="http://www.mulesoft.org/schema/mule/documentation" xmlns:xsi="http://www.w3.org/2001/XMLSchema-instance" xsi:schemaLocation="
http://www.mulesoft.org/schema/mule/email http://www.mulesoft.org/schema/mule/email/current/mule-email.xsd http://www.mulesoft.org/schema/mule/core http://www.mulesoft.org/schema/mule/core/current/mule.xsd
http://www.mulesoft.org/schema/mule/os http://www.mulesoft.org/schema/mule/os/current/mule-os.xsd
http://www.mulesoft.org/schema/mule/ee/core http://www.mulesoft.org/schema/mule/ee/core/current/mule-ee.xsd
http://www.mulesoft.org/schema/mule/salesforce http://www.mulesoft.org/schema/mule/salesforce/current/mule-salesforce.xsd
http://www.mulesoft.org/schema/mule/http http://www.mulesoft.org/schema/mule/http/current/mule-http.xsd">
	<flow name="contactRollCreateQueryJobFlow" doc:id="cc287e59-1d8b-499a-acf7-51f698f07607">
		<!-- <http:listener doc:name="Listener" doc:id="ac496b61-87fd-48b6-adc5-e50880ead54f" config-ref="HTTP_Listener_config" path="/contactRoleCreate"/> -->
		<scheduler doc:name="Scheduler" doc:id="4850cfb4-7cd9-492e-85f8-1c1c38179675" >
			<scheduling-strategy >
				<fixed-frequency frequency="1" timeUnit="HOURS"/>
			</scheduling-strategy>
		</scheduler>
		<set-variable value="#[uuid()]" doc:name="UUID" doc:id="31c16b82-395a-48aa-a974-0b0a43137fab" variableName="UUID"/>
		<os:retrieve doc:name="contactRoleMainJobStatus" doc:id="104b0eb9-1a26-4946-af3d-796a0db21dc4" key="contactRoleMainJobStatus" target="contactRoleMainJobStatus" objectStore="Object_store">
			<os:default-value ><![CDATA[#['inactive']]]></os:default-value>
		</os:retrieve>
		<choice doc:name="Choice" doc:id="d67efa22-862d-4f31-abbf-463b7ffb8fd7" >
			<when expression='#[vars.contactRoleMainJobStatus == "inactive"]'>
				<os:store doc:name="contactRoleMainJobStatus" doc:id="2082b761-08de-448b-9641-d8fc5f6bd0bc" key="contactRoleMainJobStatus" objectStore="Object_store">
					<os:value ><![CDATA[#['active']]]></os:value>
				</os:store>
				<os:retrieve doc:name="RetrieveLastRunTime" doc:id="387735db-87c9-482d-a17a-1f32cead4058" key="contactRollLastRunTime" objectStore="Object_store" target="contactRollLastRunTime">
			<os:default-value><![CDATA[#['2019-01-01T14:12:16Z']]]></os:default-value>
		</os:retrieve>
				<set-variable value="#[now() as DateTime as String {format: &quot;yyyy-MM-dd'T'HH:mm:ss'Z'&quot;}]" doc:name="SetCurrentDateTime" doc:id="51659a83-de84-4616-ab14-535cf7cff63b" variableName="currentDateTime" />
				<logger level="INFO" doc:name="contactRoleTimeStampInfoLog" doc:id="881843c2-452b-4624-a944-4a3a17361746" message="UUID:::#[vars.UUID]:::::contactRoleCurrentDateTime::::#[vars.currentDateTime]  contactRoleLastRunTime::::#[vars.contactRollLastRunTime]" />
				<!-- <ee:transform doc:name="prepareContactRolePayloadForQuery" doc:id="68e91e05-e81b-41aa-b8bd-97d71f41a0cc">
					<ee:message>
						<ee:set-payload><![CDATA[%dw 2.0
output application/json
-&#45;&#45;
{
"typeOfObject":"accountcontactrelation",
"lastRunDateTime":vars.contactRollLastRunTime,
"currentRunDateTime":vars.currentDateTime
}]]></ee:set-payload>
					</ee:message>
				</ee:transform> -->
				<ee:transform doc:name="prepareQuery" doc:id="4357a2e3-2528-4208-84ce-0bf62bbd2af5">
					<ee:message />
					<ee:variables>
						<ee:set-variable variableName="query"><![CDATA[%dw 2.0
output application/json
---
'SELECT AccountId,ContactId,EndDate,Id,Roles,StartDate FROM accountcontactrelation WHERE LastModifiedDate >= '
 ++ vars.contactRollLastRunTime 
 ++ ' AND LastModifiedDate < ' 
 ++ vars.currentDateTime ]]></ee:set-variable>
					</ee:variables>
				</ee:transform>
				<logger level="INFO" doc:name="infoLog" doc:id="42d28e81-36d5-4256-82d1-d073a8134b14" message="UUID:::#[vars.UUID]:::::::salesforce query for ContactRole ::: #[vars.query]" />
				<flow-ref doc:name="createQueryFlow" doc:id="8e26a8c2-beda-4801-814f-e4e82fa4a0a7" name="createQueryFlow"/>
				<!-- <salesforce:create-query-job-bulk-api-v2 doc:name="Create query job bulk api v 2" doc:id="352781be-3527-4626-b632-d5e6d7199eeb" config-ref="Salesforce_QA3_Config" query="#[vars.query]" columnDelimiter="TAB"/> -->
				<logger level="INFO" doc:name="queryJobInfoLog" doc:id="e70bb8b0-4353-4820-97be-0d6fa13db1d0" message="#[%dw 2.0
output application/json
---
payload]" />
				<os:store doc:name="storeContactRollKey" doc:id="932fbbe7-9f63-4662-a194-7fa78b7155c2" key="contactRollKey" objectStore="Object_store">
			<os:value><![CDATA[#[%dw 2.0
output application/java
---
{
	batchJobId:payload.id,
	batchStatus:payload.state,
	objectName:'ContactRole',
	locator:'default'
}]]]></os:value>
		</os:store>
				<os:store doc:name="contactRoleCurrentTimeStamp" doc:id="768439c0-ffef-4243-954f-2eded7105850" key="contactRollCurrentTimeStamp" objectStore="Object_store">
			<os:value><![CDATA[#[vars.currentDateTime]]]></os:value>
		</os:store>
			</when>
			<otherwise >
				<logger level="INFO" doc:name="contactRoleJobStatusInfoLog" doc:id="42bc6e2b-8b08-49ab-938a-8a2bfc875f7c" message="UUID:::#[vars.UUID]:::::contactRole main job is active hence no batch is triggered"/>
			</otherwise>
		</choice>
		<error-handler >
			<on-error-propagate enableNotifications="true" logException="true" doc:name="On Error Propagate" doc:id="ded059ba-39d8-464d-a8a6-3886af8675a8" >
				<os:store doc:name="contactRoleMainJobStatus" doc:id="5b582079-2d9b-4248-8aa2-f761fcff3ed6" key="contactRoleMainJobStatus" objectStore="Object_store" >
					<os:value ><![CDATA[#['inactive']]]></os:value>
				</os:store>
			</on-error-propagate>
		</error-handler>
	
</flow>
	<flow name="contactRollcontactUpdateJobStatusFlow" doc:id="7809c60b-2a02-4405-a4b0-f35328c32f87">
<!-- 		<http:listener doc:name="Listener" doc:id="641ef501-0785-4491-8414-891444758b7b" config-ref="HTTP_Listener_config" path="/contactUpdate1"/>
 -->		<scheduler doc:name="Scheduler" doc:id="54d32dd2-5517-4d02-9d53-11dc54e62049" >
			<scheduling-strategy >
				<fixed-frequency frequency="3" timeUnit="MINUTES"/>
			</scheduling-strategy>
		</scheduler>
		<set-variable value="#[uuid()]" doc:name="UUID" doc:id="1ae0d63e-94ea-48f7-8926-474558a36b6e" variableName="UUID"/>
		<os:retrieve doc:name="retrieveContactRoleKey" doc:id="3afb3c79-3b41-46fe-8e45-71ecdfa61478" key="contactRollKey" objectStore="Object_store" target="contactRollKey" >
			<os:default-value ><![CDATA[#['default']]]></os:default-value>
		</os:retrieve>
		<choice doc:name="Choice" doc:id="8b46103a-d6e5-4a19-9eee-5f9ecd2d4f89" >
			<when expression="#[vars.contactRollKey.batchStatus == 'UploadComplete']" >
				<flow-ref doc:name="QueryJobInfoFlow" doc:id="3bead206-f475-42fb-aa7d-e6b93b5cbb63" name="QueryJobInfoFlow"/>
				<!-- <salesforce:get-query-job-info-bulk-api-v2 doc:name="Get query job info bulk api v 2" doc:id="45b941d9-3b78-4620-9e81-e52bf2ec0476" config-ref="Salesforce_QA3_Config" id="#[vars.contactRollKey.batchJobId]" /> -->
				<logger level="INFO" doc:name="updateJobStausInfoLog" doc:id="10d51666-3506-46ea-8e7c-e03daa324af5" message="#[%dw 2.0&#10;output application/json&#10;---&#10;payload]"/>
				<choice doc:name="Choice" doc:id="d22b8548-5cb8-4fef-8b62-81bc82261613" >
					<when expression="#[payload.state == 'JobComplete']" >
						<os:store doc:name="storeContactRoleKey" doc:id="e15bdb34-7ad1-4fb3-9820-5c96c0f068ca" key="contactRollKey" objectStore="Object_store" >
							<os:value ><![CDATA[#[%dw 2.0
output application/java
---
{
	batchJobId:payload.id,
	batchStatus:payload.state,
	objectName:'ContactRoll',
	locator:'default'
}]]]></os:value>
						</os:store>
						<logger level="INFO" doc:name="updateJobStausInfoLog" doc:id="0e8794fa-69ae-40ad-a366-50adb0b856e4" message="UUID:::#[vars.UUID]:::::contactRole Job Status 'JobComplete' Updated Successfully" />
					</when>
					<otherwise >
						<logger level="INFO" doc:name="updateJobStausInfoLog" doc:id="4de86ec6-97da-41c9-b74c-86ca6ae90d69" message="UUID:::#[vars.UUID]::::::Contact Role Job Status Is Not Completed" />
					</otherwise>
				
</choice>
			
</when>
			<otherwise >
				<logger level="INFO" doc:name="updateJobStausInfoLog" doc:id="77a08052-34af-487c-9fd2-a1874b75b488" message="UUID:::#[vars.UUID]:::::contactRoll main flow not yet triggered"/>
			</otherwise>
		
</choice>
		<error-handler >
			<on-error-propagate enableNotifications="true" logException="true" doc:name=" Error Propagate" doc:id="2378a947-618e-49c9-8177-d50b14b46f8a" >
				<os:store doc:name="contactRoleMainJobStatus" doc:id="d83418f7-7a67-4537-80b4-20f73f03a9c6" key="contactRoleMainJobStatus" objectStore="Object_store" >
					<os:value ><![CDATA[#['inactive']]]></os:value>
				</os:store>
			</on-error-propagate>
		</error-handler>
	
</flow>
	<flow name="contactRollRetrieve" doc:id="b36b31f4-045c-49a1-82aa-c844ad71151c">
		<scheduler doc:name="Scheduler" doc:id="39ac9e88-0b61-4a10-b797-bfb2b8e583ff" >
			<scheduling-strategy >
				<fixed-frequency frequency="5" timeUnit="MINUTES" />
			</scheduling-strategy>
		</scheduler>
		<set-variable value="#[uuid()]" doc:name="UUID" doc:id="bb8e7da7-be4e-420e-b972-3ff8fca76b2f" variableName="UUID"/>
		<os:retrieve doc:name="contactRoleMainJobStatus" doc:id="740dc0e9-44a5-4b8e-9e4c-479b4f865aa1" key="contactRoleMainJobStatus" objectStore="Object_store" target="contactRoleMainJobStatus" >
			<os:default-value ><![CDATA[#['inactive']]]></os:default-value>
		</os:retrieve>
		<choice doc:name="Choice" doc:id="8636160f-cbdd-490d-91d5-dc6803de6307" >
			<when expression='#[vars.contactRoleMainJobStatus != "inactive"]'>
				<flow-ref doc:name="pingOperation" doc:id="205fec69-12e3-4395-bf42-14cf45a8435e" name="pingOperation"/>
				<choice doc:name="Choice" doc:id="6b82b040-54c9-4179-a2e8-565d6acc0cfe">
					<when expression='#[vars.pingOperation.status == "success"]'>
						<flow-ref doc:name="contactRollRetrieveRecordsFromQueryJobFlow" doc:id="8fb210dc-6556-4a64-8754-a4d4a454d481" name="contactRollRetrieveRecordsFromQueryJobFlow" />
					</when>
					<otherwise >
						<logger level="INFO" doc:name="bwConnectionInfoLog" doc:id="15931937-ada0-4eab-93e1-8520581a26a3" message="UUID:::#[vars.UUID]::::BW Connection Failed"/>
					</otherwise>
				</choice>
			</when>
			<otherwise >
				<logger level="INFO" doc:name="contactRoleRetriveInfoLog" doc:id="c8f4e794-2c68-4748-8c74-cfc868175ddb" message="UUID:::#[vars.UUID]:::::contactRole main job is inActive"/>
			</otherwise>
		</choice>
	</flow>
	<flow name="contactRollRetrieveRecordsFromQueryJobFlow" doc:id="2bb9bfc3-940f-4e63-90fe-074add842ae1">
		<logger level="INFO" doc:name="retriveFlowInfoLog" doc:id="27364df9-62bf-48a8-b12a-272d94dde7c2" message="UUID:::#[vars.UUID]:::::Retrieve ContactRole Records Flow Started" />
		<os:retrieve doc:name="retrieveContactRollKey" doc:id="28b096aa-0222-4a2c-aa27-930a486b71f0" key="contactRollKey" objectStore="Object_store" target="contactRollKey">
			<os:default-value><![CDATA[#['default']]]></os:default-value>
		</os:retrieve>
		<logger level="INFO" doc:name="logContactRollKey" doc:id="a00e47cc-a615-4fb7-8aaa-fca31631954f" message="UUID:::#[vars.UUID]:::::contactRollKey:::#[vars.contactRollKey]"/>
		<choice doc:name="Choice" doc:id="bf4bcab6-f3d9-4948-b336-fb128acc8f8c">
			<when expression="#[vars.contactRollKey != 'default' and vars.contactRollKey.batchStatus == 'JobComplete']">
				<!-- <flow-ref doc:name="sfLoginRequestToGetSessionId-Flow" doc:id="120a6f39-9328-48b9-a4c5-532a4e41c7d2" name="sfLoginRequestToGetSessionId-Flow"/> -->
				<flow-ref doc:name="sfLoginRequestToGetSessionId-Flow" doc:id="bc7b4e96-803c-4c61-9efa-499c8b602985" name="sfLoginRequestToGetSessionId-Flow" />
				<ee:transform doc:name="contactRoleKeyInfo" doc:id="39dff2bc-1507-4352-8da6-f05e01af127f">
					<ee:message />
					<ee:variables>
						<ee:set-variable resource="dwl/contactRoleInfo.dwl" variableName="getBulkApiDataVariables" />
					
</ee:variables>
				</ee:transform>
				<choice doc:name="Choice" doc:id="04c91091-8220-4c41-8e13-1b239f8bc6d1">
					<when expression="#[vars.contactRollKey.locator == 'default']">
						<flow-ref doc:name="contactRollSaleGetQueryFlow" doc:id="354971dc-b343-415e-ab98-4b392e7e5e7f" name="sfGetBulkApi" />
						<choice doc:name="Choice" doc:id="47e911f8-c05e-437a-acf6-da6697925a50">
							<when expression="#[payload != []]">
								<logger level="INFO" doc:name="salesforceResponseInfoLog" doc:id="cfe44063-4c01-479f-8a9b-589e0e36ddf0" message="UUID:::#[vars.UUID]:::::  Response From  Contact Roll Salesforce Received::::#[payload.Id]" />
								 <logger level="DEBUG" doc:name="salesforceResponseDebugLog" doc:id="35738b43-d15e-4a6b-a66a-3fb4589d3ea1" message="UUID::#[vars.UUID]:::uniqueId::#[payload.Id]::Response From Salesforce::#[payload]" category="com.aperture.mule4.contactRollRetrieveRecordsFromQueryJobFlow"/>
								<flow-ref doc:name="contactRoleBwRequestFlow" doc:id="63855783-fc3d-4a84-822e-5343a77ed6d3" name="contactRoleBwRequestFlow"/> 

								<!-- <flow-ref doc:name="bwRequestSubFlow" doc:id="972da7e7-bc76-41e3-9232-cbb53fb7a442" name="bwRequestSubFlow" /> -->
							</when>
							<otherwise >
								<logger level="INFO" doc:name="salesforceResponseInfoLog" doc:id="f78e69b2-b59e-4d02-b6ac-7ad9195c5366" message="UUID:::#[vars.UUID]:::::No Records From Salesforce(ContactRoll)"/>
								<os:store doc:name="storeContactRollKey" doc:id="e17b429c-f428-4215-95ee-5884be53aa12" key="contactRollKey" objectStore="Object_store" >
									<os:value ><![CDATA[#[%dw 2.0
output application/java
---
{
	batchJobId:vars.contactRollKey.batchJobId,
	batchStatus:vars.contactRollKey.batchStatus,
	objectName:'ContactRole',
	locator: vars.sfLocator
}]]]></os:value>
								</os:store>
							</otherwise>
						
</choice>
					
</when>
					<when expression="#[vars.contactRollKey.locator == 'null']">
						<logger level="INFO" doc:name="locatorInfoLog" doc:id="58e8c94c-4618-46b5-97a2-48e15a1bb02f" message="UUID::#[vars.uuid]::Locator Value is Null..Means All Records Processed for contactRoll Job" />
						<os:retrieve doc:name="contactRollCurrentTimeStamp" doc:id="0d33799f-a423-4e4d-b94d-336b1ac11bd1" key="contactRollCurrentTimeStamp" objectStore="Object_store" target="contactRollCurrentTimeStamp" >
							<os:default-value ><![CDATA[#['2019-01-01T14:12:16Z']]]></os:default-value>
						</os:retrieve>
						<os:store doc:name="contactRollLastRunTime" doc:id="8b2dc36a-d8b9-4531-95a3-8f9d6744a946" key="contactRollLastRunTime" objectStore="Object_store">
							<os:value ><![CDATA[#[vars.contactRollCurrentTimeStamp]]]></os:value>
						</os:store>
						<os:store doc:name="contactRoleMainJobStatus" doc:id="8b407207-9989-43ca-b254-b4500497137d" key="contactRoleMainJobStatus" objectStore="Object_store">
							<os:value ><![CDATA[#['inactive']]]></os:value>
						</os:store>
						<os:store doc:name="storeContactRollKey" doc:id="e386c9b9-9405-4c8d-946e-56b1d7c30012" key="contactRollKey" objectStore="Object_store" >
							<os:value ><![CDATA[#[%dw 2.0
output application/java
---
{
	batchJobId:vars.contactRollKey.batchJobId,
	batchStatus:'processCompleted',
	objectName:'ContactRole',
	locator: vars.contactRollKey.locator
}]]]></os:value>
						</os:store>
						<logger level="INFO" doc:name="infoLog" doc:id="8d0a1432-a042-46ef-9d4b-205f459dd336" message="UUID::#[vars.UUID]:: all records processed and object store is updated to process complete for ContactRole object" />
					
</when>
					<when expression="#[vars.contactRollKey.locator != 'null' and vars.contactRollKey.locator != 'default']">
						<flow-ref doc:name="contactRollSaleGetQueryFlow" doc:id="10b2a5bf-da70-4eb1-866f-f6922ce1a93b" name="sfGetBulkApi" />
						<choice doc:name="Choice" doc:id="686be316-27d4-4558-bfcd-c3670263e747">
							<when expression="#[payload != []]">
								<logger level="INFO" doc:name="salesforceResponseInfoLog" doc:id="6dc0bab9-8672-471e-8963-aa8176198898" message="UUID:::#[vars.UUID]::::: Response From Contact Roll Salesforce Received::::#[payload.Id]"/>
								 <logger level="DEBUG" doc:name="salesforceResponseDebugLog" doc:id="ae261e1a-a6bc-49f7-8862-43dd6a72bf8c" message="UUID::#[vars.UUID]:::uniqueId::#[payload.Id]::Response From Salesforce:::#[payload]" category="com.aperture.mule4.contactRollRetrieveRecordsFromQueryJobFlow"/>
								<flow-ref doc:name="contactRoleBwRequestFlow" doc:id="c0a794aa-93de-4d00-954d-015cec9a112c" name="contactRoleBwRequestFlow" />

								<!-- <flow-ref doc:name="bwRequestSubFlow" doc:id="fb1cde8a-1534-4456-b25c-2c7a4581286d" name="bwRequestSubFlow" /> -->
							</when>
							<otherwise >
								<logger level="INFO" doc:name="salesforceResponseInfoLog" doc:id="e7f36c27-65d3-44d5-9477-c65b4399f286" message="UUID:::#[vars.UUID]:::::No Records From Salesforce(ContactRoll)"/>
								<os:store doc:name="storeContactRollKey" doc:id="5372926c-aa10-4f9b-9b19-151007d70e7f" key="contactRollKey" objectStore="Object_store" >
									<os:value ><![CDATA[#[%dw 2.0
output application/java
---
{
	batchJobId:vars.contactRollKey.batchJobId,
	batchStatus:vars.contactRollKey.batchStatus,
	objectName:'ContactRole',
	locator: vars.sfLocator
}]]]></os:value>
								</os:store>
							</otherwise>
						
</choice>
					
</when>
					<otherwise >
						<logger level="INFO" doc:name="Logger" doc:id="ea949c86-4b68-43a2-ae73-5c7897aad490" message="retrieve flow execution not satisfied any condition for contacts"/>
					</otherwise>
				
</choice>
			</when>
			<otherwise>
				<logger level="INFO" doc:name="retriveFlowLogInfo" doc:id="dd103527-dd8f-4b31-9463-219629bea35b" message="UUID:::#[vars.UUID]:::::The ContactRoll Key is Either Null or JobStatus is Not Complete" />
			</otherwise>
		</choice>
	
</flow>
	
	<flow name="contactRoleBwRequestFlow" doc:id="0c383ba7-5ad5-4635-8006-c4a0d14c11af" >
		<ee:transform doc:name="contactRoleSfBwMapping" doc:id="ad665f5b-c078-4886-9805-2ad7d2c2fdfa" >
			<ee:message >
				<ee:set-payload resource="dwl/contactRoleBwRequest.dwl" />
			</ee:message>
			<ee:variables >
				<ee:set-variable variableName="transactional" ><![CDATA[%dw 2.0
output application/json
---
payload]]></ee:set-variable>
				<ee:set-variable variableName="sfId" ><![CDATA[%dw 2.0
output application/json
---
payload..Id]]></ee:set-variable>
			</ee:variables>
		</ee:transform>
		<logger level="DEBUG" doc:name="contactRoleBwRequestDebugLog" doc:id="34462257-b495-4f0b-af90-3eee934ac51b" message="UUID:::#[vars.UUID]:::uniqueId::#[payload..zAccCntId]::ContactRole Request :::::#[payload]" category="com.aperture.mule4.contactRoleBwRequestFlow"/>
		<http:request method="POST" doc:name="contactRoleBwRequest" doc:id="c29bcce2-98a2-4a0b-b7b1-3e06578c89f6" config-ref="HTTP_BW_SYS_Request_configuration" path="${secure::bw.api.https.contactRole.path}" >
			<http:headers ><![CDATA[#[output application/java
---
{
	"client_secret" : p('secure::bw.client_secret'),
	"client_id" : p('secure::bw.client_id')
}]]]></http:headers>
		</http:request>
		<logger level="INFO" doc:name="contactRoleBwResponseInfoLog" doc:id="c936ff1c-0b1d-4f1d-9289-d7b37b385e58" message="UUID:::#[vars.UUID]:::::Bw Response oF ContactRoll Data::: #[payload..zAccCntId]" />
		<logger level="DEBUG" doc:name="contactRoleBwReponseDebugLog" doc:id="c427ed69-4886-4b9e-8049-fcc9893f78a3" message="UUID::#[vars.UUID]::uniqueId::#[payload..zAccCntId]:Response From ContactRole Bw::#[payload]" category="com.aperture.mule4.contactRoleBwRequestFlow"/>
		<os:store doc:name="storeContactRollKey" doc:id="d51dff95-4777-4fa4-9f85-6fad4d8c7819" key="contactRollKey" objectStore="Object_store">
			<os:value><![CDATA[#[%dw 2.0
output application/java
---
{
	batchJobId:vars.contactRollKey.batchJobId,
	batchStatus:vars.contactRollKey.batchStatus,
	objectName:'ContactRole',
	locator: vars.sfLocator
}]]]></os:value>
		</os:store>
		<!-- <flow-ref doc:name="successDbTransactionFlow" doc:id="a65f0a74-cfe4-472e-a960-950d31bed7be" name="successDbTransactionFlow" /> -->
		<error-handler ref="globalErrorError_Handler" />
	</flow>

</mule>
