<?xml version="1.0" encoding="UTF-8"?>

<mule xmlns:email="http://www.mulesoft.org/schema/mule/email"
	xmlns:http="http://www.mulesoft.org/schema/mule/http"
	xmlns:salesforce="http://www.mulesoft.org/schema/mule/salesforce" xmlns:ee="http://www.mulesoft.org/schema/mule/ee/core"
	xmlns:os="http://www.mulesoft.org/schema/mule/os"
	xmlns="http://www.mulesoft.org/schema/mule/core" xmlns:doc="http://www.mulesoft.org/schema/mule/documentation" xmlns:xsi="http://www.w3.org/2001/XMLSchema-instance" xsi:schemaLocation="
http://www.mulesoft.org/schema/mule/email http://www.mulesoft.org/schema/mule/email/current/mule-email.xsd 
http://www.mulesoft.org/schema/mule/http http://www.mulesoft.org/schema/mule/http/current/mule-http.xsd http://www.mulesoft.org/schema/mule/core http://www.mulesoft.org/schema/mule/core/current/mule.xsd
http://www.mulesoft.org/schema/mule/os http://www.mulesoft.org/schema/mule/os/current/mule-os.xsd
http://www.mulesoft.org/schema/mule/ee/core http://www.mulesoft.org/schema/mule/ee/core/current/mule-ee.xsd
http://www.mulesoft.org/schema/mule/salesforce http://www.mulesoft.org/schema/mule/salesforce/current/mule-salesforce.xsd">
	<flow name="contactsCreateQueryJobFlow" doc:id="e915d6af-71af-454f-b880-12c583a46dbe">
		<!-- <http:listener doc:name="Listener" doc:id="86c3dc02-1276-4124-988a-fff1ead190fe" config-ref="HTTP_Listener_config" path="/contacts!"/> -->
		<scheduler doc:name="Scheduler" doc:id="559a4bc5-60a1-4696-bfc2-dc004de9cd91" >
			<scheduling-strategy >
				<fixed-frequency frequency="1" timeUnit="HOURS"/>
			</scheduling-strategy>
		</scheduler>
		<set-variable value="#[uuid()]" doc:name="UUID" doc:id="57efef6f-477b-4f97-b82a-7909bd0ccd27" variableName="UUID"/>
		<os:retrieve doc:name="contactMainJobStatus" doc:id="1638558d-b2d0-4c87-b8b7-a1edcd066086" key="contactMainJobStatus" target="contactMainJobStatus" objectStore="Object_store">
			<os:default-value ><![CDATA[#['inactive']]]></os:default-value>
		</os:retrieve>
		<choice doc:name="Choice" doc:id="75457e63-a684-4912-bdf0-fd1c61d76ef1" >
			<when expression='#[vars.contactMainJobStatus == "inactive"]'>
				<os:store doc:name="contactMainJobStatus" doc:id="f946bdf0-23a3-44b3-9798-8f27db23cb37" key="contactMainJobStatus" objectStore="Object_store">
					<os:value ><![CDATA[#['active']]]></os:value>
				</os:store>
				<os:retrieve doc:name="RetrieveLastRunTime" doc:id="c518b5f8-9591-4c66-9049-e2c5a663bdff" key="contactLastRunTime" objectStore="Object_store" target="contactLastRunTime">
			<os:default-value><![CDATA[#['2019-01-01T14:12:16Z']]]></os:default-value>
		</os:retrieve>
				<set-variable value="#[now() as DateTime as String {format: &quot;yyyy-MM-dd'T'HH:mm:ss'Z'&quot;}]" doc:name="SetCurrentDateTime" doc:id="9cc47531-78d6-43bb-9370-e3f89476ac16" variableName="currentDateTime" />
				<logger level="INFO" doc:name="contactTimeStampsInfoLog" doc:id="c494370d-dc78-418d-ac05-e92c615c439d" message="UUID:::#[vars.UUID]:::::contactCurrentDateTime::::#[vars.currentDateTime]  contactLastRunTime::::#[vars.contactLastRunTime]" />
				<!-- <ee:transform doc:name="prepareContactPayloadForQuery" doc:id="cb06fb13-6508-44f6-9765-70e1a9a869b0">
					<ee:message>
						<ee:set-payload><![CDATA[%dw 2.0
output application/json
-&#45;&#45;
{
"typeOfObject":"Contact",
"lastRunDateTime":vars.contactLastRunTime,
"currentRunDateTime":vars.currentDateTime
}]]></ee:set-payload>
					</ee:message>
				</ee:transform> -->
				<ee:transform doc:name="prepareQuery" doc:id="f14b8c49-1c34-4f10-8473-15435724310b">
					<ee:message />
					<ee:variables>
						<ee:set-variable variableName="query"><![CDATA[%dw 2.0
output application/json
---
'SELECT BusinessUnit__c,DoNotCall,Duplicate__c,Email,ExcludefromMarketing__c,ExcludeFronSurveys__c,FirstName,Id,JobFunction__c,JobLevel__c,LastName,LastTouch__c,LeadSource,MarketingStage__c,MobilePhone,myChepUser__c,Next_Survey_Date__c,NPSClassification__c,Phone,PreferredCommunication__c,PreferredLanguage__c,Region__c,Salutation,Status__c,SubRegion__c,Title,LastModifiedDate FROM Contact WHERE LastModifiedDate >= '
 ++ vars.contactLastRunTime 
 ++ ' AND LastModifiedDate < ' 
 ++ vars.currentDateTime ]]></ee:set-variable>
					</ee:variables>
				</ee:transform>
				<logger level="INFO" doc:name="infoLog" doc:id="aec808e6-d074-40ee-b241-21ba8e4c30eb" message="UUID:::#[vars.UUID]:::::::salesforce query for Contacts ::: #[vars.query]" />
				<flow-ref doc:name="createQueryFlow" doc:id="944a40d8-66e2-4484-9857-9f863d74551d" name="createQueryFlow"/>
				<!-- <salesforce:create-query-job-bulk-api-v2 doc:name="Create query job bulk api v 2" doc:id="21f94c30-0bcf-43e0-a61d-a46fff19130b" config-ref="Salesforce_QA3_Config" query="#[vars.query]" columnDelimiter="TAB"/> -->
				<logger level="INFO" doc:name="createQueryInfoLog" doc:id="5d64e5ba-0ac4-46fe-89e8-b593f0b72611" message="#[%dw 2.0&#10;output application/json&#10;---&#10;payload]" />
				<os:store doc:name="storeContactKey" doc:id="4872d4f2-0762-4356-bdc6-b5fa668176da" key="contactKey" objectStore="Object_store">
			<os:value><![CDATA[#[%dw 2.0
output application/java
---
{
	batchJobId:payload.id,
	batchStatus:payload.state,
	objectName:'Contact',
	locator:'default'
}]]]></os:value>
		</os:store>
				<os:store doc:name="contactCurrentTimeStamp" doc:id="3a34f7f3-7031-4478-a5f2-5e2b6767a8ba" key="contactCurrentTimeStamp" objectStore="Object_store">
			<os:value><![CDATA[#[vars.currentDateTime]]]></os:value>
		</os:store>
			</when>
			<otherwise >
				<logger level="INFO" doc:name="jobStausInfoLog" doc:id="49200232-3d19-4af1-921a-5ad267388240" message="UUID:::#[vars.UUID]:::::contact main job is active hence no batch is triggered" />
			</otherwise>
		</choice>
		<error-handler >
			<on-error-propagate enableNotifications="true" logException="true" doc:name="On Error Propagate" doc:id="f56af8b4-8d5e-40d7-8190-5feec5445286" >
				<os:store doc:name="contactMainJobStatus" doc:id="ec6ad763-5599-4bb8-9dc2-5c3a7aae3bde" key="contactMainJobStatus" objectStore="Object_store">
					<os:value ><![CDATA[#['inactive']]]></os:value>
				</os:store>
			</on-error-propagate>
		</error-handler>
	</flow>
	<flow name="contactUpdateJobStatusFlow" doc:id="a4a34bc0-b9f0-4ca3-a423-713c172ca641">
		<!-- <http:listener doc:name="Listener" doc:id="864586ad-e288-4249-bba7-ead3e80459d5" config-ref="HTTP_Listener_config" path="/contacts2"/> -->
		<scheduler doc:name="Scheduler" doc:id="c67ad77d-8459-41df-aa1c-c73c08c78286" >
			<scheduling-strategy >
				<fixed-frequency frequency="3" timeUnit="MINUTES"/>
			</scheduling-strategy>
		</scheduler>
		<set-variable value="#[uuid()]" doc:name="UUID" doc:id="ddc50d16-b48f-4f03-91f4-9a8147cba2a4" variableName="UUID"/>
		<os:retrieve doc:name="retrieveContactKey" doc:id="05e358be-26ba-4c53-b8b7-eca0a3678f58" key="contactKey" objectStore="Object_store" target="contactKey" >
			<os:default-value ><![CDATA[#['default']]]></os:default-value>
		</os:retrieve>
		<choice doc:name="Choice" doc:id="46d4726f-d1f5-470d-838a-ab4089f74c64" >
			<when expression="#[vars.contactKey.batchStatus == 'UploadComplete']" >
				<flow-ref doc:name="QueryJobInfoFlow" doc:id="81c55831-e2ed-48bf-9480-44a953999e3e" name="QueryJobInfoFlow"/>
				<!-- <salesforce:get-query-job-info-bulk-api-v2 doc:name="Get query job info bulk api v 2" doc:id="ae020c70-4cd6-448d-ae33-24f915f49085" config-ref="Salesforce_QA3_Config" id="#[vars.contactKey.batchJobId]" /> -->
				<logger level="INFO" doc:name="updateJobStatusInfoLog" doc:id="45be3d70-47ed-460d-9afc-2e6e6b9181ef" message="#[%dw 2.0&#10;output application/json&#10;---&#10;payload]"/>
				<choice doc:name="Choice" doc:id="96478b19-af7a-47a9-8a2d-17d39d41b093" >
					<when expression="#[payload.state == 'JobComplete']" >
						<os:store doc:name="storeContactKey" doc:id="21309ef8-d631-4339-bb43-631772a42552" key="contactKey" objectStore="Object_store" >
							<os:value ><![CDATA[#[%dw 2.0
output application/java
---
{
	batchJobId:payload.id,
	batchStatus:payload.state,
	objectName:'Contact',
	locator:'default'
}]]]></os:value>
						</os:store>
						<logger level="INFO" doc:name="jobCompleteUpdateInfoLog" doc:id="0876fbb9-97a1-428a-af5e-dcd82ff5d9ba" message="UUID:::#[vars.UUID]:::::::Contact Job Status 'JobComplete' Updated Successfully" />
					</when>
					<otherwise >
						<logger level="INFO" doc:name="jobStatusInfoLog" doc:id="c23b1401-10a1-48fa-81f2-0ccb4d7fb514" message="UUID:::#[vars.UUID]:::::::Contacts  Job Status Is Not Completed" />
					</otherwise>
				</choice>
			</when>
			<otherwise >
				<logger level="INFO" doc:name="jobUpdateFlowInfoLog" doc:id="fd1c1a79-12e9-4441-b3c6-10e417cc595e" message="UUID:::#[vars.UUID]:::::contact main flow not yet triggered"/>
			</otherwise>
		</choice>
		<error-handler >
			<on-error-propagate enableNotifications="true" logException="true" doc:name="On Error Propagate" doc:id="b8912fe2-6219-4ce1-8f65-a707f020309d" >
				<os:store doc:name="contactMainJobStatus" doc:id="e02a84a3-4d3e-4091-9237-12744fe5b7c8" key="contactMainJobStatus" objectStore="Object_store">
					<os:value ><![CDATA[#['inactive']]]></os:value>
				</os:store>
			</on-error-propagate>
		</error-handler>
	</flow>
	<flow name="contactsRetrieve" doc:id="35609e96-4820-4378-804d-e397d47f709f">
		<scheduler doc:name="Scheduler" doc:id="f6ee1bc3-6653-422f-abf0-6ff92d4599b3" >
			<scheduling-strategy >
				<fixed-frequency frequency="5" timeUnit="MINUTES" />
			</scheduling-strategy>
		</scheduler>
		<set-variable value="#[uuid()]" doc:name="UUID" doc:id="c6c2373c-ae06-4bfb-b388-de94c5523102" variableName="UUID"/>
		<os:retrieve doc:name="contactMainJobStatus" doc:id="f031dc88-309d-4e85-b3c7-3e62db73bd6f" key="contactMainJobStatus" objectStore="Object_store" target="contactMainJobStatus" >
			<os:default-value ><![CDATA[#['inactive']]]></os:default-value>
		</os:retrieve>
		<choice doc:name="Choice" doc:id="8bbafd12-8d22-49d5-b556-0188a9d1a485" >
			<when expression='#[vars.contactMainJobStatus != "inactive"]'>
				<flow-ref doc:name="pingOperation" doc:id="e9ec6c8e-628a-4057-a7e8-c195ca06ef14" name="pingOperation"/>
				<choice doc:name="Choice" doc:id="3e9dcb59-5618-41ef-9bc5-61bea8143cbf" >
					<when expression='#[vars.pingOperation.status == "success"]'>
						<flow-ref doc:name="contactsRetrieveRecordsFromQueryJobFlow" doc:id="a587ba95-ad7e-4f78-93ba-3b436276ec84" name="contactsRetrieveRecordsFromQueryJobFlow" />
					</when>
					<otherwise >
						<logger level="INFO" doc:name="bwConnectionInfoLog" doc:id="41d8fc4c-65b2-49d9-be90-3486bbcd5fb5" message="UUID:::#[vars.UUID]:::BW Connection Failed"/>
					</otherwise>
				</choice>
			</when>
			<otherwise >
				<logger level="INFO" doc:name="contactRetriveInfoLog" doc:id="02a0650c-836f-4103-95f0-079ba4d5b66f" message="UUID:::#[vars.UUID]:::::contact main job is inActive "/>
			</otherwise>
		</choice>
	</flow>
	<flow name="contactsRetrieveRecordsFromQueryJobFlow" doc:id="d61f9fca-6f36-4abb-8013-dd9f28a2cab3" initialState="started">
		<logger level="INFO" doc:name="logInfo" doc:id="576afce2-59b0-4f9a-aef6-6d4be73ffcae" message="UUID:::#[vars.UUID]:::::::Retrieve Contact Records Flow Started"/>
		<os:retrieve doc:name="retrieveContactKey" doc:id="e3261056-15ad-4d64-a9a6-7ade152a1178" key="contactKey" objectStore="Object_store" target="contactKey">
			<os:default-value><![CDATA[#['default']]]></os:default-value>
		</os:retrieve>
		<logger level="INFO" doc:name="contactKeyInfoLog" doc:id="ea32b157-0502-4998-9758-c821b282b6be" message="UUID:::#[vars.UUID]:::::ContactKey::::#[vars.contactKey]"/>
		<choice doc:name="Choice" doc:id="7eb3f6c8-ab60-459e-b8a3-3fac42d0fcfd" >
			<when expression="#[vars.contactKey != 'default' and vars.contactKey.batchStatus == 'JobComplete']">
				<!-- <flow-ref doc:name="SF Login-Request-To-Get-SessionId" doc:id="11f29aac-0913-4c01-8dd5-9e090a7305ad" name="sfLoginRequestToGetSessionId-Flow"/> -->
				<flow-ref doc:name="sfLoginRequestToGetSessionId-Flow" doc:id="213d0b60-2eeb-42fa-99f0-44155940da42" name="sfLoginRequestToGetSessionId-Flow" />
				<ee:transform doc:name="setCaseKeyInfo" doc:id="f9f089f5-ca85-4688-942f-5d41392415ad">
					<ee:message>
					</ee:message>
					<ee:variables >
						<ee:set-variable resource="dwl/contactsInfo.dwl" variableName="getBulkApiDataVariables" />
					
</ee:variables>
				</ee:transform>
				<logger level="INFO" doc:name="setPathInfoLog" doc:id="d316cc2e-7a8f-4e28-b19e-b0b3c6d1f703" message="UUID:::#[vars.UUID]:::::Session ID ::::#[vars.sessionId] and Path ::::#[vars.path]"/>
				<choice doc:name="Choice" doc:id="8ca62e85-c3fd-457f-90dc-486182b63db6">
					<when expression="#[vars.contactKey.locator == 'default']">
						<flow-ref doc:name="contactSalesforceGetQueryFlow" doc:id="65cdf330-89bc-4cf0-83d4-4e7cb4120020" name="sfGetBulkApi" />
						<choice doc:name="Choice" doc:id="a343a4d1-129f-498a-bf6e-532a2b4c8058" >
							<when expression="#[payload != []]">
								<logger level="DEBUG" doc:name="salesforceResponseDebugLog" doc:id="d2ff0ead-4200-4943-98ac-0bd573da77f9" message="UUID::#[vars.UUID]:::uniqueId::#[payload.Id]:::::Response From Salesforce:::#[payload]" category="com.aperture.mule4.contactsRetrieveRecordsFromQueryJobFlow"/>
								<logger level="INFO" doc:name="salesforceResponseInfoLog" doc:id="e4c10d49-558c-47e0-a284-10134bceb506" message="UUID:::#[vars.UUID]::::: Response From Contacts Salesforce:::#[ payload.Id]" />
								<flow-ref doc:name="contactsBwRequestFlow" doc:id="c37a19e0-a1c1-4915-9359-57b39db42fa9" name="contactsBwRequestFlow"/>
							</when>
							<otherwise >
								<logger level="INFO" doc:name="salesforceResponseInfoLog" doc:id="6ff78164-b212-4ff2-9be8-cf2a5823c573" message="UUID:::#[vars.UUID]:::::No Records in Contacts Salesforce"/>
								<os:store doc:name="storeContactKey" doc:id="9ae06af1-cf63-428c-85f1-a1219d14b2ac" key="contactKey" objectStore="Object_store" >
									<os:value ><![CDATA[#[%dw 2.0
output application/java
---
{
	batchJobId:vars.contactKey.batchJobId,
	batchStatus:vars.contactKey.batchStatus,
	objectName:'Contact',
	locator: vars.sfLocator
}]]]></os:value>
								</os:store>
							</otherwise>

						</choice>
					
</when>
					<when expression="#[vars.contactKey.locator == 'null']">
						<logger level="INFO" doc:name="locatorInfoLog" doc:id="490ca792-2660-42f8-aadc-6cb5af2e4d80" message="UUID::#[vars.uuid]::Locator Value is Null..Means All Records Processed for Contact Job"/>
						<os:retrieve doc:name="contactCurrentTimeStamp" doc:id="780661a4-6720-4ff9-8f96-2678c180fd20" key="contactCurrentTimeStamp" objectStore="Object_store" target="contactCurrentTimeStamp">
							<os:default-value ><![CDATA[#['2019-01-01T14:12:16Z']]]></os:default-value>
						</os:retrieve>
						<os:store doc:name="contactLastRunTime" doc:id="ea0cb893-cdf7-4589-90e1-410dc079d286" key="contactLastRunTime" objectStore="Object_store">
							<os:value><![CDATA[#[vars.contactCurrentTimeStamp]]]></os:value>
						</os:store>
						<os:store doc:name="contactMainJobStatus" doc:id="31688b08-d5c5-47a5-b467-a3e6ada96356" key="contactMainJobStatus" objectStore="Object_store">
							<os:value ><![CDATA[#['inactive']]]></os:value>
						</os:store>
						<os:store doc:name="storeContactKey" doc:id="b99b2d3f-f5eb-4525-89a7-82dbb36fe5f4" key="contactKey" objectStore="Object_store" >
							<os:value ><![CDATA[#[%dw 2.0
output application/java
---
{
	batchJobId:vars.contactKey.batchJobId,
	batchStatus:'processCompleted',
	objectName:'Contact',
	locator: vars.contactKey.locator
}]]]></os:value>
						</os:store>
						<logger level="INFO" doc:name="infoLog" doc:id="f4abbcdc-26e5-4f6c-afe3-9342d5ddf587" message="UUID::#[vars.UUID]:: all records processed and object store is updated to process complete for Contacts object" />
					
</when>
					<when expression="#[vars.contactKey.locator != 'null' and vars.contactKey.locator != 'default']">
						<flow-ref doc:name="contactSalesforceGetQueryFlow" doc:id="2c5266c7-6adf-4c2d-a9e2-3b9f41a2e27a" name="sfGetBulkApi" />
						<choice doc:name="Choice" doc:id="754f6471-5d09-4e65-ad6f-12466be15d7e" >
							<when expression="#[payload != []]">
								<logger level="DEBUG" doc:name="salesforceResponseDebuglog" doc:id="f435c065-e601-4193-ba8a-9961a94fd170" message="UUID:::#[vars.UUID]:::uniqueId:::#[payload.Id]:::::response from salesforce:::#[payload]" category="com.aperture.mule4.contactsRetrieveRecordsFromQueryJobFlow"/>
								<logger level="INFO" doc:name="salesforceResponseInfoLog" doc:id="6e23487d-7104-4790-a1df-ba5989a56896" message="UUID:::#[vars.UUID]::::  Response From Contacts  Salesforce :::#[ payload.Id]" />
								<flow-ref doc:name="contactsBwRequestFlow" doc:id="3878b51b-145a-45e9-b09c-59c7f6aaecff" name="contactsBwRequestFlow"/>

							<!-- <flow-ref doc:name="bwRequestSubFlow" doc:id="14912f4b-f62e-4165-b4f6-f5eaa54d033b" name="bwRequestSubFlow" /> -->
							</when>
							<otherwise >
								<logger level="INFO" doc:name="salesforceResponseInfoLog" doc:id="f4883270-6890-4094-953f-687136d82be6" message="UUID:::#[vars.UUID]:::::No Records in Contacts Salesforce"/>
								<os:store doc:name="storeContactKey" doc:id="3259d4dc-c095-4600-9b6e-155c71b08d83" key="contactKey" objectStore="Object_store">
									<os:value ><![CDATA[#[%dw 2.0
output application/java
---
{
	batchJobId:vars.contactKey.batchJobId,
	batchStatus:vars.contactKey.batchStatus,
	objectName:'Contact',
	locator: vars.sfLocator
}]]]></os:value>
								</os:store>
							</otherwise>

						</choice>
					
</when>
					<otherwise >
						<logger level="INFO" doc:name="Logger" doc:id="c37cd04d-71e7-4efa-a755-560b44d1f206" message="retrieve flow execution not satisfied any condition for contacts"/>
					</otherwise>
				
</choice>
			
</when>
			<otherwise >
				<logger level="INFO" doc:name="retriveFlowInfoLog" doc:id="9b1db9fc-c75b-47d2-9e2e-a688edbbc4ad" message="UUID:::#[vars.UUID]::::::The Contact Key is Either Null or JobStatus is Not Complete"/>
			</otherwise>
		</choice>
	
</flow>
	
	<flow name="contactsBwRequestFlow" doc:id="67b3dc17-dc68-4550-b8d8-e20b2dc9ef15" >
		<ee:transform doc:name="contactsSalesforceBwMapping" doc:id="ba140695-cf88-4164-abf7-59f2416b721f" >
			<ee:message >
				<ee:set-payload resource="dwl/contactsBwRequest.dwl" />
			</ee:message>
			<ee:variables >
				<ee:set-variable variableName="transactional" ><![CDATA[%dw 2.0
output application/json
---
payload]]></ee:set-variable>
				<ee:set-variable variableName="sfId" ><![CDATA[%dw 2.0
output application/json
---
payload..Id]]></ee:set-variable>
			</ee:variables>
		</ee:transform>
		<logger level="DEBUG" doc:name="bwRequestDebugLog" doc:id="2d258b59-b6cc-4a57-b232-df84a7013415" message="UUID:::#[vars.UUID]:::uniqueId:#[payload..zCstCntCt]:::ContactBw Request :::::#[payload]" category="com.aperture.mule4.contactsBwRequestFlow"/>
		<http:request method="POST" doc:name="contactBwRequest" doc:id="2cb6b88b-96a4-47ae-a288-91ada5fc7c5d" config-ref="HTTP_BW_SYS_Request_configuration" path="${secure::bw.api.https.contacts.path}" >
			<http:headers ><![CDATA[#[output application/java
---
{
	"client_secret" : p('secure::bw.client_secret'),
	"client_id" : p('secure::bw.client_id')
}]]]></http:headers>
		</http:request>
		<logger level="DEBUG" doc:name="bwResponseDebugLog" doc:id="0acc2471-8ae9-4a4e-b014-db810ff66dfe" message="UUID:::#[vars.UUID]:::uniqueId::#[payload..zCstCntCt]::Response From Bw Contact::::#[payload]" category="com.aperture.mule4.contactsBwRequestFlow"/>
		<logger level="INFO" doc:name="bwResponseInfoLog" doc:id="d147c11d-1a7b-4b58-8e03-4129a0465235" message="UUID:::#[vars.UUID]::::: Bw Contacts Response Received ::: #[payload..zCstCntCt]" />
		<os:store doc:name="storeContactKey" doc:id="7b562fd4-55f0-4976-9e52-bdc95d876f52" key="contactKey" objectStore="Object_store">
			<os:value><![CDATA[#[%dw 2.0
output application/java
---
{
	batchJobId:vars.contactKey.batchJobId,
	batchStatus:vars.contactKey.batchStatus,
	objectName:'Contact',
	locator: vars.sfLocator
}]]]></os:value>
		</os:store>
		<!-- <flow-ref doc:name="successDbTransactionFlow" doc:id="7df2727d-9032-4002-9909-3d6fe4f1a5bc" name="successDbTransactionFlow" /> -->
		<error-handler ref="globalErrorError_Handler" />
	</flow>	
</mule>
