<?xml version="1.0" encoding="UTF-8"?>

<mule xmlns:email="http://www.mulesoft.org/schema/mule/email"
	xmlns:salesforce="http://www.mulesoft.org/schema/mule/salesforce"
	xmlns:os="http://www.mulesoft.org/schema/mule/os" xmlns:ee="http://www.mulesoft.org/schema/mule/ee/core"
	xmlns:http="http://www.mulesoft.org/schema/mule/http"
	xmlns="http://www.mulesoft.org/schema/mule/core" xmlns:doc="http://www.mulesoft.org/schema/mule/documentation" xmlns:xsi="http://www.w3.org/2001/XMLSchema-instance" xsi:schemaLocation="
http://www.mulesoft.org/schema/mule/email http://www.mulesoft.org/schema/mule/email/current/mule-email.xsd 
http://www.mulesoft.org/schema/mule/ee/core http://www.mulesoft.org/schema/mule/ee/core/current/mule-ee.xsd http://www.mulesoft.org/schema/mule/core http://www.mulesoft.org/schema/mule/core/current/mule.xsd
http://www.mulesoft.org/schema/mule/http http://www.mulesoft.org/schema/mule/http/current/mule-http.xsd
http://www.mulesoft.org/schema/mule/os http://www.mulesoft.org/schema/mule/os/current/mule-os.xsd
http://www.mulesoft.org/schema/mule/salesforce http://www.mulesoft.org/schema/mule/salesforce/current/mule-salesforce.xsd">
	<flow name="eventsCreateQueryJobFlow" doc:id="1c7789ed-a8d3-45a7-ae40-4c58ddbadfba">
		<scheduler doc:name="Scheduler" doc:id="6d86c7db-77d1-4457-832f-b67b77ee67ab" >
			<scheduling-strategy >
				<fixed-frequency frequency="1" timeUnit="HOURS"/>
			</scheduling-strategy>
		</scheduler>
		<set-variable value="#[uuid()]" doc:name="UUID" doc:id="47854f64-bfa7-49f4-a49e-b887e7ed854c" variableName="UUID"/>
		<os:retrieve doc:name="eventMainJobStatus" doc:id="b11a45b1-f4f7-427e-af46-77cdeb816e81" key="eventMainJobStatus" target="eventMainJobStatus" objectStore="Object_store">
			<os:default-value ><![CDATA[#['inactive']]]></os:default-value>
		</os:retrieve>
		<choice doc:name="Choice" doc:id="d80fbeda-1820-428e-836e-5033d2a17b6a" >
			<when expression='#[vars.eventMainJobStatus == "inactive"]'>
				<os:store doc:name="eventMainJobStatus" doc:id="2b3c037c-ecb1-4c41-abe3-d103487913ec" key="eventMainJobStatus" objectStore="Object_store">
					<os:value ><![CDATA[#['active']]]></os:value>
				</os:store>
				<os:retrieve doc:name="RetrieveLastRunTime" doc:id="029ea122-2ab2-4a77-8270-c12d702bcb0d" key="eventLastRunTime" objectStore="Object_store" target="eventLastRunTime">
			<os:default-value><![CDATA[#['2019-01-01T14:12:16Z']]]></os:default-value>
		</os:retrieve>
				<set-variable value="#[now() as DateTime as String {format: &quot;yyyy-MM-dd'T'HH:mm:ss'Z'&quot;}]" doc:name="SetCurrentDateTime" doc:id="a206e9b1-f8e2-4a7a-a51c-7d20124ccd8a" variableName="currentDateTime" />
				<logger level="INFO" doc:name="eventsTimeStampsInfoLog" doc:id="e77759b0-b570-4eb4-b50d-a494ba260728" message="UUID:::#[vars.UUID]:::::eventCurrentDateTime:::#[vars.currentDateTime]......eventLastRunTime#[vars.eventLastRunTime]" />
				<ee:transform doc:name="prepareQuery" doc:id="e5f788c9-f226-49cb-8188-4feceef75a10">
					<ee:message />
					<ee:variables>
						<ee:set-variable variableName="query"><![CDATA[%dw 2.0
output application/json
---
'SELECT ActivityDate,DateCompleted__c,Id,OwnerId,Reason__c,SourceSystem__c,Status__c,Subject,Topic__c,Type,WhatId,WhoId,WhoInitiated__c,CreatedDate,EndDate   FROM event WHERE LastModifiedDate >= '
 ++ vars.eventLastRunTime 
 ++ ' AND LastModifiedDate < ' 
 ++ vars.currentDateTime ]]></ee:set-variable>
					</ee:variables>
				</ee:transform>
				<!-- <ee:transform doc:name="perpareEventPayloadForQuery" doc:id="b5d7af6b-0e52-48ba-912d-acac4c5d2dc3">
					<ee:message>
						<ee:set-payload><![CDATA[%dw 2.0
output application/json
-&#45;&#45;
{
"typeOfObject":"event",
"lastRunDateTime":vars.eventLastRunTime,
"currentRunDateTime":vars.currentDateTime
}]]></ee:set-payload>
					</ee:message>
				</ee:transform> -->
				<logger level="INFO" doc:name="infoLog" doc:id="9c3ec39e-9cfa-4256-b55a-123e38065ff6" message="UUID:::#[vars.UUID]:::::::salesforce query for events ::: #[vars.query]" />
				<flow-ref doc:name="createQueryFlow" doc:id="4e22a756-2b09-446d-9ba1-0ac7a13d5984" name="createQueryFlow"/>
				<!-- <salesforce:create-query-job-bulk-api-v2 doc:name="Create query job bulk api v 2" doc:id="142e6f35-7d9f-499d-bf3c-85dc5431d329" config-ref="Salesforce_QA3_Config" query="#[vars.query]" columnDelimiter="TAB"/> -->
				<logger level="INFO" doc:name="createQueryInfoLog" doc:id="f60cfd87-d800-4faf-858e-b849daf8554a" message="#[%dw 2.0&#10;output application/json&#10;---&#10;payload]" />
				<os:store doc:name="updateJobStatus" doc:id="86f7050f-c964-4bd4-8797-d8003b286055" key="eventKey" objectStore="Object_store">
			<os:value><![CDATA[#[%dw 2.0
output application/java
---
{
	batchJobId:payload.id,
	batchStatus:payload.state,
	objectName:'Event',
	locator:'default'
}]]]></os:value>
		</os:store>
				<os:store doc:name="eventCurrentTimeStamp" doc:id="020f0f0d-f576-4061-bb11-fa9d57c58cd5" key="eventCurrentTimeStamp" objectStore="Object_store">
			<os:value><![CDATA[#[vars.currentDateTime]]]></os:value>
		</os:store>
			</when>
			<otherwise >
				<logger level="INFO" doc:name="jobStatusInfoLog" doc:id="0a17bc9e-787e-4a7a-ad9a-201919667169" message="UUID:::#[vars.UUID]:::::event main job is active hence no batch is triggered" />
			</otherwise>
		</choice>
		<error-handler >
			<on-error-propagate enableNotifications="true" logException="true" doc:name="On Error Propagate" doc:id="73df2f31-ae44-45f1-9342-7c6191317345" >
				<os:store doc:name="eventMainJobStatus" doc:id="7b576601-ffc4-4880-873c-11ef0ae3e4b2" key="eventMainJobStatus" objectStore="Object_store" >
					<os:value ><![CDATA[#['inactive']]]></os:value>
				</os:store>
			</on-error-propagate>
		</error-handler>
	</flow>
	<flow name="eventsUpdateJobStatusFlow" doc:id="3d078362-f4cb-4cfb-a595-acd8b5aebb00">
		<scheduler doc:name="Scheduler" doc:id="3720839a-c618-4f69-b9ed-d0b04535fdfe" >
			<scheduling-strategy >
				<fixed-frequency frequency="3" timeUnit="MINUTES"/>
			</scheduling-strategy>
		</scheduler>
		<set-variable value="#[uuid()]" doc:name="UUID" doc:id="ab2c00d0-fc46-49bb-aa07-04c9e026a9ea" variableName="UUID"/>
		<os:retrieve doc:name="retrieveEventKey" doc:id="266e855d-26b4-4ee3-a4d0-6bd8e1616f18" key="eventKey" objectStore="Object_store" target="eventKey" >
			<os:default-value ><![CDATA[#['default']]]></os:default-value>
		</os:retrieve>
		<choice doc:name="Choice" doc:id="3b4dbcfe-d0e0-4af4-abe2-ec0f486a6e43" >
			<when expression="#[vars.eventKey.batchStatus == 'UploadComplete']" >
				<flow-ref doc:name="QueryJobInfoFlow" doc:id="0ac811a4-cddc-4cca-8612-a43aac8ac555" name="QueryJobInfoFlow"/>
				<!-- <salesforce:get-query-job-info-bulk-api-v2 doc:name="Get query job info bulk api v 2" doc:id="2f950b9e-aa60-4f82-a4fd-df08f5ab0afd" config-ref="Salesforce_QA3_Config" id="#[vars.eventKey.batchJobId]" /> -->
				<logger level="INFO" doc:name="updateJobStatusInfoLog" doc:id="316750a2-79b2-4df4-852e-fdd1d80b2860" message="#[%dw 2.0&#10;output application/json&#10;---&#10;payload]"/>
				<choice doc:name="Choice" doc:id="9a3d4a0c-c06b-4d18-8083-0475ce596a95" >
					<when expression="#[payload.state == 'JobComplete']" >
						<os:store doc:name="storeEventKey" doc:id="0e6188ae-ae45-4376-a732-983af9e7fb04" key="eventKey" objectStore="Object_store" >
							<os:value ><![CDATA[#[%dw 2.0
output application/java
---
{
	batchJobId:payload.id,
	batchStatus:payload.state,
	objectName:'Event',
	locator:'default'
}]]]></os:value>
						</os:store>
						<logger level="INFO" doc:name="jobCompleteUpdateInfoLog" doc:id="28792192-16ca-4c26-93d6-1f2ed831d29d" message="UUID:::#[vars.UUID]::::::Events  Job Status 'JobComplete' Updated Successfully" />
					</when>
					<otherwise >
						<logger level="INFO" doc:name="jobStatusInfoLog" doc:id="27317f17-36df-4928-87ef-5614f6dad592" message="UUID:::#[vars.UUID]::::::Events Job Status Is Not Completed" />
					</otherwise>
				</choice>
			</when>
			<otherwise >
				<logger level="INFO" doc:name="updateFlowInfoLog" doc:id="8581d9af-40d5-4016-88e8-91512cb37232" message="UUID:::#[vars.UUID]:::::event main flow not yet triggered"/>
			</otherwise>
		</choice>
		<error-handler >
			<on-error-propagate enableNotifications="true" logException="true" doc:name="On Error Propagate" doc:id="4b91d179-7ca5-4a2b-90f7-5e6b36b088c7" >
				<os:store doc:name="eventMainJobStatus" doc:id="4aac7c95-f0ad-406f-abfb-c89e0d21dc98" key="eventMainJobStatus" objectStore="Object_store" >
					<os:value ><![CDATA[#['inactive']]]></os:value>
				</os:store>
			</on-error-propagate>
		</error-handler>
	</flow>
	<flow name="eventsRetrieve" doc:id="60387ec5-2bea-48f9-9be1-c42efa98c684">
		<scheduler doc:name="Scheduler" doc:id="a3cf41a8-1fac-414c-9030-9fec7f801b5d" >
			<scheduling-strategy >
				<fixed-frequency frequency="5" timeUnit="MINUTES"/>
			</scheduling-strategy>
		</scheduler>
		<set-variable value="#[uuid()]" doc:name="UUID" doc:id="f67c8f6b-6504-4633-b548-168174d81205" variableName="UUID"/>
		<os:retrieve doc:name="eventMainJobStatus" doc:id="8cacd441-b8f5-41d8-829c-04ca638c9792" key="eventMainJobStatus" objectStore="Object_store" target="eventMainJobStatus" >
			<os:default-value ><![CDATA[#['inactive']]]></os:default-value>
		</os:retrieve>
		<choice doc:name="Choice" doc:id="2ffa2815-24f1-407f-aeb3-6188f1a24ad2" >
			<when expression='#[vars.eventMainJobStatus != "inactive"]'>
				<flow-ref doc:name="pingOperation" doc:id="3eedcd87-405e-49ec-9cfe-2858e5048f04" name="pingOperation" />
				<choice doc:name="Choice" doc:id="ecbf4661-8821-4d62-b03f-c4cf7d200719" >
					<when expression='#[vars.pingOperation.status == "success"]'>
						<flow-ref doc:name="eventsRetrieveRecordsFromQueryJobFlow" doc:id="2ae994b8-cd2b-484a-b977-ed5c8b801ec8" name="eventsRetrieveRecordsFromQueryJobFlow" />
					</when>
					<otherwise >
						<logger level="INFO" doc:name="bwConnectionInfoLog" doc:id="c1de7b53-507a-459a-a10e-5871e2b44ab0" message="UUID:::#[vars.UUID]:::BW Connection Failed"/>
					</otherwise>
				</choice>
			</when>
			<otherwise >
				<logger level="INFO" doc:name="jobStausInfoLog" doc:id="928cda4f-269f-4c0c-8d8a-2e696bb6753b" message="UUID:::#[vars.UUID]:::::event main job is inActive"/>
			</otherwise>
		</choice>
	</flow>
	<flow name="eventsRetrieveRecordsFromQueryJobFlow" doc:id="84145606-bb04-4375-8db8-fe5eba526e2a">
		<logger level="INFO" doc:name="eventsRetriveFlowInfoLog" doc:id="473f90c0-19e2-4539-8166-5d8b7ac39d07" message="UUID:::#[vars.UUID]:::::::Retrieve Contact Records Flow Started" />
		<os:retrieve doc:name="retrieveEventKey" doc:id="73380817-827e-4c17-a8db-e7ee08697db5" key="eventKey" objectStore="Object_store" target="eventKey" >
			<os:default-value ><![CDATA[#['default']]]></os:default-value>
		</os:retrieve>
		<logger level="INFO" doc:name="eventKeyInfoLog" doc:id="168b321a-647d-43d2-b44e-a437d1cbce47" message="UUID:::#[vars.UUID]:::::Session ID ::::#[vars.sessionId] and Path ::::#[vars.path]"/>
		<choice doc:name="Choice" doc:id="744147e5-142c-42be-b6ba-b96278c0c769" >
			<when expression="#[vars.eventKey != 'default' and vars.eventKey.batchStatus == 'JobComplete']" >
				<!-- <flow-ref doc:name="SF Login-Request-To-Get-SessionId" doc:id="132de798-0e3c-418b-a645-8527a3273946" name="sfLoginRequestToGetSessionId-Flow"/> -->
				<flow-ref doc:name="sfLoginRequestToGetSessionId-Flow" doc:id="c02e365c-8021-41d6-b31e-1adc167830be" name="sfLoginRequestToGetSessionId-Flow" />
				<ee:transform doc:name="eventKeyInfoLog" doc:id="b78c4311-22d1-4a31-b145-86398b6abea2" >
					<ee:message />
					<ee:variables >
						<ee:set-variable resource="dwl/eventKeyInfo.dwl" variableName="getBulkApiDataVariables" />
					</ee:variables>
				</ee:transform>
				<choice doc:name="Choice" doc:id="e8bbda90-c2d6-4861-8edf-8175d3b6586f" >
					<when expression="#[vars.eventKey.locator == 'default']" >
						<flow-ref doc:name="EventSalesforceGetQueryFlow" doc:id="80545c99-86b2-436e-a72e-aead932d00c5" name="sfGetBulkApi" />
						<choice doc:name="Choice" doc:id="acc95f0e-ec14-4d1b-bb6d-ac7dc7c8e906" >
							<when expression="#[payload != []]" >
								<logger level="DEBUG" doc:name="salesforceResponseDebugLog" doc:id="718e2aa1-29f2-414a-80d4-701af3d14803" message="UUID::#[vars.UUID]:::uniqueId::#[payload.Id]::::Salesforce Response:::#[payload]" category="com.aperture.mule4.eventsRetrieveRecordsFromQueryJobFlow"/>
								<logger level="INFO" doc:name="salesforceResponseInfoLog" doc:id="f4adefc2-4790-4fc0-8265-b465f8a9c1ef" message="UUID:::#[vars.UUID]:::::  Records From Event Salesforce Recieved :::#[payload.Id]" />
								<flow-ref doc:name="eventsBwRequestFlow" doc:id="b058f674-26a8-4c73-8d3f-7f4cf95b1512" name="eventsBwRequestFlow"/>
								<!-- <flow-ref doc:name="bwRequestSubFlow" doc:id="f87cd2be-e609-4359-812e-72cc63487d8c" name="bwRequestSubFlow" /> -->
							</when>
							<otherwise >
								<logger level="INFO" doc:name="salesforceResponseInfoLog" doc:id="7fd02599-b841-48f6-a383-aa5b857dfeff" message="UUID:::#[vars.UUID]:::::: No Records Found in Events SalesForce " />
								<os:store doc:name="storeEventKey" doc:id="526a5579-dedf-4bbf-bee1-f15090e88343" key="eventKey" objectStore="Object_store" >
									<os:value ><![CDATA[#[%dw 2.0
output application/java
---
{
	batchJobId:vars.eventKey.batchJobId,
	batchStatus:vars.eventKey.batchStatus,
	objectName:'Event',
	locator: vars.sfLocator
}]]]></os:value>
								</os:store>
							</otherwise>
						</choice>
					</when>
					<when expression="#[vars.eventKey.locator == 'null']" >
						<logger level="INFO" doc:name="locatorInfoLog" doc:id="e2c1570d-afdc-41cd-9d31-d5ad0fb9f1c4" message="UUID::#[vars.uuid]::Locator Value is Null..Means All Records Processed for Contact Job" />
						<os:retrieve doc:name="eventCurrentTimeStamp" doc:id="b2778b36-c985-4c13-805c-0f9af2fe70eb" key="eventCurrentTimeStamp" objectStore="Object_store" target="eventCurrentTimeStamp" >
							<os:default-value ><![CDATA[#['2019-01-01T14:12:16Z']]]></os:default-value>
						</os:retrieve>
						<os:store doc:name="eventLastRunTime" doc:id="58ea9b22-ca5d-4e4e-a11e-4b26650085b0" key="eventLastRunTime" objectStore="Object_store">
							<os:value ><![CDATA[#[vars.eventCurrentTimeStamp]]]></os:value>
						</os:store>
						<os:store doc:name="eventMainJobStatus" doc:id="9125e7dd-b238-4f98-91a9-56761c4130f2" key="eventMainJobStatus" objectStore="Object_store" >
							<os:value ><![CDATA[#['inactive']]]></os:value>
						</os:store>
						<os:store doc:name="storeEventKey" doc:id="5c78916c-54cc-4394-8ee9-6c7ed70cbfbf" key="eventKey" objectStore="Object_store" >
							<os:value ><![CDATA[#[%dw 2.0
output application/java
---
{
	batchJobId:vars.eventKey.batchJobId,
	batchStatus:'processCompleted',
	objectName:'Event',
	locator: vars.eventKey.locator
}]]]></os:value>
						</os:store>
						<logger level="INFO" doc:name="infoLog" doc:id="0c114c48-ab5a-4e94-bbc1-fbf3a394a986" message="UUID::#[vars.UUID]:: all records processed and object store is updated to process complete for events object" />
					</when>
					<when expression="#[vars.eventKey.locator != 'null' and vars.eventKey.locator != 'default']" >
						<flow-ref doc:name="EventSalesforceGetQueryFlow" doc:id="4fc1d874-b811-4886-abc8-ae455e430bc8" name="sfGetBulkApi" />
						<choice doc:name="Choice" doc:id="0611d63f-e0f8-446c-b235-66181098e27a" >
							<when expression="#[payload != []]" >
								<logger level="INFO" doc:name="salesforceResponseInfoLog" doc:id="93974f48-6f36-4d65-88ad-b14e185fa6ca" message="UUID:::#[vars.UUID]::::: Records From  Event Salesforce Recieved::: #[payload.Id]"/>
								<logger level="DEBUG" doc:name="salesforceResoneDebugLog" doc:id="0330d4a2-4b02-4147-8f26-66e6f464117a" message="UUID::#[vars.UUID]:::uniqueId::#[payload.Id]::Salesforce Response:::#[payload]" category="com.aperture.mule4.eventsRetrieveRecordsFromQueryJobFlow"/>
								<flow-ref doc:name="eventsBwRequestFlow" doc:id="b0298d33-dcc6-4c24-8947-049863fb7570" name="eventsBwRequestFlow"/>
								<!-- <flow-ref doc:name="bwRequestSubFlow" doc:id="126430fe-1dc1-44db-8fc8-44f967baa2c1" name="bwRequestSubFlow" /> -->
							</when>
							<otherwise >
								<logger level="INFO" doc:name="salesforceResponseInfoLog" doc:id="4cbba5bc-8a1f-4dff-8850-5b7ad09675d9" message="UUID:::#[vars.UUID]:::::: No Records Found in Event SalesForce" />
								<os:store doc:name="storeEventKey" doc:id="d1ad714f-9d26-41e1-884f-d2069bb487f8" key="eventKey" objectStore="Object_store" >
									<os:value ><![CDATA[#[%dw 2.0
output application/java
---
{
	batchJobId:vars.eventKey.batchJobId,
	batchStatus:vars.eventKey.batchStatus,
	objectName:'Event',
	locator: vars.sfLocator
}]]]></os:value>
								</os:store>
							</otherwise>
						</choice>
					</when>
					<otherwise >
						<logger level="INFO" doc:name="Logger" doc:id="6664842b-f47c-4a56-8bbc-5311bb1fc4e8" message="retrieve flow execution not satisfied any condition for events"/>
					</otherwise>
				</choice>
			</when>
			<otherwise >
				<logger level="INFO" doc:name="logInfo" doc:id="9364e375-d599-4a09-a407-d99f01868194" message="UUID:::#[vars.UUID]:::::The Event Key is Either Null or JobStatus is Not Complete" />
			</otherwise>
		</choice>
	</flow>	
		
	<flow name="eventsBwRequestFlow" doc:id="72170766-abf8-4df8-a269-95c332824924" >
		<ee:transform doc:name="eventsSfBwMapping" doc:id="7bc1f62a-7841-406f-aa80-8e16cf71fb44" >
			<ee:message >
				<ee:set-payload resource="dwl/eventBwRequest.dwl" />
			</ee:message>
			<ee:variables >
				<ee:set-variable variableName="transactional" ><![CDATA[%dw 2.0
output application/json
---
payload]]></ee:set-variable>
				<ee:set-variable variableName="sfId" ><![CDATA[%dw 2.0
output application/json
---
payload..Id]]></ee:set-variable>
			</ee:variables>
		</ee:transform>
		<logger level="DEBUG" doc:name="eventBwRequestDebugLog" doc:id="f6468a5d-b113-4161-a708-28b6efd9d9ac" message="UUID:::#[vars.UUID]:::uniqueId::#[payload..zActVtyId]::EventBw Request:::::#[payload]" category="com.aperture.mule4.eventsBwRequestFlow"/>
		<http:request method="POST" doc:name="eventBwRequest" doc:id="46e3443c-9269-4775-8d1d-b24031a31fe7" path="${secure::bw.api.https.event.path}" config-ref="HTTP_BW_SYS_Request_configuration">
			<http:headers ><![CDATA[#[output application/java
---
{
	"client_secret" : p('secure::bw.client_secret'),
	"client_id" : p('secure::bw.client_id')
}]]]></http:headers>
		</http:request>
		<logger level="INFO" doc:name="EventBwResponseInfoLog" doc:id="aeefa51e-7819-4ede-ae43-bcd23873b1cd" message=" UUID:::#[vars.UUID]:::::Bw Response oF Activities(events) Received::: #[payload..zActVtyId]" />
		<logger level="DEBUG" doc:name="eventsBwResponseDebugLog" doc:id="111a8caf-dc6c-4d15-a526-00a26309ea76" message="UUID:::#[vars.UUID]::::uniqueId::#[payload..zActVtyId]::Events Bw Response::#[payload]" category="com.aperture.mule4.eventsBwRequestFlow"/>
		<os:store doc:name="storeEventKey" doc:id="a75369f9-1d02-4702-a1bc-06ada1c626b7" key="eventKey" objectStore="Object_store">
			<os:value><![CDATA[#[%dw 2.0
output application/java
---
{
	batchJobId:vars.eventKey.batchJobId,
	batchStatus:vars.eventKey.batchStatus,
	objectName:'Event',
	locator: vars.sfLocator
}]]]></os:value>
		</os:store>
		<!-- <flow-ref doc:name="successDbTransactionFlow" doc:id="71c625e2-254c-47fe-a5b3-a5e6b7bf6f53" name="successDbTransactionFlow" /> -->
		<error-handler ref="globalErrorError_Handler" />
	</flow>
</mule>
