<?xml version="1.0" encoding="UTF-8"?>

<mule xmlns:email="http://www.mulesoft.org/schema/mule/email" xmlns:ee="http://www.mulesoft.org/schema/mule/ee/core"
	xmlns:os="http://www.mulesoft.org/schema/mule/os"
	xmlns="http://www.mulesoft.org/schema/mule/core" xmlns:doc="http://www.mulesoft.org/schema/mule/documentation" xmlns:xsi="http://www.w3.org/2001/XMLSchema-instance" xsi:schemaLocation="http://www.mulesoft.org/schema/mule/core http://www.mulesoft.org/schema/mule/core/current/mule.xsd
http://www.mulesoft.org/schema/mule/os http://www.mulesoft.org/schema/mule/os/current/mule-os.xsd
http://www.mulesoft.org/schema/mule/ee/core http://www.mulesoft.org/schema/mule/ee/core/current/mule-ee.xsd
http://www.mulesoft.org/schema/mule/email http://www.mulesoft.org/schema/mule/email/current/mule-email.xsd">
	<error-handler name="globalErrorError_Handler" doc:id="f18d5c4a-718d-46c8-8500-626cc5b7289c" >
		<on-error-continue enableNotifications="true" logException="true" doc:name="On Error Continue" doc:id="2eb2e45a-2dd1-475e-bc74-a3f9acc5309a" when='#[error.muleMessage.payload.errorInfo.statusCode == 400]'>
			<os:store doc:name="storeCaseKey" doc:id="3cd5cb2d-e0c8-4e1e-89aa-c1f35546d62a" key="#[vars.getBulkApiDataVariables.objectStoreKey]" objectStore="Object_store" >
				<os:value ><![CDATA[#[%dw 2.0
output application/java
---
{
	batchJobId:vars.getBulkApiDataVariables.batchJobId,
	batchStatus:vars.getBulkApiDataVariables.batchStatus,
	objectName:vars.getBulkApiDataVariables.objectName,
	locator: vars.sfLocator
}]]]></os:value>
			</os:store>
			<logger level="INFO" doc:name="transactionalIdInfoLog" doc:id="a3acb8f1-5672-4b8c-9c88-2f1529ace4db" message="UUID:::#[vars.UUID]:::::BW Error Id's :::#[vars.transactional.Id]" />
			<logger level="INFO" doc:name="errorInfoLog" doc:id="24141883-68e1-4258-a8be-ba8cff77e340" message="UUID::#[vars.UUID]::::errorDescription:::#[error.muleMessage.payload.errorInfo.errorMessage]"/>
			<ee:transform doc:name="setEmailContent" doc:id="60aba3d6-dde1-4d32-9c35-edc894400081">
				<ee:message />
				<ee:variables>
					<ee:set-variable variableName="emailContent"><![CDATA[%dw 2.0
output application/json
---

{
content: "Hi Team, DataExtract-SF (" ++ error.muleMessage.payload.errorInfo.objectName ++ ")-BW integration got failed due to business error" ,
attachment:"failed records are: " ++ (vars.sfId joinBy ",")
}]]></ee:set-variable>
				</ee:variables>
			</ee:transform>
			<email:send doc:name="sendEmailToBW Team" doc:id="ee37692f-18f7-4c61-bb39-93e6fdbf0fb4" config-ref="Email_SMTP" fromAddress="${secure::smtp.from}" subject="${secure::smtp.bw.subject}" toAddresses="#[p('secure::smtp.bw.to') splitBy (',')]">
				<email:body contentType="text/plain">
					<email:content><![CDATA[#[vars.emailContent.content]]]></email:content>
				</email:body>
				<email:attachments><![CDATA[#[{
(p('secure::smtp.fileName')):vars.emailContent.attachment

}]]]></email:attachments>
			</email:send>
			<ee:transform doc:name="interfaceId" doc:id="098beacb-1cef-40cc-b1c2-11d8b6211381" >
				<ee:message />
				<ee:variables >
					<ee:set-variable variableName="interfaceId" ><![CDATA["aperture-sf-bw-" ++ error.muleMessage.payload.errorInfo.objectName ++ "-us"]]></ee:set-variable>
					<ee:set-variable variableName="failurePayload" ><![CDATA[%dw 2.0
output application/json
---
error.muleMessage.payload.failureMessage]]></ee:set-variable>
				</ee:variables>
			</ee:transform>
			<!-- <flow-ref doc:name="failureDbTransactionFlow" doc:id="a6e92478-f018-48dd-8898-88a5185e4bf4" name="failureDbTransactionFlow" /> -->
		</on-error-continue>
		<on-error-continue enableNotifications="true" logException="true" doc:name="On Error Continue" doc:id="ee0e0a55-4720-4f88-b7e8-b883cbea95d5" when="#[error.muleMessage.payload.errorInfo.statusCode == 500]">
			<ee:transform doc:name="setEmailContent" doc:id="1d82e262-c8ef-4ebc-9025-3c826adfe4f1" >
				<ee:message />
				<ee:variables >
					<ee:set-variable variableName="emailContent" ><![CDATA[%dw 2.0
output application/java
---
"Hi Team, DataExtract-SF (" ++ error.muleMessage.payload.errorInfo.objectName ++ ")-BW integration got failed while connecting to BW System." ]]></ee:set-variable>
				</ee:variables>
			</ee:transform>
			<email:send doc:name="sendEmailToBW Team" doc:id="68fa4657-3fcb-4156-8b05-4d2ebfe96b6b" config-ref="Email_SMTP" fromAddress="${secure::smtp.from}" subject="${secure::smtp.bw.subject}" toAddresses="#[p('secure::smtp.bw.to') splitBy (',')]" >
				<email:body contentType="text/plain" >
					<email:content ><![CDATA[#[vars.emailContent]]]></email:content>
				</email:body>
			</email:send>
		</on-error-continue>
	</error-handler>
</mule>
