<?xml version="1.0" encoding="UTF-8"?>

<mule xmlns:email="http://www.mulesoft.org/schema/mule/email" xmlns:os="http://www.mulesoft.org/schema/mule/os"
	xmlns:http="http://www.mulesoft.org/schema/mule/http"
	xmlns:ee="http://www.mulesoft.org/schema/mule/ee/core" xmlns:salesforce="http://www.mulesoft.org/schema/mule/salesforce" xmlns="http://www.mulesoft.org/schema/mule/core" xmlns:doc="http://www.mulesoft.org/schema/mule/documentation" xmlns:xsi="http://www.w3.org/2001/XMLSchema-instance" xsi:schemaLocation="http://www.mulesoft.org/schema/mule/core http://www.mulesoft.org/schema/mule/core/current/mule.xsd
http://www.mulesoft.org/schema/mule/salesforce http://www.mulesoft.org/schema/mule/salesforce/current/mule-salesforce.xsd
http://www.mulesoft.org/schema/mule/ee/core http://www.mulesoft.org/schema/mule/ee/core/current/mule-ee.xsd
http://www.mulesoft.org/schema/mule/http http://www.mulesoft.org/schema/mule/http/current/mule-http.xsd
http://www.mulesoft.org/schema/mule/os http://www.mulesoft.org/schema/mule/os/current/mule-os.xsd
http://www.mulesoft.org/schema/mule/email http://www.mulesoft.org/schema/mule/email/current/mule-email.xsd">
	<!-- <sub-flow name="bwRequestSubFlow" doc:id="e50a1b49-1eaa-4715-8392-45589df8a55b" >
		<ee:transform doc:name="Salesforce-Bw-Mapping" doc:id="ba3b06de-9893-4663-b784-fa889e116c50">
					<ee:message>
				<ee:set-payload ><![CDATA[%dw 2.0
output application/json
-&#45;&#45;
{
 "d" : {
    "ZFLAG" : "X",
    "ConH_ConINav" :payload default[] map  {
    "ZACCNTID":$.AccountId default "",
    "ZRTCAUSE":$.ApparentRootCause__c default "",
    "ZAPLSTAT":$.ApprovalStatus__c default "",
    "ZBUS_UNIT":$.BusinessUnit__c default "",
    "ZCSENUMB":$.CaseNumber default "",
    "ZCSEPRIOR":$.CasePriority__c default "",
    "ZSCATEGRY":$.Category__c default "",
    "ZCAUSEBY":$.CausedBy__c default "",
    "ZUPDATDTE":$.ClosedDate default "",
    "ZLSTCHGTM":"",
    "ZCSTCNTCT":$.ContactId default "",
    "ZREQDELDT":$.DeliveryDate__c default "",
    "ZTCDELDOC":$.DeliveryNumber__c default "",
    "ZPARTNER":$.GlobalId__c default "",
    "ZCASEID":$.Id default "",
    "ZCLSDOPN":$.IsClosed default "",
    "ZLEVEL":$.Level__c default "",
    "ZDROPLIVE":$.LiveDrop__c default "",
    "ZMACHINE":$.Machine__c default "",
    "ZORIGIN":$.Origin default "",
    "ZOWNERID":$.OwnerId default "",
    "ZPRIORITY":$.Priority default "",
    "ZPRDGROUP":$.ProductGroup__c default "",
    "ZCSREASN":$.Reason default "",
    "ZRECTYPID":$.RecordTypeId default "",
    "ZLOC_REGN":$.Region__c default "",
    "ZRCAUSEO":$.RootCauseOutcome__c default "",
    "ZSHIFT":$.Shift__c default "",
    "ZSRSYSTM":$.SourceSystem__c default "",
    "ZSTATUS":$.Status default "",
    "ZSUBCTEG":$.SubCategory__c default "",
    "ZSUBTYPE":$.SubType__c default "",
    "ZTRUKNLD":$.TruckUnloaded__c default "",
    "ZTYPE":$."Type" default "",
    "ZVANFLAT":$.VanFlatbed__c default "",
    "ZPRUNOUT":$.WhatHappensIf__c default "",
    "ZTRIGERID":$.TriggerID__c default "",
    "ZSFAPHID":$.APHID__c default "",
    "ZCALSCRPT":$.CallScript__c default "",
    "ZTHDPRTY":$.ThirdParty__c default "",
    "ZEFFSTDT":$.StartDate__c default "",
    "ZORGQUE":$.OriginalQueue__c default "",
    "ZAGEDAYS":$.AgeDays__c default "",
    "ZPRNTCSE":$.HasParentCase__c default "",
    "ZSFPROD":$.Product__c default "",
    "Z3PSYSTM":$.ThirdPartySystem__c default ""
}
}
}]]></ee:set-payload>
					</ee:message>
			<ee:variables >
				<ee:set-variable variableName="transactional" ><![CDATA[%dw 2.0
output application/json
-&#45;&#45;
payload]]></ee:set-variable>
			</ee:variables>
				</ee:transform>
		<logger level="INFO" doc:name="logPayload" doc:id="e1e3811c-8c8b-4af3-8364-e865a86b8af1" message="Sucessfully Received Records from Bw :::::" />
		<try doc:name="Try" doc:id="ec0c71be-3b24-430c-9556-74dfeafbd9d6" >
  			<until-successful maxRetries="3" doc:name="Until Successful" doc:id="45a288b6-c1be-48a0-9fb0-d980453c1532" millisBetweenRetries="10000">
				<http:request method="POST" doc:name="BW-Request" doc:id="8ed98b45-8373-46e9-b116-c0159d734440" config-ref="BW-HTTP_Request_configuration" path="/sap/opu/odata/sap/ZGW_BW_SF_CONTACT_SRV/ConHSet">
					<http:headers><![CDATA[#[output application/java
-&#45;&#45;
{
	"X-Requested-With" : "X",
	"Content-Type"  : "application/json"
}]]]></http:headers>
				</http:request>
			</until-successful> 
<raise-error type="MULE:CONNECTIVITY" description="Error description message"/>			
			<logger level="INFO" doc:name="logInfo" doc:id="bbcd11a4-54e8-4194-84ba-316182142ff5" />
			<error-handler >
				<on-error-propagate enableNotifications="true" logException="true" doc:name="On Error Propagate" doc:id="712c5bf9-7039-4317-b27e-215684582423" >
					<ee:transform doc:name="setEmailContent" doc:id="ebd8f676-9d57-4dae-8ad3-a39f8cb07f3d">
							<ee:message />
							<ee:variables>
								<ee:set-variable variableName="emailContent"><![CDATA[%dw 2.0
output application/java
-&#45;&#45;
"Hi Team, DataExtract-SF(contacts)-BW integration got failed while connecting to BW System." ]]></ee:set-variable>
							</ee:variables>
						</ee:transform>
					<email:send doc:id="56e8ce14-2b8c-466e-ac79-de911fb4ee40" config-ref="Email_SMTP" fromAddress="${secure::smtp.from}" subject="${secure::smtp.bw.subject}" toAddresses="#[p('secure::smtp.bw.to') splitBy (',')]" doc:name="SendEmailToBW Team" >
						<email:body >
							<email:content ><![CDATA[#[vars.emailContent]]]></email:content>
						</email:body>
					</email:send>
					 <async doc:name="Async" doc:id="8ceed877-b7fd-4de9-ba46-a4c208a1a6c7" >
						<ee:transform doc:name="Transform Message" doc:id="6eb47303-1962-4d7a-af39-207c0af814a1">
						<ee:message>
						</ee:message>
						<ee:variables>
							<ee:set-variable variableName="errorType"><![CDATA[error.errorType.namespace ++ ":" ++ error.errorType.identifier]]></ee:set-variable>
							<ee:set-variable variableName="errorMessage"><![CDATA[%dw 2.0
output application/json
-&#45;&#45;
{
	status:"Error",
	errorCode : error.errorType.identifier,
	errorMessage: error.description,
	errorType: error.errorType.namespace ++ ":" ++ error.errorType.identifier
}]]></ee:set-variable>
						</ee:variables>
					</ee:transform>
						<ee:transform doc:name="Transform Message" doc:id="c76cf64c-4184-4540-957a-71694d4f7aa4">
						<ee:message>
							<ee:set-payload><![CDATA[%dw 2.0
output application/json
-&#45;&#45;
vars.transactional map ( payload01 , indexOfPayload01 ) -> {
	interfaceId: "aperture-sf-bw-contacts-us",
	id: payload01.Id,
	uniqueId: [payload01.Id, now() as LocalDateTime {format:"yyyy-MM-dd HH:mm:ss"} as String {format:"yyyyMMddHHmmss"} default "","bw"] joinBy "_",
	createdTimeStamp: now() as LocalDateTime {format:"yyyy-MM-dd HH:mm:ss"} as String {format:"MM-dd-yyyy HH:mm:ss"} default "",
	updatedTimeStamp: payload01.updatedTimestamp default null,
	errorSystemName: "bw",
	errorMessageJson:  write(vars.errorMessage, "application/json") default null,
	originalPayloadJson: write(payload01, "application/json"),
	failurePayloadJson: write(payload.d.ConH_ConINav[indexOfPayload01], "application/json")  default null,
	errorMessageXml:payload01.errorMessageXml default null,
	failurePayloadXml:payload01.failurePayloadXml default null,
	originalPayloadXml:payload01.originalPayloadXml default null,
	recordStatus: "failed",
	typeOfRequest: "poll",
	filePath: payload01.filePath  default null,
	typeOfError: if (vars.errorType contains("CONNECTIVITY")) "connection"  else "bussiness",
	muleRetryCount: "0",
	uiRetryCount: "0",
	retryStatus: "active",
	snowTicket: payload01.snowticket default null ,
	mailNotification: "no",
	transactionType: payload01.Status__c,	
	customId: payload01.customId default null
}

]]></ee:set-payload>
						</ee:message>
					</ee:transform>
						<flow-ref doc:name="Flow Reference" doc:id="378ec9d9-0ba4-4794-80b8-6a2d09b1f476" name="db-transactional-interface-bulkInsertFlow" />
						<logger level="INFO" doc:name="Logger" doc:id="8216d59e-7796-4ecb-87a8-60538118c1d2" message="#[payload]" />
					</async> 
				</on-error-propagate>
			</error-handler>
		</try>
		<logger level="INFO" doc:name="Logger" doc:id="a2a77833-1fc1-4df4-b04a-a171715c2620" message="AterBw Endpoint:::::" />
		<async doc:name="Async" doc:id="60887fc9-2159-49de-8ac4-86f5e0f19d96" >
			<ee:transform doc:name="Transform Message" doc:id="1062598b-4928-498a-9c3a-dae96b973041">
			<ee:message>
				<ee:set-payload><![CDATA[%dw 2.0
output application/java
-&#45;&#45;
vars.transactional map ( payload01 , indexOfPayload01 ) -> {
	interfaceId: "aperture-sf-bw-contacts-us",
	id: payload01.Id,
	uniqueId: [payload01.Id, now() as LocalDateTime {format:"yyyy-MM-dd HH:mm:ss"} as String {format:"yyyyMMddHHmmss"} default "","bw"] joinBy "_",
	createdTimeStamp: now() as LocalDateTime {format:"yyyy-MM-dd HH:mm:ss"} as String {format:"MM-dd-yyyy HH:mm:ss"} default "",
	updatedTimeStamp: payload01.updatedTimestamp default null,
	errorSystemName: payload01.errorSystemName default null,
	errorMessageJson:payload01.errorMessageJson default null,
	originalPayloadJson: write(payload01, "application/json"),
	failurePayloadJson: payload01.failurePayloadJson  default null,
	errorMessageXml:payload01.errorMessageXml default null,
	failurePayloadXml:payload01.failurePayloadXml default null,
	originalPayloadXml:payload01.originalPayloadXml default null,
	recordStatus: "success",
	typeOfRequest: "poll",
	filePath: payload01.filePath  default null,
	typeOfError: payload01.typeofError  default null,
	muleRetryCount: "0",
	uiRetryCount: "0",
	retryStatus: "active",
	snowTicket: payload01.snowticket default null ,
	mailNotification: "no",
	transactionType: payload01.Status__c,	
	customId: payload01.customId default null
}]]></ee:set-payload>
			</ee:message>
		</ee:transform>
			<flow-ref doc:name="Flow Reference" doc:id="5b12a113-88ec-43ca-a5f4-0a5283128feb" name="db-transactional-interface-bulkInsertFlow" />
		</async>
	</sub-flow> -->
	<flow name="retriveObjectStore" doc:id="cc78022e-5a0f-4946-8064-55f081371fb9" >
		<os:retrieve-all doc:name="Retrieve all" doc:id="12497d96-2985-4e25-8778-0bc097af7bba" objectStore="Object_store" />
		<ee:transform doc:name="responsePayload" doc:id="c1a18d46-c119-43d8-b99f-6a7d3658df5b" >
			<ee:message >
				<ee:set-payload ><![CDATA[%dw 2.0
output application/json
---
payload]]></ee:set-payload>
			</ee:message>
		</ee:transform>
	</flow>
	<flow name="modifyObjectStore" doc:id="0d3c1d3e-fd0c-4043-a77b-4a2b4c288e84" >
		<os:store doc:name="Store" doc:id="a44109fd-f5c0-4902-8802-7242fef3755f" objectStore="Object_store" key="#[attributes.queryParams.key]">
			<os:value ><![CDATA[#[attributes.queryParams.value]]]></os:value>
		</os:store>
		<ee:transform doc:name="responsePayload" doc:id="0042ddb9-acd3-4a68-ac40-890ff70e1436" >
			<ee:message >
				<ee:set-payload ><![CDATA[%dw 2.0
output application/json
---
{
   "status":"object has updated"
}]]></ee:set-payload>
			</ee:message>
		</ee:transform>
	</flow>
	<flow name="updateObjectStoreFlow" doc:id="ea5cff91-557d-4fae-a6a4-d5ee05bd5bf5" >
		<http:listener doc:name="Listener" doc:id="a4c7cfc0-ea8c-4874-b6f5-31c95845067b" config-ref="HTTP_Listener_config" path="/update"/>
		<os:retrieve doc:name="Retrieve" doc:id="c857debc-116f-4858-9185-ecd49729e00c" key="#[attributes.queryParams.key]" objectStore="Object_store" target="objectStoreData"/>
		<ee:transform doc:name="mapping" doc:id="2a184053-962a-44bf-9f82-7f024db38995" >
			<ee:message >
				<ee:set-payload ><![CDATA[%dw 2.0
output application/java
---
{
	batchJobId:if(attributes.queryParams.batchJobId == null)vars.objectStoreData.batchJobId else attributes.queryParams.batchJobId,
	batchStatus:if(attributes.queryParams.batchStatus == null)vars.objectStoreData.batchStatus else attributes.queryParams.batchStatus,
	objectName:if(attributes.queryParams.objectName == null)vars.objectStoreData.objectName else attributes.queryParams.objectName,
	locator: if(attributes.queryParams.locator == null)vars.objectStoreData.locator else attributes.queryParams.locator
}]]></ee:set-payload>
			</ee:message>
		</ee:transform>
		<os:store doc:name="Store" doc:id="2327b0f3-eb2c-4386-a736-54188d7d01d6" key="#[attributes.queryParams.key]" objectStore="Object_store"/>
	</flow>
	<flow name="sessionIdRetriveFlow" doc:id="001c1043-cf4a-4e48-b402-56c474691860" >
		<http:listener doc:name="Listener" doc:id="abfeaf25-a958-45ab-9d71-2f19f3c7880b" config-ref="HTTP_Listener_config" path="/sessionIdRetrive"/>
		<os:retrieve-all doc:name="Retrieve all" doc:id="ee675a48-120f-4ed7-a4d1-9c890eaa7eec" objectStore="Object_store_sessionId"/>
	</flow>

</mule>
