<?xml version="1.0" encoding="UTF-8"?>

<mule xmlns:email="http://www.mulesoft.org/schema/mule/email"
	xmlns:http="http://www.mulesoft.org/schema/mule/http" xmlns:salesforce="http://www.mulesoft.org/schema/mule/salesforce"
	xmlns:ee="http://www.mulesoft.org/schema/mule/ee/core"
	xmlns:os="http://www.mulesoft.org/schema/mule/os" xmlns="http://www.mulesoft.org/schema/mule/core" xmlns:doc="http://www.mulesoft.org/schema/mule/documentation" xmlns:xsi="http://www.w3.org/2001/XMLSchema-instance" xsi:schemaLocation="
http://www.mulesoft.org/schema/mule/email http://www.mulesoft.org/schema/mule/email/current/mule-email.xsd http://www.mulesoft.org/schema/mule/core http://www.mulesoft.org/schema/mule/core/current/mule.xsd
http://www.mulesoft.org/schema/mule/os http://www.mulesoft.org/schema/mule/os/current/mule-os.xsd
http://www.mulesoft.org/schema/mule/ee/core http://www.mulesoft.org/schema/mule/ee/core/current/mule-ee.xsd
http://www.mulesoft.org/schema/mule/salesforce http://www.mulesoft.org/schema/mule/salesforce/current/mule-salesforce.xsd
http://www.mulesoft.org/schema/mule/http http://www.mulesoft.org/schema/mule/http/current/mule-http.xsd">
	<flow name="opportunityCreateQueryJobFlow" doc:id="b9c54e0f-661d-4f45-814a-529a7f5102db">
		<!-- <http:listener doc:name="Listener" doc:id="c717d06a-6858-4806-8669-2648377814ed" config-ref="HTTP_Listener_config" path="/oppcreate"/> -->
		<scheduler doc:name="Scheduler" doc:id="136a3fd4-7012-451d-bc70-473ded4f816b" >
			<scheduling-strategy >
				<fixed-frequency frequency="1" timeUnit="HOURS"/>
			</scheduling-strategy>
		</scheduler>
		<set-variable value="#[uuid()]" doc:name="UUID" doc:id="0604c2a4-b505-4875-897d-e5d6f15b2847" variableName="UUID"/>
		<os:retrieve doc:name="oppMainJobStatus" doc:id="fc7c8875-a53c-41bb-9300-aaaecf05e7d6" key="oppMainJobStatus" objectStore="Object_store" target="oppMainJobStatus">
			<os:default-value ><![CDATA[#['inactive']]]></os:default-value>
		</os:retrieve>
		<choice doc:name="Choice" doc:id="bda18476-af6d-403f-aced-7c255c177256" >
			<when expression='#[vars.oppMainJobStatus == "inactive"]'>
				<os:store doc:name="oppMainJobStatus" doc:id="04de80f5-43e3-4d18-9ed7-c24f955b71ec" key="oppMainJobStatus" objectStore="Object_store">
					<os:value ><![CDATA[#['active']]]></os:value>
				</os:store>
				<os:retrieve doc:name="RetrieveLastRunTime" doc:id="7458ae8d-057f-4a91-a9b7-41fd9872ded0" key="opportunityLastRunTime" objectStore="Object_store" target="opportunityLastRunTime">
			<os:default-value><![CDATA[#['2019-01-01T14:12:16Z']]]></os:default-value>
		</os:retrieve>
				<set-variable value="#[now() as DateTime as String {format: &quot;yyyy-MM-dd'T'HH:mm:ss'Z'&quot;}]" doc:name="SetCurrentDateTime" doc:id="a1776d7e-f27d-4077-8e6b-dc687d8ed50b" variableName="currentDateTime" />
				<logger level="INFO" doc:name="opportunityTimeStampInfoLog" doc:id="1229303d-7649-4909-b65c-a24226732a95" message="UUID:::#[vars.UUID]:::::opportunityCurrentDateTime::::#[vars.currentDateTime]  opportunityLastRunTime::::#[vars.opportunityLastRunTime]" />
				<!-- <ee:transform doc:name="prepareOpportunitiesPayloadForQuery" doc:id="8926eb96-d813-4f54-8a9d-007dca7e7651">
					<ee:message>
						<ee:set-payload><![CDATA[%dw 2.0
output application/json
-&#45;&#45;
{
"typeOfObject":"opportunity",
"lastRunDateTime":vars.opportunityLastRunTime,
"currentRunDateTime":vars.currentDateTime
}]]></ee:set-payload>
					</ee:message>
				</ee:transform> -->
				<ee:transform doc:name="prepareQuery" doc:id="ad7c7aa4-6c1b-4f34-a0e2-db376d2d8cbd">
					<ee:message />
					<ee:variables>
						<ee:set-variable variableName="query"><![CDATA[%dw 2.0
output application/json
---
'SELECT AccountGLID__c,AccountId,ActualFirstShipDate__c,ActualFullRampDate__c,Advocate__c,AgeAtCurrentStage__c,Amount,CloseDate,
ClosedReason__c,CurrencyIsoCode,EstimatedFirstShipDate__c,EstimatedFullRampDate__c,Id,Intercontinental__c,LeadSource,Name,
OpportunitySource__c,Probability,RiskOfLoss__c,ROIAnalysisCompleted__c,StageName,SupplyChainPosition__c,TotalOpportunityQuantity,Type,
WinBack__c FROM opportunity WHERE LastModifiedDate >= 
'++ vars.opportunityLastRunTime ++ 
' AND LastModifiedDate < ' 
++ vars.currentDateTime 
 ]]></ee:set-variable>
					</ee:variables>
				</ee:transform>
				<logger level="INFO" doc:name="infoLog" doc:id="8f0cb743-b74d-46c6-9bc0-0693aaf08aa0" message="UUID:::#[vars.UUID]:::::::salesforce query for opportunities ::: #[vars.query]" />
				<flow-ref doc:name="createQueryFlow" doc:id="c0ca21f1-3258-48ab-88e6-d7288d059d0b" name="createQueryFlow"/>
				<!-- <salesforce:create-query-job-bulk-api-v2 doc:name="Create query job bulk api v 2" doc:id="f3107892-5506-4923-9e46-74c63d4b9641" config-ref="Salesforce_QA3_Config" query="#[vars.query]" columnDelimiter="TAB"/> -->
				<logger level="INFO" doc:name="createQueryInfoLog" doc:id="2be0df07-f813-4028-8264-fbdfd9e951be" message="#[%dw 2.0
output application/json
---
payload]" />
				<os:store doc:name="storeOpportunityKey" doc:id="4e9b930b-4299-4c18-a4fd-ec080ab83064" key="opportunityKey" objectStore="Object_store">
			<os:value><![CDATA[#[%dw 2.0
output application/java
---
{
	batchJobId:payload.id,
	batchStatus:payload.state,
	objectName:'Opportunity',
	locator:'default'
}]]]></os:value>
		</os:store>
				<os:store doc:name="opportunityCurrentTimeStamp" doc:id="7eb06905-fa99-4df9-83ab-c90a4d50232f" key="opportunityCurrentTimeStamp" objectStore="Object_store">
			<os:value><![CDATA[#[vars.currentDateTime]]]></os:value>
		</os:store>
			</when>
			<otherwise >
				<logger level="INFO" doc:name="createQueryFlowInfoLog" doc:id="58400cdb-4d31-4d9d-b68b-45cd817ea246" message="UUID:::#[vars.UUID]:::::opportunity main job is active hence no batch is triggered" />
			</otherwise>
		</choice>
		<error-handler >
			<on-error-propagate enableNotifications="true" logException="true" doc:name="On Error Propagate" doc:id="98022de3-9e80-49de-a46d-dd7b5eeaddcf" >
				<os:store doc:name="oppMainJobStatus" doc:id="2fa557ba-241b-4d03-9bb4-a7e10ef08a27" key="oppMainJobStatus" objectStore="Object_store" >
					<os:value ><![CDATA[#['inactive']]]></os:value>
				</os:store>
			</on-error-propagate>
		</error-handler>
	</flow>
	<flow name="opportunitycontactUpdateJobStatusFlow" doc:id="c70a22cf-e59b-49c2-9df6-73c41d6278c1">
<!-- 		<http:listener doc:name="Listener" doc:id="79b65526-2d4b-4364-9eaf-f9d7a64da004" config-ref="HTTP_Listener_config" path="/oppupdate"/>
 -->		<scheduler doc:name="Scheduler" doc:id="cf6038d4-8004-4829-b099-c6f8f7a51a40" >
			<scheduling-strategy >
				<fixed-frequency frequency="3" timeUnit="MINUTES"/>
			</scheduling-strategy>
		</scheduler>
		<set-variable value="#[uuid()]" doc:name="UUID" doc:id="927ca69d-6fb6-4b48-b28b-88b49fa39897" variableName="UUID"/>
		<os:retrieve doc:name="retrieveOpportunityKey" doc:id="ea03f0f7-6c9b-46f9-bc2f-d22d53dec925" key="opportunityKey" objectStore="Object_store" target="opportunityKey" >
			<os:default-value ><![CDATA[#['default']]]></os:default-value>
		</os:retrieve>
		<choice doc:name="Choice" doc:id="195c7e15-accc-4726-b3e1-3ebeb5f94ace" >
			<when expression="#[vars.opportunityKey.batchStatus == 'UploadComplete']" >
				<flow-ref doc:name="QueryJobInfoFlow" doc:id="c2c32852-6e27-42f8-8b7c-7f3343f30010" name="QueryJobInfoFlow"/>
				<!-- <salesforce:get-query-job-info-bulk-api-v2 doc:name="Get query job info bulk api v 2" doc:id="4fbacb5f-028e-432a-9d8c-51c96c3aea26" config-ref="Salesforce_QA3_Config" id="#[vars.opportunityKey.batchJobId]" /> -->
				<logger level="INFO" doc:name="queryInfoJobUpdateInfoLog" doc:id="7bb1e492-544d-4bcd-a922-bee6b1e7f122" message="#[%dw 2.0
&#10;output application/json
&#10;---
&#10;payload]"/>
				<choice doc:name="Choice" doc:id="cda35a0e-0912-4fef-a46f-468559f3f13c" >
					<when expression="#[payload.state == 'JobComplete']" >
						<os:store doc:name="Store" doc:id="418a3c80-0104-4452-a916-e025c9b08666" key="opportunityKey" objectStore="Object_store" >
							<os:value ><![CDATA[#[%dw 2.0
output application/java
---
{
	batchJobId:payload.id,
	batchStatus:payload.state,
	objectName:'Opportunity',
	locator:'default'
}]]]></os:value>
						</os:store>
						<logger level="INFO" doc:name="jobCompleteUpdateInfoLog" doc:id="7b6f349e-241b-4b37-ba28-d238a796144e" message="UUID:::#[vars.UUID]::::::Opportunity Job Status 'JobComplete' Updated Successfully" />
					</when>
					<otherwise >
						<logger level="INFO" doc:name="jobCompleteUpdateInfoLog" doc:id="cb134ecf-1bd3-4f1f-9225-399f9a6164cf" message="UUID:::#[vars.UUID]:::::::opportunity Job Status Is Not Completed" />
					</otherwise>
				</choice>
			</when>
			<otherwise >
				<logger level="INFO" doc:name="QueryInfoJobUpdateInfoLog" doc:id="5d1a8acd-2150-47db-81c1-6aee4fd4fccb" message="UUID:::#[vars.UUID]:::::opportunity main flow not yet triggered"/>
			</otherwise>
		</choice>
		<error-handler >
			<on-error-propagate enableNotifications="true" logException="true" doc:name="On Error Propagate" doc:id="24e476a4-97f4-45fa-9442-ecb2bea478b1" >
				<os:store doc:name="oppMainJobStatus" doc:id="a66751ac-4a14-4ac1-9da7-cf67917f5a85" key="oppMainJobStatus" objectStore="Object_store" >
					<os:value ><![CDATA[#['inactive']]]></os:value>
				</os:store>
			</on-error-propagate>
		</error-handler>
	</flow>
	<flow name="opportunityRetrieve" doc:id="60f5543a-a314-438c-8024-545d6dde0e2f">
		<scheduler doc:name="Scheduler" doc:id="ccb3d2f1-0269-4703-a758-5cc17bd34a24" >
			<scheduling-strategy >
				<fixed-frequency frequency="5" timeUnit="MINUTES" />
			</scheduling-strategy>
		</scheduler>
		<set-variable value="#[uuid()]" doc:name="UUID" doc:id="e0234ee0-8ab0-47b7-a2ad-265c9f048e41" variableName="UUID"/>
		<os:retrieve doc:name="oppMainJobStatus" doc:id="1d33bac0-ed41-499e-80fb-7d74a6ff47b0" key="oppMainJobStatus" objectStore="Object_store" target="oppMainJobStatus" >
			<os:default-value ><![CDATA[#['inactive']]]></os:default-value>
		</os:retrieve>
		<choice doc:name="Choice" doc:id="9e6c5b09-0d5f-4db1-9d31-9ea816019b75" >
			<when expression='#[vars.oppMainJobStatus != "inactive"]'>
				<flow-ref doc:name="pingOperation" doc:id="afe16f13-84ec-49d0-873d-3f87c4f69e4c" name="pingOperation"/>
				<choice doc:name="Choice" doc:id="ff843ca4-21d8-4e7d-b233-005e41262d6b">
					<when expression='#[vars.pingOperation.status == "success"]'>
						<flow-ref doc:name="opportunityRetrieveRecordsFromQueryJobFlow" doc:id="05599f3a-3647-4929-ae15-bf5ff31cfe2d" name="opportunityRetrieveRecordsFromQueryJobFlow" />
					</when>
					<otherwise >
						<logger level="INFO" doc:name="bwConnectionInfoLog" doc:id="fb94bc04-8368-41ba-856e-00dc443f5ee0" message="UUID:::#[vars.UUID]:::BW connection Failed"/>
					</otherwise>
				</choice>
			</when>
			<otherwise >
				<logger level="INFO" doc:name="retriveFlowInfoLog" doc:id="bc676f36-f529-4b14-a741-3e1cb6fbf46d" message="UUID:::#[vars.UUID]:::::opportunity main job is inActive"/>
			</otherwise>
		</choice>
		
	</flow>
	<flow name="opportunityRetrieveRecordsFromQueryJobFlow" doc:id="45b1c511-5bbe-45fa-a2cf-3e6668daf931">
		<logger level="INFO" doc:name="opportunityRetriveFlowInfoLog" doc:id="5d52caa7-8f4e-4a33-9a59-7358d43c14da" message="UUID:::#[vars.UUID]:::::::Retrieve opportunity Records Flow Started" />
		<os:retrieve doc:name="retrieveOpportunityKey" doc:id="a8ade4ee-21b7-4c75-b2b9-4694c0534ac3" key="opportunityKey" objectStore="Object_store" target="opportunityKey" >
			<os:default-value ><![CDATA[#['default']]]></os:default-value>
		</os:retrieve>
		<logger level="INFO" doc:name="OpportunityKeyInfoLog" doc:id="f8d21095-58ec-44ed-a3d0-cc460de7e929" message="UUID:::#[vars.UUID]:::::opportunityKey::: #[vars.opportunityKey]"/>
		<choice doc:name="Choice" doc:id="3321fd5d-b957-4f7f-a7c9-e5a5788dac5f" >
			<when expression="#[vars.opportunityKey != 'default' and vars.opportunityKey.batchStatus == 'JobComplete']" >
				<flow-ref doc:name="sfLoginRequestToGetSessionId-Flow" doc:id="63e453bf-6aec-4f28-ab15-ee2fa6767556" name="sfLoginRequestToGetSessionId-Flow"/>
<!-- 				<flow-ref doc:name="sfLoginRequestToGetSessionId-Flow" doc:id="fa9a6191-9dd4-4c5c-bf51-eb565e46c9db" name="sfLoginRequestToGetSessionId-Flow" />
 -->				<ee:transform doc:name="opportunityKeyInfoLog" doc:id="d892da0c-8299-4176-9aa8-7832dabfb601" >
					<ee:message />
					<ee:variables >
						<ee:set-variable resource="dwl/opportunityInfo.dwl" variableName="getBulkApiDataVariables" />
					</ee:variables>
				</ee:transform>
				<choice doc:name="Choice" doc:id="fbe300f2-20c3-4882-8883-ffdfa95a3791" >
					<when expression="#[vars.opportunityKey.locator == 'default']" >
						
						<flow-ref doc:name="opportunitySalesforceGetQueryFlow" doc:id="9da6fec1-eafb-412d-a364-30b183fe5ee9" name="sfGetBulkApi" />
						<choice doc:name="Choice" doc:id="232354c0-3ec0-41df-8ed4-2a9dc9ce4be1" >
							<when expression="#[payload != []]" >
								<logger level="INFO" doc:name="salesforceResponseInfoLog" doc:id="6c40a818-a10f-4b54-a7c9-c9b1b8f9e859" message="UUID:::#[vars.UUID]::::: Opportunity Salesforce Response::#[payload.Id]" />
								<logger level="DEBUG" doc:name="salesforceResponseDebugLog" doc:id="657fc03e-e85a-4305-a673-07d20e24c2f3" message="UUID::#[vars.UUID]:::uniqueId::#[payload.Id]:::Response From Salesforce::#[payload]" category="com.aperture.mule4.opportunityRetrieveRecordsFromQueryJobFlow"/>
								<flow-ref doc:name="opportunityBwRequestFlow" doc:id="eca491b4-2894-479e-9dbd-21c0deecb2df" name="opportunityBwRequestFlow" />
								<!-- <flow-ref doc:name="bwRequestSubFlow" doc:id="4c3bc0b5-1bf5-4892-a516-e93036967dc1" name="bwRequestSubFlow" /> -->
							</when>
							<otherwise >
								<logger level="INFO" doc:name="salesforceResponseInfoLog" doc:id="995a0f74-a5bb-4915-9b11-3b8e8023bafc" message="UUID:::#[vars.UUID]::::: No Records Found in Opportunity SalesForce " />
								<os:store doc:name="storeOpportunityKey" doc:id="f7c5af41-fc24-475a-85b0-93d6dfb3c235" key="opportunityKey" objectStore="Object_store" >
									<os:value ><![CDATA[#[%dw 2.0
output application/java
---
{
	batchJobId:vars.opportunityKey.batchJobId,
	batchStatus:vars.opportunityKey.batchStatus,
	objectName:'Opportunity',
	locator: vars.sfLocator
}]]]></os:value>
								</os:store>
							</otherwise>
						</choice>
					</when>
					<when expression="#[vars.opportunityKey.locator == 'null']" >
						<logger level="INFO" doc:name="locatorInfoLog" doc:id="85fb72bb-44a1-49fa-9c1d-3012c67b71db" message="UUID::#[vars.uuid]::Locator Value is Null..Means All Records Processed for opportunity Job" />
						<os:retrieve doc:name="opportunityCurrentTimeStamp" doc:id="aa542f35-786b-46ee-a4c9-f0a6b0ca131c" key="opportunityCurrentTimeStamp" objectStore="Object_store" target="opportunityCurrentTimeStamp" >
							<os:default-value ><![CDATA[#['2019-01-01T14:12:16Z']]]></os:default-value>
						</os:retrieve>
						<os:store doc:name="opportunityLastRunTime" doc:id="e4301ded-0045-43e5-9ccb-cda3987b9972" key="opportunityLastRunTime" objectStore="Object_store">
							<os:value ><![CDATA[#[vars.opportunityCurrentTimeStamp]]]></os:value>
						</os:store>
						<os:store doc:name="oppMainJobStatus" doc:id="a81c8f48-1538-424b-bfce-f321be9cdaac" key="oppMainJobStatus" objectStore="Object_store" >
							<os:value ><![CDATA[#['inactive']]]></os:value>
						</os:store>
						<os:store doc:name="storeOpportunityKey" doc:id="b5bb219d-1690-4a56-a0e1-a4c65c8d1b4c" key="opportunityKey" objectStore="Object_store" >
							<os:value ><![CDATA[#[%dw 2.0
output application/java
---
{
	batchJobId:vars.opportunityKey.batchJobId,
	batchStatus:'processCompleted',
	objectName:'Opportunity',
	locator: vars.opportunityKey.locator
}]]]></os:value>
						</os:store>
						<logger level="INFO" doc:name="infoLog" doc:id="6d854ea3-4a0d-4a0b-9fe1-6d32b3c74b6e" message="UUID::#[vars.UUID]:: all records processed and object store is updated to process complete for opportunities object" />
					</when>
					<when expression="#[vars.opportunityKey.locator != 'null' and vars.opportunityKey.locator != 'default']" >
						
						<flow-ref doc:name="opportunitySalesforceGetQueryFlow" doc:id="7b8cf12b-f4c6-4ea4-916a-ac9af5890fee" name="sfGetBulkApi" />
						<choice doc:name="Choice" doc:id="800863c5-4e8d-470e-8a04-4324afdb2240" >
							<when expression="#[payload != []]">
								<logger level="INFO" doc:name="salesforceResponseInfoLog" doc:id="0264febc-1eb8-467f-847d-959cc5f8e993" message="UUID:::#[vars.UUID]::::: Opportunity Salesforce Response::#[payload.Id]"/>
								<logger level="DEBUG" doc:name="salesforceResponseDebugLog" doc:id="9caaf1f8-8b73-4e5e-89c8-d61b7dd9c925" message="UUID:::#[vars.UUID]::uniqueId:::#[payload.Id]::Response From Salesforce:::#[payload]" category="com.aperture.mule4.opportunityRetrieveRecordsFromQueryJobFlow"/>
								<flow-ref doc:name="opportunityBwRequestFlow" doc:id="3522a3bb-4d65-46e2-9cfb-61ba549582ce" name="opportunityBwRequestFlow"/>
							</when>
							<otherwise >
								<logger level="INFO" doc:name="salesforceResponseInfoLog" doc:id="ba965994-e8f2-41b6-bd02-232e41c2a053" message="UUID:::#[vars.UUID]::::: No Records Found in Opportunity SalesForce " />
								<os:store doc:name="storeOpportunityKey" doc:id="eb087c59-1b26-4258-a207-668958a5acd8" key="opportunityKey" objectStore="Object_store" >
									<os:value ><![CDATA[#[%dw 2.0
output application/java
---
{
	batchJobId:vars.opportunityKey.batchJobId,
	batchStatus:vars.opportunityKey.batchStatus,
	objectName:'Opportunity',
	locator: vars.sfLocator
}]]]></os:value>
								</os:store>
							</otherwise>
						</choice>
					</when>
					<otherwise >
						<logger level="INFO" doc:name="Logger" doc:id="46c0c337-54ee-402a-8b1f-c2e107087437" message="retrieve flow execution not satisfied any condition for opportunities"/>
					</otherwise>
				</choice>
			</when>
			<otherwise >
				<logger level="INFO" doc:name="opportunityRetriveFlowInfoLog" doc:id="c6e6469c-76ba-4c4e-b96c-249a97063a6a" message="UUID:::#[vars.UUID]:::::The opportunity Key is Either Null or JobStatus is Not Complete" />
			</otherwise>
		</choice>
	</flow>
	
	<flow name="opportunityBwRequestFlow" doc:id="11578592-9717-4ac6-8fd5-e9dc2fd551c2" >
		<ee:transform doc:name="opportunitySfBwMapping" doc:id="c7add3bf-b890-430e-9dc5-fefb6356bc40" >
			<ee:message >
				<ee:set-payload resource="dwl/opportunityBwRequest.dwl" />
			</ee:message>
			<ee:variables >
				<ee:set-variable variableName="transactional" ><![CDATA[%dw 2.0
output application/json
---
payload]]></ee:set-variable>
				<ee:set-variable variableName="sfId" ><![CDATA[%dw 2.0
output application/json
---
payload..Id]]></ee:set-variable>
			</ee:variables>
		</ee:transform>
		<logger level="DEBUG" doc:name="opportunityBwRequestDebugLog" doc:id="e4727fcb-ca88-46bc-a230-18dd11034520" message="UUID:::#[vars.UUID]::uniqueId::#[payload..zOpprid]:::opportunityBwRequest:::::#[payload]" category="com.aperture.mule4.opportunityBwRequestFlow"/>
		<http:request method="POST" doc:name="opportunitiesBwRequest" doc:id="d49ff60b-0011-440c-b6df-85e4e4ec66b8" config-ref="HTTP_BW_SYS_Request_configuration" path="${secure::bw.api.https.opportunity.path}" >
			<http:headers ><![CDATA[#[output application/java
---
{
	"client_secret" : p('secure::bw.client_secret'),
	"client_id" : p('secure::bw.client_id')
}]]]></http:headers>
		</http:request>
		<logger level="INFO" doc:name="opportunityBwResponseInfoLog" doc:id="f99f7034-e8da-49a4-b8b1-6e1c6a3d0fb6" message="UUID:::#[vars.UUID]::::: Bw Response Of Opportuntiy Recieved ::: #[payload..zOpprid]" />
		<logger level="DEBUG" doc:name="opportunityBwResponseDebugLog" doc:id="6c334670-e3f9-4737-913c-96e8421f65fd" message="UUID:::#[vars.UUID]::uniqueId:::#[payload..zOpprid]::Opportunity Bw Response ::::#[payload]" category="com.aperture.mule4.opportunityBwRequestFlow"/>
		<os:store doc:name="storeOpportunityKey" doc:id="1094ef5a-2d71-4fc4-b4ca-c0e3678dc7eb" key="opportunityKey" objectStore="Object_store">
			<os:value><![CDATA[#[%dw 2.0
output application/java
---
{
	batchJobId:vars.opportunityKey.batchJobId,
	batchStatus:vars.opportunityKey.batchStatus,
	objectName:'Opportunity',
	locator: vars.sfLocator
}]]]></os:value>
		</os:store>

		<!-- <flow-ref doc:name="successDbTransactionFlow" doc:id="f8ab4f26-7e1b-43aa-bd54-783570c4a695" name="successDbTransactionFlow" /> -->
			<error-handler ref="globalErrorError_Handler" />
	</flow>
</mule>
