<?xml version="1.0" encoding="UTF-8"?>

<mule xmlns:email="http://www.mulesoft.org/schema/mule/email"
	xmlns:http="http://www.mulesoft.org/schema/mule/http" xmlns:salesforce="http://www.mulesoft.org/schema/mule/salesforce"
	xmlns:ee="http://www.mulesoft.org/schema/mule/ee/core"
	xmlns:os="http://www.mulesoft.org/schema/mule/os" xmlns="http://www.mulesoft.org/schema/mule/core" xmlns:doc="http://www.mulesoft.org/schema/mule/documentation" xmlns:xsi="http://www.w3.org/2001/XMLSchema-instance" xsi:schemaLocation="
http://www.mulesoft.org/schema/mule/email http://www.mulesoft.org/schema/mule/email/current/mule-email.xsd http://www.mulesoft.org/schema/mule/core http://www.mulesoft.org/schema/mule/core/current/mule.xsd
http://www.mulesoft.org/schema/mule/os http://www.mulesoft.org/schema/mule/os/current/mule-os.xsd
http://www.mulesoft.org/schema/mule/ee/core http://www.mulesoft.org/schema/mule/ee/core/current/mule-ee.xsd
http://www.mulesoft.org/schema/mule/salesforce http://www.mulesoft.org/schema/mule/salesforce/current/mule-salesforce.xsd
http://www.mulesoft.org/schema/mule/http http://www.mulesoft.org/schema/mule/http/current/mule-http.xsd">
	<flow name="taskCreateQueryJobFlow" doc:id="faf58e74-637b-46a1-8e03-6a8a350d908c">
		<scheduler doc:name="Scheduler" doc:id="ee6a634b-d5dd-4b85-92aa-c958ac2b1439" >
			<scheduling-strategy >
				<fixed-frequency frequency="1" timeUnit="HOURS"/>
			</scheduling-strategy>
		</scheduler>
		<set-variable value="#[uuid()]" doc:name="UUID" doc:id="4382f209-bf4c-40f4-a01b-5868fe55f238" variableName="UUID"/>
		<os:retrieve doc:name="taskMainJobStatus" doc:id="f827f42e-0021-4a78-bd29-b76c309a3352" key="taskMainJobStatus" target="taskMainJobStatus" objectStore="Object_store">
			<os:default-value ><![CDATA[#['inactive']]]></os:default-value>
		</os:retrieve>
		<choice doc:name="Choice" doc:id="0d280705-7e9b-411f-845b-6563eccd93ab" >
			<when expression='#[vars.taskMainJobStatus == "inactive"]'>
				<os:store doc:name="taskMainJobStatus" doc:id="9b6e384b-f089-4862-854b-d32e13bb3d00" key="taskMainJobStatus" objectStore="Object_store">
					<os:value ><![CDATA[#['active']]]></os:value>
				</os:store>
				<os:retrieve doc:name="RetrieveLastRunTime" doc:id="82c0d4c8-c772-4cca-9b94-8d10bde7845b" key="taskLastRunTime" objectStore="Object_store" target="taskLastRunTime">
			<os:default-value><![CDATA[#['2019-01-01T14:12:16Z']]]></os:default-value>
		</os:retrieve>
				<set-variable value="#[now() as DateTime as String {format: &quot;yyyy-MM-dd'T'HH:mm:ss'Z'&quot;}]" doc:name="SetCurrentDateTime" doc:id="915e03e0-3f4f-4cad-aa9c-791ebf68540c" variableName="currentDateTime" />
				<logger level="INFO" doc:name="taskTimeStampInfoLog" doc:id="cfafd17e-5327-4304-9fd2-a4eae94da0d6" message="UUID:::#[vars.UUID]:::::taskCurrentDateTime:::#[vars.currentDateTime]......taskLastRunTime#[vars.taskLastRunTime]" />
				
				<!-- <ee:transform doc:name="prepareTaskPayloadForQuery" doc:id="7bed83f4-62d7-444f-ad2a-a606c0019bb9">
					<ee:message>
						<ee:set-payload><![CDATA[%dw 2.0
output application/json
-&#45;&#45;
{
"typeOfObject":"task",
"lastRunDateTime":vars.taskLastRunTime,
"currentRunDateTime":vars.currentDateTime
}]]></ee:set-payload>
					</ee:message>
				</ee:transform> -->
				<ee:transform doc:name="prepareQuery" doc:id="2285d3ac-4f9d-495a-9d40-8daa487558b9">
					<ee:message />
					<ee:variables>
						<ee:set-variable variableName="query"><![CDATA[%dw 2.0
output application/json
---
'SELECT ActivityDate,DateCompleted__c,Id,OwnerId,Reason__c,SourceSystem__c,Status,Subject,Topic__c,Type,WhatId,WhoId,WhoInitiated__c,CreatedDate,Priority FROM task WHERE LastModifiedDate >= '
 ++ vars.taskLastRunTime 
 ++ ' AND LastModifiedDate < ' 
 ++ vars.currentDateTime ]]></ee:set-variable>
					</ee:variables>
				</ee:transform>
				<logger level="INFO" doc:name="infoLog" doc:id="2acd01bf-9e52-41b4-9bc7-d56ddae5a10e" message="UUID:::#[vars.UUID]:::::::salesforce query for task ::: #[vars.query]" />
				<flow-ref doc:name="createQueryFlow" doc:id="fd66b247-174e-40d5-a4b8-eeaeabacdcbd" name="createQueryFlow"/>
				<!-- <salesforce:create-query-job-bulk-api-v2 doc:name="Create query job bulk api v 2" doc:id="3f18c69d-f94b-4146-b13b-785f49b09b7c" config-ref="Salesforce_QA3_Config" query="#[vars.query]" columnDelimiter="TAB"/> -->
				<logger level="INFO" doc:name="queryJobInfoLog" doc:id="b1a77cec-801c-4b3f-afcb-0580367aac78" message="#[%dw 2.0&#10;output application/json&#10;---&#10;payload]" />
				<os:store doc:name="storeTaskKey" doc:id="db4b37c5-f272-485a-985c-fdb26334dbc3" key="taskKey" objectStore="Object_store">
			<os:value><![CDATA[#[%dw 2.0
output application/java
---
{
	batchJobId:payload.id,
	batchStatus:payload.state,
	objectName:'Task',
	locator:'default'
}]]]></os:value>
		</os:store>
				<os:store doc:name="taskCurrentTimeStamp" doc:id="ff493614-42c2-4fd5-83d0-19c83eef814a" key="taskCurrentTimeStamp" objectStore="Object_store">
			<os:value><![CDATA[#[vars.currentDateTime]]]></os:value>
		</os:store>
			</when>
			<otherwise >
				<logger level="INFO" doc:name="taskJobStatusInfoLog" doc:id="d848c143-ff21-4a1d-842f-d257b31cc381" message="UUID:::#[vars.UUID]:::::task main job is active hence no batch is triggered"/>
			</otherwise>
		</choice>
		<error-handler >
			<on-error-propagate enableNotifications="true" logException="true" doc:name="On Error Propagate" doc:id="701de250-51f7-49a9-96bb-c0e56c92d979" >
				<os:store doc:name="taskMainJobStatus" doc:id="8586a6f2-0e85-4416-a490-911b8f223947" key="taskMainJobStatus" objectStore="Object_store" >
					<os:value ><![CDATA[#['inactive']]]></os:value>
				</os:store>
			</on-error-propagate>
		</error-handler>
	</flow>
	<flow name="taskcontactUpdateJobStatusFlow" doc:id="ba871531-3b0e-45dd-bac0-d034f25e8a28">
		<scheduler doc:name="Scheduler" doc:id="058dc803-2e9b-459e-b0ab-148a817e2150" >
			<scheduling-strategy >
				<fixed-frequency frequency="3" timeUnit="MINUTES"/>
			</scheduling-strategy>
		</scheduler>
		<set-variable value="#[uuid()]" doc:name="UUID" doc:id="0017a8eb-1cc6-4ff1-b915-157eea3a3221" variableName="UUID"/>
		<os:retrieve doc:name="retrieveTaskKey" doc:id="e00e58d2-9d74-491a-877e-f87a60da6e5a" key="taskKey" objectStore="Object_store" target="taskKey" >
			<os:default-value ><![CDATA[#['default']]]></os:default-value>
		</os:retrieve>
		<choice doc:name="Choice" doc:id="3782b6ee-6dec-4bbe-9bc6-a3ebde735f99" >
			<when expression="#[vars.taskKey.batchStatus == 'UploadComplete']" >
				<flow-ref doc:name="QueryJobInfoFlow" doc:id="25e825f3-94af-4258-a7c9-9374eedc751d" name="QueryJobInfoFlow"/>
				<!-- <salesforce:get-query-job-info-bulk-api-v2 doc:name="Get query job info bulk api v 2" doc:id="98f58416-954f-416a-9cf5-44d9d8e4e899" config-ref="Salesforce_QA3_Config" id="#[vars.taskKey.batchJobId]" /> -->
				<logger level="INFO" doc:name="jobStatusUpdateInfoLog" doc:id="4a1d370a-fb35-4053-97d1-92fffd203934" message="#[%dw 2.0&#10;output application/json&#10;---&#10;payload]" />
				<choice doc:name="Choice" doc:id="62e3b7dd-26ee-40a9-8b7d-85fbff193de0" >
					<when expression="#[payload.state == 'JobComplete']" >
						<os:store doc:name="storeTaskKey" doc:id="6b8a3bd8-55fd-4f6a-b414-a10f911afe00" key="taskKey" objectStore="Object_store" >
							<os:value ><![CDATA[#[%dw 2.0
output application/java
---
{
	batchJobId:payload.id,
	batchStatus:payload.state,
	objectName:'Task',
	locator:'default'
}]]]></os:value>
						</os:store>
						<logger level="INFO" doc:name="jobStatusUpdateInfoLog" doc:id="9f2d5eab-5515-4198-a7d4-16db28cca2bc" message="UUID:::#[vars.UUID]::::::Task Job Status 'JobComplete' Updated Successfully" />
					</when>
					<otherwise >
						<logger level="INFO" doc:name="jobStatusUpdateInfoLog" doc:id="1b2228c9-2aee-46e2-b578-b0a66a93e5b8" message="UUID:::#[vars.UUID]:::::::Task Job Status Is Not Completed" />
					</otherwise>
				</choice>
			</when>
			<otherwise >
				<logger level="INFO" doc:name="updateJobStausFlowInfoLog" doc:id="ed06d95c-9fae-4c60-9088-5ff767da3992" message="UUID:::#[vars.UUID]:::::task main flow not yet triggered"/>
			</otherwise>
		</choice>
		<error-handler >
			<on-error-propagate enableNotifications="true" logException="true" doc:name="On Error Propagate" doc:id="3d8d71ba-b06b-4453-a6fb-4280fcda5d53" >
				<os:store doc:name="taskMainJobStatus" doc:id="57a99b69-9185-4139-b2ff-b5b85271e795" key="taskMainJobStatus" objectStore="Object_store" >
					<os:value ><![CDATA[#['inactive']]]></os:value>
				</os:store>
			</on-error-propagate>
		</error-handler>
	</flow>
	<flow name="taskRetrieve" doc:id="9bd7e1f8-9ec1-42cc-b0fa-1133e0f3f8a3">
		<scheduler doc:name="Scheduler" doc:id="f1ae3c18-b17f-4f39-97d9-8c3c2e3cf7a1" >
			<scheduling-strategy >
				<fixed-frequency frequency="5" timeUnit="MINUTES"/>
			</scheduling-strategy>
		</scheduler>
		<set-variable value="#[uuid()]" doc:name="UUID" doc:id="34f8a673-61ae-46a5-9625-495dffc1d3eb" variableName="UUID"/>
		<os:retrieve doc:name="taskMainJobStatus" doc:id="9699b1b9-9cdd-4107-9e84-114f496d9f67" key="taskMainJobStatus" target="taskMainJobStatus" objectStore="Object_store">
			<os:default-value ><![CDATA[#['inactive']]]></os:default-value>
		</os:retrieve>
		<choice doc:name="Choice" doc:id="93bc196e-eecf-4756-ac46-112ff64f19b0" >
			<when expression='#[vars.taskMainJobStatus != "inactive"]'>
				<flow-ref doc:name="pingOperation" doc:id="a2f5d3cb-2945-4578-9b29-e5fb2f8768f2" name="pingOperation"/>
				<choice doc:name="Choice" doc:id="9f3aecd3-a1d3-4185-a19c-ddf1ccf6fbc2" >
					<when expression='#[vars.pingOperation.status == "success"]'>
						<flow-ref doc:name="taskRetrieveRecordsFromQueryJobFlow" doc:id="29fb9ffa-60ca-47f7-862a-ab18c2d0d692" name="taskRetrieveRecordsFromQueryJobFlow" />
					</when>
					<otherwise >
						<logger level="INFO" doc:name="bwConnectionInfoLog" doc:id="9ad02d50-90b1-4ceb-b54c-9663fda3fac9" message="UUID:::#[vars.UUID]:::BW Connection Failed"/>
					</otherwise>
				</choice>
			</when>
			<otherwise >
				<logger level="INFO" doc:name="taskRetriveInfoLog" doc:id="ca97152f-306c-42cf-8a5b-0c363f1cbab0" message="UUID:::#[vars.UUID]:::::taskMainJobStatus is inActive"/>
			</otherwise>
		</choice>
		
	</flow>
	<flow name="taskRetrieveRecordsFromQueryJobFlow" doc:id="689b2ce1-cd98-45a3-accc-47ff96a00396" initialState="started">
		
		<logger level="INFO" doc:name="taskRetriveFlowInfoLog" doc:id="8e23781f-7581-45f4-92c3-23b9ab764f39" message="UUID:::#[vars.UUID]:::::::Retrieve Task Records Flow Started" />
		<os:retrieve doc:name="retrieveTaskKey" doc:id="233cbc42-b1d1-4307-a670-d53276a51a52" key="taskKey" objectStore="Object_store" target="taskKey" >
			<os:default-value ><![CDATA[#['default']]]></os:default-value>
		</os:retrieve>
		<logger level="INFO" doc:name="taskKeyInfoLog" doc:id="39e46559-7d71-4265-b437-1d815239fd80" message="UUID:::#[vars.UUID]:::::TaskKey :::: #[vars.taskKey]"/>
		<choice doc:name="Choice" doc:id="1cc9ba37-f1ef-4eb2-a478-a2467e43010d" >
			<when expression="#[vars.taskKey != 'default' and vars.taskKey.batchStatus == 'JobComplete']" >
				<!-- <flow-ref doc:name="sfLoginRequestToGetSessionId-Flow" doc:id="ab96235e-bb7c-4e6d-89a8-76dc512c5e3f" name="sfLoginRequestToGetSessionId-Flow"/> -->
				<flow-ref doc:name="sfLoginRequestToGetSessionId-Flow" doc:id="eca4ebef-7c6b-4634-a4a5-93f94310ddef" name="sfLoginRequestToGetSessionId-Flow" />
				<ee:transform doc:name="taskKeyInfoLog" doc:id="d3c8ee03-d5fd-4115-9d14-e9b272d63830" >
					<ee:message />
					<ee:variables >
						<ee:set-variable resource="dwl/taskInfo.dwl" variableName="getBulkApiDataVariables" />
					</ee:variables>
				</ee:transform>
				<choice doc:name="Choice" doc:id="28454fea-04af-4209-b237-92f9c519d759" >
					<when expression="#[vars.taskKey.locator == 'default']" >
						
						<flow-ref doc:name="TaskSalesforceGetQueryFlow" doc:id="60092141-7f79-4fd3-b518-e76256ad0585" name="sfGetBulkApi" />
						<choice doc:name="Choice" doc:id="f4e280ef-3970-417e-baf9-f8192ae0457a" >
							<when expression="#[payload != []]" >
								<logger level="INFO" doc:name="salesforceResponseInfoLog" doc:id="e22a91aa-3d46-45a5-afbb-cdfd93ac1d47" message="UUID:::#[vars.UUID]:::::: Task Salesforce Response Recieved::#[payload.Id]" />
								<logger level="DEBUG" doc:name="salesforceResponseDebugLog" doc:id="7ad4a5bd-f422-4540-94d7-de61597dcde6" message="UUID::#[vars.UUID]::::uniqueId::#[payload.Id]::Salesforce Response:::#[payload]" category="com.aperture.mule4.taskRetrieveRecordsFromQueryJobFlow"/>
								<flow-ref doc:name="taskBwRequestFlow" doc:id="baa2b840-bdec-407c-8404-dca0785f7c23" name="taskBwRequestFlow"/>
								<!-- <flow-ref doc:name="bwRequestSubFlow" doc:id="433808b0-134a-44ff-8cec-f43cd43bd26b" name="bwRequestSubFlow" /> -->
							</when>
							<otherwise >
								<logger level="INFO" doc:name="salesforceResponseInfoLog" doc:id="a25e0a3e-e91b-4987-a898-42a27c28ae1d" message="UUID:::#[vars.UUID]::::: No Records Found in Task SalesForce " />
								<os:store doc:name="storeTaskKey" doc:id="4663bff1-37c3-4e47-8446-ded72fa66791" key="taskKey" objectStore="Object_store" >
									<os:value ><![CDATA[#[%dw 2.0
output application/java
---
{
	batchJobId:vars.taskKey.batchJobId,
	batchStatus:vars.taskKey.batchStatus,
	objectName:'Task',
	locator: vars.sfLocator
}]]]></os:value>
								</os:store>
							</otherwise>
						</choice>
					</when>
					<when expression="#[vars.taskKey.locator == 'null']" >
						<logger level="INFO" doc:name="locatorInfoLog" doc:id="a08114e8-d840-410e-ae18-aaad2a790463" message="UUID::#[vars.uuid]::Locator Value is Null..Means All Records Processed for task Job" />
						<os:retrieve doc:name="taskCurrentTimeStamp" doc:id="f86fdc9a-12ab-4b23-9206-a09b4c8ebf8d" key="taskCurrentTimeStamp" objectStore="Object_store" target="taskCurrentTimeStamp" >
							<os:default-value ><![CDATA[#['2019-01-01T14:12:16Z']]]></os:default-value>
						</os:retrieve>
						<os:store doc:name="taskLastRunTime" doc:id="f415e8af-8931-4645-a3d5-e48e66f058f2" key="taskLastRunTime" objectStore="Object_store">
							<os:value ><![CDATA[#[vars.taskCurrentTimeStamp]]]></os:value>
						</os:store>
						<os:store doc:name="taskMainJobStatus" doc:id="f0ddc71b-fbad-465a-9eb6-53b1e2d60e44" key="taskMainJobStatus" objectStore="Object_store" >
							<os:value ><![CDATA[#['inactive']]]></os:value>
						</os:store>
						<os:store doc:name="storeTaskKey" doc:id="41ca09b3-84be-4386-be5b-c3be7eaa12c7" key="taskKey" objectStore="Object_store" >
							<os:value ><![CDATA[#[%dw 2.0
output application/java
---
{
	batchJobId:vars.taskKey.batchJobId,
	batchStatus:'processCompleted',
	objectName:'Task',
	locator: vars.taskKey.locator
}]]]></os:value>
						</os:store>
						<logger level="INFO" doc:name="infoLog" doc:id="7e68f64b-f466-4f3f-8e34-50b34ddf1116" message="UUID::#[vars.UUID]:: all records processed and object store is updated to process complete for task object" />
					</when>
					<when expression="#[vars.taskKey.locator != 'null' and vars.taskKey.locator != 'default']" >
						
						<flow-ref doc:name="TaskSalesforceGetQueryFlow" doc:id="2774818a-fb81-4964-b852-ef3d7e5e27d7" name="sfGetBulkApi" />
						<choice doc:name="Choice" doc:id="be6aa8cc-0479-4881-a724-a65246512608" >
							<when expression="#[payload != []]" >
								<logger level="INFO" doc:name="salesforceResponseInfoLog" doc:id="ede77737-7249-46e8-9e80-2f029f23d813" message="UUID:::#[vars.UUID]:::::: Task Salesforce Response Recieved::#[payload.Id]" />
								<logger level="DEBUG" doc:name="salesforceResponseDebugLog" doc:id="259d0f52-7c0d-4656-b77a-caaacd60185a" message="UUID::#[vars.UUID]:::uniqueId::#[payload.Id]::Salesforce Response::#[payload]" category="com.aperture.mule4.taskRetrieveRecordsFromQueryJobFlow"/>
								<flow-ref doc:name="taskBwRequestFlow" doc:id="8e6fefeb-d0cd-46b9-96eb-99a3c7904009" name="taskBwRequestFlow"/>
								<!-- <flow-ref doc:name="bwRequestSubFlow" doc:id="65785b3b-e087-46cc-90b3-eddd97945425" name="bwRequestSubFlow" /> -->
							</when>
							<otherwise >
								<logger level="INFO" doc:name="salesforceResponseInfoLog" doc:id="46ce82ec-8e8f-4323-af0b-6541c57622f1" message="UUID:::#[vars.UUID]:::::No Records Found in Task SalesForce " />
								<os:store doc:name="storeTaskKey" doc:id="422ba36d-5115-4093-9962-41d2870846f0" key="taskKey" objectStore="Object_store" >
									<os:value ><![CDATA[#[%dw 2.0
output application/java
---
{
	batchJobId:vars.taskKey.batchJobId,
	batchStatus:vars.taskKey.batchStatus,
	objectName:'Task',
	locator: vars.sfLocator
}]]]></os:value>
								</os:store>
							</otherwise>
						</choice>
					</when>
					<otherwise >
						<logger level="INFO" doc:name="Logger" doc:id="d7e8b22e-2acb-417c-9253-9e6c69343718" message="retrieve flow execution not satisfied any condition for task"/>
					</otherwise>
				</choice>
			</when>
			<otherwise >
				<logger level="INFO" doc:name="logInfo" doc:id="a6dbe637-3daa-48e0-a922-1792c433315f" message="UUID:::#[vars.UUID]:::::The Task Key is Either Null or JobStatus is Not Complete" />
			</otherwise>
		</choice>
	</flow>
		
	<flow name="taskBwRequestFlow" doc:id="1cf4f104-ad75-48aa-b555-403078312ea9" >
		<ee:transform doc:name="EventsSfBwMapping" doc:id="c0a6f92e-99a9-499f-91f1-06be76a30ce6" >
			<ee:message >
				<ee:set-payload resource="dwl/taskBwRequest.dwl" />
			</ee:message>
			<ee:variables >
				<ee:set-variable variableName="transactional" ><![CDATA[%dw 2.0
output application/json
---
payload]]></ee:set-variable>
				<ee:set-variable variableName="sfId" ><![CDATA[%dw 2.0
output application/json
---
payload..Id]]></ee:set-variable>
			</ee:variables>
		</ee:transform>
		<logger level="DEBUG" doc:name="taskBwRequestInfoLog" doc:id="2a859c9e-5ea1-4162-b2ce-5132e19c4223" message="UUID:::#[vars.UUID]::uniqueId::#[payload..zActvtyId]:::TaskBw Request:::::#[payload]" category="com.aperture.mule4.taskBwRequestFlow"/>
		<http:request method="POST" doc:name="taskBwRequest" doc:id="e50a6855-2d62-40dc-ade4-058cd3527bf5" config-ref="HTTP_BW_SYS_Request_configuration" path="${secure::bw.api.https.task.path}" >
			<http:headers ><![CDATA[#[output application/java
---
{
	"client_id" : p('secure::bw.client_id'),
	"client_secret" : p('secure::bw.client_secret')
	
}]]]></http:headers>
		</http:request>
		<logger level="INFO" doc:name="taskBwResponseInfoLog" doc:id="34216906-0623-4869-8558-a8fccbfc970c" message="UUID:::#[vars.UUID]::::: Bw Response oF Activities(task)::: #[payload..zActvtyId]" />
		<logger level="DEBUG" doc:name="taskBwResponseDebugLog" doc:id="4f16410f-60b2-4056-a52e-10e59309c34e" message="UUID:::#[vars.UUID]::uniqueId:::#[payload..zActvtyId]:::Task bw Response::#[payload]" category="com.aperture.mule4.taskBwRequestFlow"/>
		<os:store doc:name="storeTaskKey" doc:id="8f37aa0b-bd62-4135-94a5-5fa94222e393" key="taskKey" objectStore="Object_store">
			<os:value><![CDATA[#[%dw 2.0
output application/java
---
{
	batchJobId:vars.taskKey.batchJobId,
	batchStatus:vars.taskKey.batchStatus,
	objectName:'Task',
	locator: vars.sfLocator
}]]]></os:value>
		</os:store>
		<!-- <flow-ref doc:name="successDbTransactionFlow" doc:id="fc1e855e-5492-4152-a33c-c35d31ce1534" name="successDbTransactionFlow" /> -->
		<error-handler ref="globalErrorError_Handler" />
	</flow>
</mule>
