<?xml version="1.0" encoding="UTF-8"?>

<mule xmlns:http="http://www.mulesoft.org/schema/mule/http" xmlns:ee="http://www.mulesoft.org/schema/mule/ee/core"
	xmlns:salesforce="http://www.mulesoft.org/schema/mule/salesforce"
	xmlns="http://www.mulesoft.org/schema/mule/core" xmlns:doc="http://www.mulesoft.org/schema/mule/documentation" xmlns:xsi="http://www.w3.org/2001/XMLSchema-instance" xsi:schemaLocation="http://www.mulesoft.org/schema/mule/core http://www.mulesoft.org/schema/mule/core/current/mule.xsd
http://www.mulesoft.org/schema/mule/salesforce http://www.mulesoft.org/schema/mule/salesforce/current/mule-salesforce.xsd
http://www.mulesoft.org/schema/mule/ee/core http://www.mulesoft.org/schema/mule/ee/core/current/mule-ee.xsd
http://www.mulesoft.org/schema/mule/http http://www.mulesoft.org/schema/mule/http/current/mule-http.xsd">
	<!-- <http:request-config name="SAP_Dummy_Request_configuration" doc:name="HTTP Request configuration" doc:id="1b8315ae-964e-4864-b544-643cc75ad29e" >
		<http:request-connection protocol="${secure::sap.https.protocol1}" host="${secure::sap.https.host1}" port="${secure::sap.https.port1}" />
	</http:request-config> -->
	<flow name="customers" doc:id="3dedfd91-637a-4ba6-8590-c745dd9cfb95" initialState="stopped">
		
		<salesforce:replay-channel-listener streamingChannel="/event/ActivateLocation__e" replayOption="FROM_REPLAY_ID" doc:name="Replay channel listener" doc:id="c0c44ae2-ee0d-4ffa-917d-869234011b58" config-ref="Salesforce_Config_Proc" autoReplay="true" replayId="-1"/>
		<!-- <http:listener doc:name="Listener" doc:id="69b843cf-4f7b-4e4d-a244-4ef24116fe82" config-ref="HTTP_Listener_config" path="/customerCreate"/> -->
		<ee:transform doc:name="Transform Message" doc:id="fb802eba-dd6e-46aa-a350-81506a30a5ba" >
			<ee:message >
				<ee:set-payload ><![CDATA[%dw 2.0
output application/json
---
payload]]></ee:set-payload>
			</ee:message>
		</ee:transform>
		<set-variable value="#[uuid()]" doc:name="UUID" doc:id="595dabde-dcc0-4fa2-85f3-72d041ed9944" variableName="UUID" />
		<logger level="INFO" doc:name="requestInfoLog" doc:id="bcbaf98f-a8ad-4a34-a07b-9f12557d2a53" message=" create customer sap request payload  SF :: UUID::#[vars.uuid] ::#[payload]  " />
		<ee:transform doc:name="customerCreateRequest" doc:id="f7210cd1-577e-4d06-b222-0157bdf68827" >
			<ee:message >
				<ee:set-payload ><![CDATA[%dw 2.0
output application/json
fun dynamicFields(input1) = (input1 != null and input1 != "" )
---
{
d: {
customer: payload.data."payload".GlobalId__c,
action: "I",
country: payload.data."payload".BillingCountryCode__c,
name1: if(sizeOf(payload.data."payload".AccountName__c) > 34)payload.data."payload".AccountName__c[0 to 34] else payload.data."payload".AccountName__c,
name2: payload.data."payload".AccountName__c[35 to -1],
name3: payload.data."payload".LegalName__c,
city: payload.data."payload".BillingCity__c,
postalCode: payload.data."payload".BillingPostalCode__c,
region: payload.data."payload".BillingStateCode__c,
street1: payload.data."payload".Street1__c,
street2: payload.data."payload".Street2__c,
street3: payload.data."payload".Street3__c,
street4: payload.data."payload".Street4__c,
street5: payload.data."payload".Street5__c,
custAcctGrp: payload.data."payload".AccountGroup__c,
//custCondGrp5:payload.data."payload".SendtoBXB__c,
//custCondGrp1:payload.data."payload".CommercialReviewType__c,
taxNum1: payload.data."payload".CompanyRegistrationNo__c,
taxNum2: payload.data."payload".TaxNumber2__c,
taxNumber3: payload.data."payload".TaxNumber3__c,
taxNumber4: payload.data."payload".TaxNumber4__c,
taxNumber5: payload.data."payload".TaxNumber5__c,
vatRegNo: payload.data."payload".VATRegno__c,
houseNumber: payload.data."payload".HouseNumber1__c,
houseNumber2: payload.data."payload".HouseNumber2__c,
district: payload.data."payload".DistrictCounty__c,
poBox: payload.data."payload".POBox__c,
poBoxPcode: payload.data."payload".POBoxPostalCode__c,
poBoxCity: payload.data."payload".POBoxOtherCity__c,
//PoBoxCountry: payload.data."payload".POBoxOtherCountry__c,
telephone: payload.data."payload".Phone__c,
fax: payload.data."payload".Fax__c,
industryKey: if(payload.data."payload".Industry__c != null) payload.data."payload".Industry__c[0 to 3] else "",
name4: payload.data."payload".CustomerOwnID__c,
//channel: payload.data."payload".Channel__c,
industryCode1:payload.data."payload".BramblesBusinessUnit__c,
//industryType:payload.data."payload".IndustryType__c,
(groupB:(payload.data."payload".IndustryType__c splitBy  " -")[0]) if(dynamicFields(payload.data."payload".IndustryType__c)) ,
(channelSf: p("secure::channelSf." ++ payload.data."payload".Channel__c)) if(dynamicFields(payload.data."payload".Channel__c)),
(locationType: p("secure::locationType." ++ payload.data."payload".LocationType__c)) if(dynamicFields(payload.data."payload".LocationType__c)),
(locationSize:  p("secure::locationSize." ++ payload.data."payload".LocationSize__c)) if(dynamicFields(payload.data."payload".LocationSize__c)),
(businessSystem: p("secure::businessSystem." ++ payload.data."payload".BusinessSystem__c)) if(dynamicFields(payload.data."payload".BusinessSystem__c)),
customerCompanyData: {
results: [{
companyCode: payload.data."payload".CompanyCode__c[0 to 3],
custUser: payload.data."payload".DebtGroupId__c
}] filter ($!={})
},
customerSalesDataSet: {
results: [{
salesOrg: payload.data."payload".CompanyCode__c[0 to 3],
distrChannel: "10",
division: payload.data."payload".Division__c,
poRequired: if(payload.data."payload".PORequired__c == false) " " else "X"
}]filter ($!={})
},
customerTextSet: {
results: [({
textId: "Z002",
textLine: (payload.data.payload.Logistics_Instr__c default "") 
}),
({
textId: "Z005",
textLine: (payload.data.payload.VanFlatbed__c default "")
}) ,
({
textId: "Z019",
textLine: (payload.data.payload.DUNSNumber__c default "")
}) ,
({
textId: "Z018",
textLine: payload.data.payload.VehicleType__c default ""
}) ,
({
textId: "Z017",
textLine: payload.data.payload.LiveDrop__c default ""
}) ,
({
textId: "Z016",
textLine: payload.data.payload.VendorCode__c default ""
}),
({
textId: "Z024",
textLine: if(payload.data.payload.HideFromMyCHEP__c == false) " " else "X"
}),
        ({
          "textId": "Z014",
          "textLine": payload.data.payload.BlanketPONumber__c default ""
        })
]
}
}
}
]]></ee:set-payload>
			</ee:message>
			<ee:variables >
				<ee:set-variable variableName="errorSystem" ><![CDATA[%dw 2.0
output application/json
---
"sap"]]></ee:set-variable>
				<ee:set-variable variableName="originalPayload" ><![CDATA[%dw 2.0
output application/json
---
payload]]></ee:set-variable>
				<ee:set-variable variableName="interfaceName" ><![CDATA[%dw 2.0
output application/java
---
"aperture-sf-sap-account-create"]]></ee:set-variable>
				<ee:set-variable variableName="caseId" ><![CDATA[%dw 2.0
output application/json
---
payload.data."payload".SFAccountId__c]]></ee:set-variable>
				<ee:set-variable variableName="actionFlag" ><![CDATA[%dw 2.0
output application/java
---
"I"]]></ee:set-variable>
				<ee:set-variable variableName="accountId" ><![CDATA[%dw 2.0
output application/json
---
payload.data."payload".SFAccountId__c]]></ee:set-variable>
				<ee:set-variable variableName="dbId" ><![CDATA[%dw 2.0
output application/json
---
payload.data."payload".GlobalId__c]]></ee:set-variable>
				<ee:set-variable variableName="companyCode" ><![CDATA[%dw 2.0
output application/json
---
payload.data."payload".CompanyCode__c]]></ee:set-variable>
			</ee:variables>
		</ee:transform>
		<logger level="INFO" doc:name="infoLog" doc:id="42eb71be-495a-4321-b5c4-f3a6a1e6cf32" message="UUID::#[vars.uuid] create customer sap request payload:#[payload] " />
		<http:request method="POST" doc:name="requestToSap" doc:id="33413586-3af0-4523-8b36-be45b808a591" config-ref="Sap_Request_configuration" path="${secure::sap.https.customerJourney.path}" >
			<http:headers ><![CDATA[#[output application/java
---
{
	uuid : vars.uuid,
   "client_secret" : p('secure::sap.client.secret'),
	"client_id" : p('secure::sap.client.id')
	
}]]]></http:headers>
		</http:request>
		<async doc:name="Async" doc:id="c9368a7d-e982-4399-afe6-ab949f9d1181">
			<flow-ref doc:name="successResponseToDbFlow" doc:id="d1f1836e-260d-403e-9636-f2044d493445" name="successResponseToDbFlow" />
		</async>
		<try doc:name="Try" doc:id="61ef6f35-3725-4c13-a0b5-8bc64e9260c1" >
			
			<ee:transform doc:name="successPayloadFromSap" doc:id="05dcedbe-5b8a-4222-93de-e1f9f8783fac" >
				<ee:message >
				</ee:message>
				<ee:variables >
					<ee:set-variable variableName="locationCreationStatus" ><![CDATA[%dw 2.0
output application/json
---
[{
	"Id": vars.originalPayload.data."payload".SFAccountId__c,
	"LocationCreationStatus__c": "Synced"
}]]]></ee:set-variable>
					<ee:set-variable variableName="interfaceName" ><![CDATA[%dw 2.0
output application/java
---
"aperture-sf-sap-contact-create"]]></ee:set-variable>
				</ee:variables>
			</ee:transform>
			<logger level="INFO" doc:name="logInfo" doc:id="ae642e4d-b96e-4f2f-acea-0184e78f8a85" message="UUID::#[vars.uuid] customer create Data before Salesforce status update:#[payload]" />
			<salesforce:update type="Account" doc:name="updateAccountLocation" doc:id="6b668d80-940c-42be-8efa-0adbb64d43e7" config-ref="Salesforce_Config_Proc">
				<salesforce:records><![CDATA[#[vars.locationCreationStatus]]]></salesforce:records>
			</salesforce:update>
			<flow-ref doc:name="contactOperations" doc:id="e4a5ba78-6965-4807-a054-9f2d05cb08b6" name="contactOperations"/>
			<ee:transform doc:name="payload" doc:id="4fa77422-0aeb-46d8-ba19-f61a305a4611" >
				<ee:message >
					<ee:set-payload ><![CDATA[%dw 2.0
output application/json
---
payload]]></ee:set-payload>
				</ee:message>
			</ee:transform>
			<logger level="INFO" doc:name="infoLog" doc:id="f5cc89ab-f6ac-40cf-bcf1-ed0115e42024" message="UUID::#[vars.uuid] customer create data after Salesforce status Update:#[payload]" />
			<error-handler >
				<on-error-continue enableNotifications="true" logException="true" doc:name="On Error Continue" doc:id="086eacca-64f2-4d20-9737-ad1c7eaa4f5e" >
					<logger level="INFO" doc:name="infoLogErrorResponse" doc:id="b11fb473-f5cb-4f2d-b6a6-dcd3597915d0" message="UUID:: #[vars.uuid] Location create status update failed:#[payload]" />
				
</on-error-continue>
			</error-handler>
		</try>
		<logger level="INFO" doc:name="logInfoLocationActivation" doc:id="be215543-d9cf-4f66-a2e9-45518f5dafac" message="UUID::#[vars.uuid] Success  response from cutomer create salesforce:::#[payload]" />
		<error-handler >
			<!-- <on-error-continue enableNotifications="true" logException="true" doc:name="On Error Continue" doc:id="e606f660-ed65-47ed-9896-57e8162a4207" when='((error.muleMessage.payload."errorMessage" contains "Customer alredy exist" ) == true)'>
				<logger level="INFO" doc:name="Logger" doc:id="63ad41ae-a538-4dc3-89ff-bc74ec545619" message="customer already exists for accountId: #[vars.accountId]" />
			</on-error-continue> -->
			<on-error-continue enableNotifications="true" logException="true" doc:name="On Error continue" doc:id="6f30e924-17a6-456b-9f70-abcf4a5531e5" when="#[((error.cause.errorMessage.attributes.statusCode default 500) &gt;= 500) or (error.cause.errorMessage.attributes.statusCode == 401)]">
				<flow-ref doc:name="ibmPublishCommonFlow" doc:id="a08020a9-7f4f-4173-89eb-b26c4f09ef18" name="ibmPublishCommonFlow"/>
				<logger level="INFO" doc:name="infoLog" doc:id="b67c424d-f9bd-4f95-8196-02a72b91ea2d" message="payload published to queue" />
			</on-error-continue>
			<on-error-continue enableNotifications="true" logException="true" doc:name="On Error Continue" doc:id="61280202-cf0c-4b08-9d6d-2cb8918d50f8" >
				<try doc:name="Try" doc:id="5bf1eed3-5160-4303-8e88-f2b472b477dd" >
					
					<ee:transform doc:name="cancelSundryErrorResponse" doc:id="072b8742-f1a3-4ac4-b9a9-83869ec92711" >
						<ee:message />
						<ee:variables >
							<ee:set-variable variableName="chatterPostBody" ><![CDATA[%dw 2.0
output application/java
---
"Location record creation in SAP has failed with the following reason : " ++ ( if(error.muleMessage.payload != null)error.muleMessage.payload."errorMessage" else "SAP error details not found") ++ ". If you are not able to correct the data error and retrigger the creation, then please get in touch with the CRM team for resolution of the issue."]]></ee:set-variable>
							<ee:set-variable variableName="failurePayload" ><![CDATA[%dw 2.0
output application/json
---
if(error.muleMessage.payload.failureMessage != null) error.muleMessage.payload.failureMessage  else error.description default ""]]></ee:set-variable>
						
</ee:variables>
					</ee:transform>
					<salesforce:query doc:name="locationCreationStatusQuery" doc:id="d5b23f7d-1292-40f8-aa2b-9ce8804c5ad9" config-ref="Salesforce_Config_Proc" target="locationCreationStatus">
						<salesforce:salesforce-query><![CDATA[select LocationCreationStatus__c FROM Account WHERE Id = :id]]></salesforce:salesforce-query>
						<salesforce:parameters><![CDATA[#[output application/java
---
{
	"id" : "'" ++ vars.accountId ++"'"
}]]]></salesforce:parameters>
					</salesforce:query>
					<ee:transform doc:name="queryPayload" doc:id="2881089d-dbf0-439a-8673-543868f715db">
						<ee:message />
						<ee:variables>
							<ee:set-variable variableName="locationCreationStatus"><![CDATA[%dw 2.0
output application/json
---
vars.locationCreationStatus]]></ee:set-variable>
						</ee:variables>
					</ee:transform>
					<logger level="INFO" doc:name="infoLog" doc:id="023d19d0-9403-4c9a-a968-42bc3481770a" message="uuid : #[vars.UUID], locationCreationStatus  :#[vars.locationCreationStatus.LocationCreationStatus__c[0]]"/>
					<choice doc:name="Choice" doc:id="5113d36e-6edd-4a20-9905-c3a897513654" >
						<when expression='#[vars.locationCreationStatus.LocationCreationStatus__c[0] != "Synced"]'>
							<ee:transform doc:name="failedCaseId" doc:id="3a5145b0-b1a7-408d-81c1-c7deb96e90cc">
						<ee:message>
							<ee:set-payload><![CDATA[%dw 2.0
output application/json
---
[{
	"Id": vars.originalPayload.data."payload".SFAccountId__c,
	"LocationCreationStatus__c": "Failed"
}]]]></ee:set-payload>
						</ee:message>
					</ee:transform>
							<logger level="INFO" doc:name="infoLog" doc:id="30b23315-0403-41f8-b2da-3e96b3c9417c" message="Data in Error Handler before Salesforce update:#[payload]" />
							<salesforce:update type="Account" doc:name="failedCaseIdUpdate" doc:id="1dccfeae-e329-402f-b8cc-b40996e14f53" config-ref="Salesforce_Config_Proc" />
							<ee:transform doc:name="payload" doc:id="2f2bd8d1-556d-475f-83f3-e5653c5a02a9">
						<ee:message>
							<ee:set-payload><![CDATA[%dw 2.0
output application/json
---
payload]]></ee:set-payload>
						</ee:message>
					</ee:transform>
							<logger level="INFO" doc:name="infoLog" doc:id="052188e9-b989-4ce2-9c13-0589f12e1c6f" message="Data in Error Handler after Salesforce Update:#[payload]" />
						</when>
						<otherwise >
							<logger level="DEBUG" doc:name="debugLog" doc:id="8b9e423e-c4f1-4b2f-9bf6-cad3dc765e5a" message="uuid : #[vars.UUID], locationCreationStatus  :#[vars.locationCreationStatus.LocationCreationStatus__c[0]]"/>
							<logger level="INFO" doc:name="infoLog" doc:id="bcbc8fea-2904-44d4-bb9d-e79176aa0684" message="customer already exists for following account #[vars.accountId]" />
						</otherwise>
					</choice>
					<error-handler >
						<on-error-continue enableNotifications="true" logException="true" doc:name="On Error Continue" doc:id="e9f7fd25-9301-4431-aa47-361830bbb70f" >
							<logger level="INFO" doc:name="Logger" doc:id="0daf8b54-40f5-4dad-a51e-a1c94161a452" message="location status update " />
						</on-error-continue>
					</error-handler>
				</try>
				<logger level="INFO" doc:name="infoLogCaseId" doc:id="55de5388-946a-4311-ae87-11e13e16b050" message="UUID::#[vars.uuid] Failed caseId" />
				<logger level="ERROR" doc:name="debugLogCaseId" doc:id="f509c7d5-c2bf-4518-b1aa-8ba4742904ce" message="UUID::#[vars.uuid] Failed caseId:: #[vars.caseId]" category="com.aperture.mule4.cancelFailureCaseId" />
				<logger level="INFO" doc:name="infoLogchatterPostError" doc:id="d6633ad9-2dba-4e66-ad90-38eeae825f51" message="create customer Error with following caseId #[vars.caseId]  #[vars.chatterPostBody]" />
				<logger level="DEBUG" doc:name="debugLogchatterPostError" doc:id="01131b68-5abe-4f3a-9cee-87bb55f0cb26" message="create customer Error with following caseId #[vars.caseId]  #[vars.chatterPostBody]" category="com.aperture.mule4.chatterpostError"/>
				<flow-ref doc:name="invokeChatterPost" doc:id="84df496d-9e2e-43b8-bf28-95b532c45d75" name="chatterPostFlow" />
				<logger level="INFO" doc:name="chatterPostInfoLog" doc:id="25cdee65-9da0-4c5c-ad4b-095423904b36" message="UUID:::#[vars.uuid]:::response from chatterPost recieved #[payload]" />
				<logger level="DEBUG" doc:name="chatterPostDebugLog" doc:id="0a8efae1-6c4f-466a-be89-d8c7904ed998" message="UUID::#[vars.uuid]:::response from chatterPost #[payload]" category="com.aperture.mule4.cancelChatterPost" />
				<flow-ref doc:name="dbCancelErrorSundryOrderFlow" doc:id="e8943633-e846-4519-b6b5-b6025e6fd19d" name="errorResponseToDbFlow" />
			</on-error-continue>
			
		
</error-handler>
	</flow>
	<flow name="customersUpdate" doc:id="61de1151-ee94-4436-8070-1ad27f7fce08" initialState="stopped">
		
		<salesforce:replay-channel-listener streamingChannel="/event/AccountUpdated__e" replayOption="FROM_REPLAY_ID" doc:name="Replay channel listener" doc:id="10d37b29-b62a-4847-adbd-533b3e36e407" config-ref="Salesforce_Config_Proc" autoReplay="true" replayId="-1"/>
		<!-- <http:listener doc:name="Listener" doc:id="740a7597-b908-43ea-8343-9ae47a96877d" config-ref="HTTP_Listener_config" path="/customerUpdate"/> -->
		<ee:transform doc:name="payload" doc:id="b0cba20e-a904-4d26-b26d-1ea76c3daff3" >
			<ee:message >
				<ee:set-payload ><![CDATA[%dw 2.0
output application/json
---
payload]]></ee:set-payload>
			</ee:message>
			<ee:variables >
				<ee:set-variable variableName="errorSystem" ><![CDATA[%dw 2.0
output application/json
---
"sap"]]></ee:set-variable>
				<ee:set-variable variableName="originalPayload" ><![CDATA[%dw 2.0
output application/json
---
payload]]></ee:set-variable>
				<ee:set-variable variableName="interfaceName" ><![CDATA[%dw 2.0
output application/java
---
"aperture-sf-sap-account-update"]]></ee:set-variable>
				<ee:set-variable variableName="caseId" ><![CDATA[%dw 2.0
output application/json
---
payload.data.payload.SFAccountId__c]]></ee:set-variable>
				<ee:set-variable variableName="accountId" ><![CDATA[%dw 2.0
output application/json
---
payload.data.payload.SFAccountId__c]]></ee:set-variable>
				<ee:set-variable variableName="actionFlag" ><![CDATA[%dw 2.0
output application/java
---
"U"]]></ee:set-variable>
				<ee:set-variable variableName="dbId" ><![CDATA[%dw 2.0
output application/json
---
payload.data."payload".GlobalId__c]]></ee:set-variable>
			
</ee:variables>
		</ee:transform>
		<set-variable value="#[uuid()]" doc:name="UUID" doc:id="bede2c88-3e9f-452f-9b6a-2631daec7ab0" variableName="uuid"/>
		<logger level="INFO" doc:name="requestInfoLog" doc:id="a3faf775-e9ce-4be9-baa7-1f1bb00425e3" message=" Incoming request for Update customer :: UUID : #[vars.uuid] id : #[vars.dbId]"/>
		<logger level="DEBUG" doc:name="debugRequestLog" doc:id="0a26c547-d6f7-48fd-a893-5efc2452e06b" message="UUID : #[vars.uuid] id : #[vars.dbId] Incoming request from AccountUpdated topic::::#[payload]" category="com.aperture.mule4.accountUpdate"/>
		<ee:transform doc:name="customerUpdateRequest" doc:id="c8436246-bfe0-49f6-bbab-e4ffcd3c912e" >
			<ee:message >
				<ee:set-payload ><![CDATA[%dw 2.0
output application/json
fun dynamicFields(input1) = (input1 != null and input1 != "" )
---
{
d: {
customer: payload.data."payload".GlobalId__c,
action: "U",
country: payload.data."payload".BillingCountryCode__c,
name1: if(sizeOf(payload.data."payload".AccountName__c) > 34)payload.data."payload".AccountName__c[0 to 34] else payload.data."payload".AccountName__c,
name2: payload.data."payload".AccountName__c[35 to -1],
//name3: payload.data."payload".LegalName__c,
city: payload.data."payload".BillingCity__c,
postalCode: payload.data."payload".BillingPostalCode__c  default "",
region: payload.data."payload".BillingStateCode__c  default "",
street1: payload.data."payload".Street1__c default "",
street2: payload.data."payload".Street2__c default "",
street3: payload.data."payload".Street3__c default "",
street4: payload.data."payload".Street4__c default "",
street5: payload.data."payload".Street5__c default "",
//custAcctGrp: payload.data."payload".AccountGroup__c,
//custCondGrp5:payload.data."payload".SendtoBXB__c,
//custCondGrp1:payload.data."payload".CommercialReviewType__c,
//taxNum1: payload.data."payload".CompanyRegistrationNo__c,
//taxNum2: payload.data."payload".TaxNumber2__c,
//taxNumber3: payload.data."payload".TaxNumber3__c,
//taxNumber4: payload.data."payload".TaxNumber4__c,
//taxNumber5: payload.data."payload".TaxNumber5__c,
//vatRegNo: payload.data."payload".VATRegno__c,
houseNumber: payload.data."payload".HouseNumber1__c,
houseNumber2: payload.data."payload".HouseNumber2__c,
district: payload.data."payload".DistrictCounty__c,
poBox: payload.data."payload".POBox__c,
poBoxPcode: payload.data."payload".POBoxPostalCode__c,
poBoxCity: payload.data."payload".POBoxOtherCity__c,
//PoBoxCountry: payload.data."payload".POBoxOtherCountry__c,
telephone: payload.data."payload".Phone__c,
fax: payload.data."payload".Fax__c,
industryKey: if(payload.data."payload".Industry__c != null) payload.data."payload".Industry__c[0 to 3] else "",
//name4: payload.data."payload".CustomerOwnID__c,
//channel: payload.data."payload".Channel__c,
//industryCode1:payload.data."payload".BramblesBusinessUnit__c,
//industryType:payload.data."payload".IndustryType__c,
(groupB:(payload.data."payload".IndustryType__c splitBy  " -")[0]) if(dynamicFields(payload.data."payload".IndustryType__c)),
(channelSf: p("secure::channelSf." ++ payload.data."payload".Channel__c)) if(dynamicFields(payload.data."payload".Channel__c)),
(locationType: p("secure::locationType." ++ payload.data."payload".LocationType__c)) if(dynamicFields(payload.data."payload".LocationType__c)),
(locationSize:  p("secure::locationSize." ++ payload.data."payload".LocationSize__c)) if(dynamicFields(payload.data."payload".LocationSize__c)),
(businessSystem: p("secure::businessSystem." ++ payload.data."payload".BusinessSystem__c)) if(dynamicFields(payload.data."payload".BusinessSystem__c)),
customerCompanyData: {
results: [{
companyCode: null
}] filter ($!={})
},
customerSalesDataSet: {
results: [{
salesOrg:  null,
distrChannel: "10",
//division: payload.data."payload".Division__c,
poRequired: if(payload.data."payload".PORequired__c == false) " " else "X"
}]filter ($!={})
},
customerTextSet: {
results: [({
textId: "Z002",
textLine: (payload.data.payload.Logistics_Instr__c default "") 
}),
({
textId: "Z005",
textLine: (payload.data.payload.VanFlatbed__c default "")
}) ,
({
textId: "Z018",
textLine: payload.data.payload.VehicleType__c default ""
}) ,
({
textId: "Z017",
textLine: payload.data.payload.LiveDrop__c default ""
}) ,
({
textId: "Z024",
textLine: if(payload.data.payload.HideFromMyCHEP__c == false) " " else "X"
})
]
}
}
}
]]></ee:set-payload>
			</ee:message>
		</ee:transform>
		<logger level="INFO" doc:name="infoLog" doc:id="8f8c2c2b-4079-4217-a900-87135bc00127" message="UUID : #[vars.uuid] id : #[vars.dbId] customer update request payload to sap :#[payload]"/>
		<logger level="DEBUG" doc:name="debugLog" doc:id="c43f70d4-e9a3-4c9c-9379-00966de8258b" message="UUID : #[vars.uuid] id : #[vars.dbId] Update customer sap request payload:#[payload] " category="com.aperture.mule4.accountUpdate"/>
		<http:request method="POST" doc:name="requestToSap" doc:id="89a3d5cd-88cf-47c5-8f98-7c5e0c473b39" config-ref="Sap_Request_configuration" path="${secure::sap.https.customerJourney.path}" >
			<http:headers ><![CDATA[#[output application/java
---
{
	uuid : vars.uuid,
   "client_secret" : p('secure::sap.client.secret'),
	"client_id" : p('secure::sap.client.id')
	
}]]]></http:headers>
		</http:request>
		<logger level="INFO" doc:name="infoLog" doc:id="f18a4919-3ae3-4529-906c-63ddb1b62984" message="UUID : #[vars.uuid] id : #[vars.dbId] customerId from sap Response Payload :::#[payload.d.customer]" />
		<async doc:name="Async" doc:id="be4c0625-1d00-422f-b560-33a5c68dab55" >
			<flow-ref doc:name="successResponseToDbFlow" doc:id="d636f18c-d77d-4378-9ea4-17c66feb67be" name="successResponseToDbFlow"/>
		</async>
		<ee:transform doc:name="payload" doc:id="248bc24c-ae10-4cbc-8c8f-7371b895f066" >
			<ee:message >
				<ee:set-payload ><![CDATA[%dw 2.0
output application/json
---
payload]]></ee:set-payload>
			</ee:message>
		</ee:transform>
		<!-- <try doc:name="Try" doc:id="3d613612-4ff1-4276-acda-cf5f30e0e987" >
			
			<ee:transform doc:name="successPayloadFromSap" doc:id="311ca822-ad16-446e-8053-661e98e10d89" >
				<ee:message >
				</ee:message>
				<ee:variables >
					<ee:set-variable variableName="locationCreationStatus" ><![CDATA[%dw 2.0
output application/json
-&#45;&#45;
[{
	"Id": vars.originalPayload.data."payload".SFAccountId__c,
	"LocationCreationStatus__c": "Synced"
}]]]></ee:set-variable>
				</ee:variables>
			</ee:transform>
			<logger level="INFO" doc:name="logInfo" doc:id="be3142e9-1662-4dc8-9b44-c0530e4bcc96" message="UUID::#[vars.uuid] customer update Data before Salesforce status update:#[payload]" />
			<salesforce:update type="Account" doc:name="updateAccountLocation" doc:id="a683670e-8da1-401d-8ac1-20ea2a6f5144" config-ref="Salesforce_Config_Proc" >
				<salesforce:records ><![CDATA[#[vars.locationCreationStatus]]]></salesforce:records>
			</salesforce:update>
			<ee:transform doc:name="payload" doc:id="89449e99-ef04-456f-9211-edd86b1aedad" >
				<ee:message >
					<ee:set-payload ><![CDATA[%dw 2.0
output application/json
-&#45;&#45;
payload]]></ee:set-payload>
				</ee:message>
			</ee:transform>
			<logger level="INFO" doc:name="infoLog" doc:id="b8a893fa-aad1-4ef5-9727-9222459ab12b" message="UUID::#[vars.uuid] customer update Data after Salesforce status update:#[payload]" />
			<error-handler >
				<on-error-continue enableNotifications="true" logException="true" doc:name="On Error Continue" doc:id="053c92e3-f369-4972-b8a1-5950022ffa75" >
					<logger level="INFO" doc:name="infoLogErrorResponse" doc:id="95373fac-66aa-4aec-b309-c728e92acdc4" message="UUID:: #[vars.uuid] Location update status failed:#[payload]" />
				</on-error-continue>
			</error-handler>
		</try> -->
		<logger level="DEBUG" doc:name="debugLogLocationActivation" doc:id="a498dbcc-97c6-4c70-bf21-e5f837a03176" message="UUID : #[vars.uuid] id : #[vars.dbId] Sap success response from customer update :::#[payload]" category="com.aperture.mule4.accountUpdate"/>
		<error-handler >
		
			<on-error-continue enableNotifications="true" logException="true" doc:name="On Error continue" doc:id="55a670f2-776a-4cb2-92c1-22f585431cd6" when="#[((error.cause.errorMessage.attributes.statusCode default 500) &gt;= 500) or (error.cause.errorMessage.attributes.statusCode == 401)]">
							<flow-ref doc:name="ibmPublishCommonFlow" doc:id="3972effe-2a16-4168-9a8d-00220869351e" name="ibmPublishCommonFlow"/>
							<logger level="INFO" doc:name="infoLog" doc:id="0b66aaa2-804f-4db3-82bd-a289b11288c2" message=" UUID : #[vars.uuid] id : #[vars.dbId] payload published to queue" />
						
			</on-error-continue>
			<on-error-continue enableNotifications="true" logException="true" doc:name="On Error Continue" doc:id="47b579e0-99a0-4a94-a080-b91cb14e9a3d" >
				<ee:transform doc:name="cancelSundryErrorResponse" doc:id="2c9e4618-ce37-4626-b7ea-5fb3bfe4f51c">
						<ee:message />
						<ee:variables>
							<ee:set-variable variableName="chatterPostBody"><![CDATA[%dw 2.0
output application/java
---
"Location record update in SAP has failed with the following reason : " ++ ( if(error.muleMessage.payload != null)error.muleMessage.payload."errorMessage" default "error not found" else "SAP error details not found") ++ ". If you are not able to correct the data error and retrigger the creation, then please get in touch with the CRM team for resolution of the issue."]]></ee:set-variable>
						<ee:set-variable variableName="failurePayload" ><![CDATA[%dw 2.0
output application/json
---
if(error.muleMessage.payload.failureMessage != null) error.muleMessage.payload.failureMessage  else error.description default ""]]></ee:set-variable>
						
</ee:variables>
					</ee:transform>
				<!-- <try doc:name="Try" doc:id="c518bab1-43d7-4e4e-93fa-17f0c60e1be3" >
					<ee:transform doc:name="failedCaseId" doc:id="0a41d465-11b3-4e8e-bba3-f20aa094c269" >
						<ee:message >
							<ee:set-payload ><![CDATA[%dw 2.0
output application/json
-&#45;&#45;
[{
	"Id": vars.originalPayload.data."payload".SFAccountId__c,
	"LocationCreationStatus__c": "Failed"
}]]]></ee:set-payload>
						</ee:message>
					</ee:transform>
					<logger level="INFO" doc:name="infoLog" doc:id="be19df11-94fc-486e-8e97-411f64b6b9e2" message="Data in Error Handler before Salesforce update:#[payload]" />
					<salesforce:update type="Account" doc:name="failedCaseIdUpdate" doc:id="f09f31a3-3aca-4d28-a989-c482af513398" config-ref="Salesforce_Config_Proc" />
					<ee:transform doc:name="payload" doc:id="85c9a871-3b0b-4c7d-a943-19d69ba17011" >
						<ee:message >
							<ee:set-payload ><![CDATA[%dw 2.0
output application/json
-&#45;&#45;
payload]]></ee:set-payload>
						</ee:message>
					</ee:transform>
					<logger level="INFO" doc:name="salesforceErrorResponseinfoLog" doc:id="b97f11b0-3f63-4ce6-8ee8-b381182031b5" message="Data in Error Handler after Salesforce Update:#[payload]" />
					<error-handler >
						<on-error-continue enableNotifications="true" logException="true" doc:name="On Error Continue" doc:id="61d92623-f141-4166-bce9-04b056d7fcb6" >
							<logger level="INFO" doc:name="statusInfoLogger" doc:id="d890e715-3589-4c48-964b-30a39c410dc2" message="location status update  failed" />
						</on-error-continue>
					</error-handler>
				</try> -->
				<logger level="INFO" doc:name="infoLogCaseId" doc:id="2cbb6e89-01a5-420c-a7a9-acf8ee22348e" message=" UUID : #[vars.uuid] id : #[vars.dbId] Failed caseId:: #[vars.caseId]" />
				<logger level="ERROR" doc:name="debugLogCaseId" doc:id="431f00a1-5513-4fef-8240-8b12ad508f07" message=" UUID : #[vars.uuid] id : #[vars.dbId] Failed caseId:: #[vars.caseId]" category="com.aperture.mule4.cancelFailureCaseId" />
				<logger level="DEBUG" doc:name="debugLogchatterPostError" doc:id="6fbb22c0-aa2e-410f-86bc-30a3c5ec04f1" message=" UUID : #[vars.uuid] id : #[vars.dbId] update customer Error with following caseId #[vars.caseId]#[vars.chatterPostBody]" category="com.aperture.mule4.chatterpostError"/>
				<flow-ref doc:name="invokeChatterPost" doc:id="9100be3f-9ab5-4818-86b8-4484addbac91" name="chatterPostFlow" />
				<logger level="INFO" doc:name="chatterPostInfoLog" doc:id="3c975fc4-5f1d-4ba4-8046-f8911ed9cd1a" message=" UUID : #[vars.uuid] id : #[vars.dbId]:::response from chatterPost " />
				<logger level="DEBUG" doc:name="chatterPostDebugLog" doc:id="8d313760-d255-484c-af30-fe56c0e96265" message="UUID : #[vars.uuid] id : #[vars.dbId]:::response from chatterPost #[payload]" category="com.aperture.mule4.cancelChatterPost" />
				<try doc:name="Try" doc:id="1c1f04e1-389b-42de-8820-a8a5295f4ba9" >
					<flow-ref doc:name="invokeGetGlidFlow" doc:id="5c946748-baf9-4202-8676-147d460fc608" name="getGlidIdFlow" target="companyCode" targetValue="#[payload.accountCompanyCode[0]]"/>
					<flow-ref doc:name="dbCancelErrorSundryOrderFlow" doc:id="e34c4c04-3f78-4339-b457-3686d40f7bf9" name="errorResponseToDbFlow" />
					<error-handler >
						<on-error-continue enableNotifications="true" logException="true" doc:name="On Error Continue" doc:id="8a7619a5-23cf-4d6f-a88b-6b5166107c41" >
							<logger level="INFO" doc:name="infoLog" doc:id="ba60b041-2ca3-422e-afd4-141de4fd26b6" message="UUID : #[vars.uuid] id : #[vars.dbId] Issue in Database or Salesforce companyCode"/>
						</on-error-continue>
					</error-handler>
				</try>
			</on-error-continue>
		</error-handler>
	</flow>
</mule>
