<?xml version="1.0" encoding="UTF-8"?>

<mule xmlns:ee="http://www.mulesoft.org/schema/mule/ee/core" xmlns:batch="http://www.mulesoft.org/schema/mule/batch"
	xmlns="http://www.mulesoft.org/schema/mule/core"
	xmlns:doc="http://www.mulesoft.org/schema/mule/documentation" xmlns:xsi="http://www.w3.org/2001/XMLSchema-instance" xsi:schemaLocation="http://www.mulesoft.org/schema/mule/core http://www.mulesoft.org/schema/mule/core/current/mule.xsd
http://www.mulesoft.org/schema/mule/batch http://www.mulesoft.org/schema/mule/batch/current/mule-batch.xsd
http://www.mulesoft.org/schema/mule/ee/core http://www.mulesoft.org/schema/mule/ee/core/current/mule-ee.xsd">
	<flow name="bulkErrorLoggingFlow" doc:id="d3d718e9-8254-40f2-b6df-f44c7fd34690" >
		<logger level="INFO" doc:name="infoLog" doc:id="0f44dca4-de8a-41d7-82f5-80cbdf81a0e2" message="incoming contactOpeartions request for batch :: UUID::#[vars.UUID] id :#[vars.dbId]"/>
		<logger level="DEBUG" doc:name="debugLog" doc:id="8762516f-2111-4c05-9e37-89a74d3575b3" message="UUID::#[vars.UUID] id :#[vars.dbId] Input Payload to batch #[payload]" category="com.aperture.mule4.approvalChatterPost" />
		<batch:job jobName="bulkErrorLoggingBatch_Job" doc:id="77750131-5aed-4271-b134-618bc8caab6e" maxFailedRecords="-1">
			<batch:process-records >
				<batch:step name="Batch_Step" doc:id="119d74a4-4949-4352-a797-03454500a2d5" >
					<ee:transform doc:name="Transform Message" doc:id="2a5bf314-9b51-4e28-9ee0-0129c52c889f" >
						<ee:message >
						</ee:message>
						<ee:variables >
							<ee:set-variable variableName="caseId" ><![CDATA[%dw 2.0
output application/json
---
payload]]></ee:set-variable>
							<ee:set-variable variableName="chatterPostBody" ><![CDATA[%dw 2.0
output application/java
---
"Contact records update in SAP has failed following Id's: " ++ payload ++ " with following reasons : " ++ ( if(error.muleMessage.payload != null)error.muleMessage.payload."errorMessage" default "error not found" else "SAP error details not found") ++ ". If you are not able to correct the data error and retrigger the creation, then please get in touch with the CRM team for resolution of the issue."]]></ee:set-variable>
						</ee:variables>
					</ee:transform>
					<logger level="INFO" doc:name="Logger" doc:id="f8799848-e346-471c-bcf8-d19b283ce74f" message="#[payload]"/>
					<flow-ref doc:name="Flow Reference" doc:id="eed3bca5-2e5b-4458-8d2b-f277cf25ddf2" name="chatterPostFlow"/>
				</batch:step>
			</batch:process-records>
		</batch:job>
	</flow>
</mule>
