<?xml version="1.0" encoding="UTF-8"?>

<mule xmlns:ibm-mq="http://www.mulesoft.org/schema/mule/ibm-mq"
	xmlns:email="http://www.mulesoft.org/schema/mule/email" xmlns:os="http://www.mulesoft.org/schema/mule/os"
	xmlns:ee="http://www.mulesoft.org/schema/mule/ee/core"
	xmlns:validation="http://www.mulesoft.org/schema/mule/validation" xmlns:tls="http://www.mulesoft.org/schema/mule/tls" xmlns:secure-properties="http://www.mulesoft.org/schema/mule/secure-properties" xmlns:http="http://www.mulesoft.org/schema/mule/http" xmlns:salesforce="http://www.mulesoft.org/schema/mule/salesforce" xmlns="http://www.mulesoft.org/schema/mule/core" xmlns:doc="http://www.mulesoft.org/schema/mule/documentation" xmlns:xsi="http://www.w3.org/2001/XMLSchema-instance" xsi:schemaLocation="
http://www.mulesoft.org/schema/mule/email http://www.mulesoft.org/schema/mule/email/current/mule-email.xsd http://www.mulesoft.org/schema/mule/core http://www.mulesoft.org/schema/mule/core/current/mule.xsd
http://www.mulesoft.org/schema/mule/salesforce http://www.mulesoft.org/schema/mule/salesforce/current/mule-salesforce.xsd
http://www.mulesoft.org/schema/mule/http http://www.mulesoft.org/schema/mule/http/current/mule-http.xsd
http://www.mulesoft.org/schema/mule/secure-properties http://www.mulesoft.org/schema/mule/secure-properties/current/mule-secure-properties.xsd
http://www.mulesoft.org/schema/mule/tls http://www.mulesoft.org/schema/mule/tls/current/mule-tls.xsd
http://www.mulesoft.org/schema/mule/validation http://www.mulesoft.org/schema/mule/validation/current/mule-validation.xsd
http://www.mulesoft.org/schema/mule/ee/core http://www.mulesoft.org/schema/mule/ee/core/current/mule-ee.xsd
http://www.mulesoft.org/schema/mule/os http://www.mulesoft.org/schema/mule/os/current/mule-os.xsd
http://www.mulesoft.org/schema/mule/ibm-mq http://www.mulesoft.org/schema/mule/ibm-mq/current/mule-ibm-mq.xsd">
	
<!-- 	<salesforce:sfdc-config name="Salesforce_Config" doc:name="Salesforce Config" doc:id="3b3392c6-2663-48ca-bcfe-2d41e1d6274b" >
		<salesforce:basic-connection username="${secure::salesforce.username}" password="${secure::salesforce.password}" securityToken="${secure::salesforce.token}" url="${secure::salesforce.auth.url}"/>
	</salesforce:sfdc-config> -->
		 <http:listener-config name="HTTP_Listener_config" doc:name="HTTP Listener config" doc:id="582a4d7e-f0e7-457f-8653-65099d2a24b9" >
		<http:listener-connection host="${secure::api.https.host}" port="${secure::api.https.port}" protocol="HTTPS">
			<tls:context >
				<tls:key-store type="jks" path="mykeystore.jks" keyPassword="${secure::api.username}" password="${secure::api.password}" />
			</tls:context>
		</http:listener-connection>
	</http:listener-config>
     <ibm-mq:config name="IBM_MQ_Config" doc:name="IBM MQ Config" doc:id="f34e15f5-dfa3-4e35-bb59-858e8175e32f" >
		<ibm-mq:connection username="${secure::ibm.username}" password="${secure::ibm.password}">
			<reconnection >
				<reconnect />
			</reconnection>
			<ibm-mq:connection-mode >
				<ibm-mq:client host="${secure::ibm.host}" port="${secure::ibm.port}" queueManager="${secure::ibm.queuemanager}" channel="${secure::ibm.channel}"/>
			</ibm-mq:connection-mode>
		</ibm-mq:connection>
	</ibm-mq:config>
	<email:smtp-config name="Email_SMTP" doc:name="Email SMTP" doc:id="3d28bcab-593d-4dd6-884d-61c27cf141a3" >
		<email:smtp-connection host="${secure::smtp.host}" port="${secure::smtp.port}" >
			<reconnection >
				<reconnect />
			</reconnection>
		</email:smtp-connection>
	</email:smtp-config>
	<http:request-config name="PTC_Request_configuration" doc:name="HTTP Request configuration" doc:id="b1b27df2-04de-4a5e-9d85-1db48be28d56" responseTimeout="${secure::ptc.responseTimeOut}">
		<http:request-connection host="${secure::ptc.https.host}" port="${secure::ptc.https.port}" protocol="${secure::ptc.https.protocol}" connectionIdleTimeout="${secure::ptc.responseTimeOut}">
			<reconnection >
				<reconnect />
			</reconnection>
		</http:request-connection>
	</http:request-config>
	<http:request-config name="Sap_Request_configuration" doc:name="HTTP Request configuration" doc:id="bd6075b3-9614-4b7e-b3a9-ecf818e403d3" responseTimeout="${secure::sap.responseTimeOut}">
		<http:request-connection host="${secure::sap.https.host}" port="${secure::sap.https.port}" protocol="${secure::sap.https.protocol}" connectionIdleTimeout="${secure::sap.responseTimeOut}">
			<reconnection >
				<reconnect />
			</reconnection>
		</http:request-connection>
	</http:request-config>
	<import doc:name="Import" doc:id="725afb6d-8ad7-4625-9019-36eafe44f15e" file="db-transactional-common-config.xml" />
	<import doc:name="Import" doc:id="1219fa2b-d836-4462-88f4-813e56892043" file="db-transactional-insertOperation.xml" />
	<import doc:name="Import" doc:id="ccb3db79-afd4-40eb-ba8a-73a4a5ade976" file="db-transactional-updateOperation.xml" />
	<import doc:name="Import" doc:id="7cb62867-003b-42fa-a88a-988bc2dcf70c" file="db-transactional-insertOperation.xml" />
	
	<secure-properties:config name="Salesforce_Secure_Properties_Config_Salesforce" doc:name="Secure Properties Config" doc:id="d728e888-c564-46b1-9423-7668ae86eded" file="env\mule-proc-api-salesforce-${mule.env}.yaml" key="${property.key}" >
		<secure-properties:encrypt algorithm="Blowfish" />
	</secure-properties:config>
	<http:request-config name="SF_CONFIG_Request_configuration" doc:name="HTTP Request configuration" doc:id="5bcfdbc2-f77a-4268-9db1-f69d844b7ea7" responseTimeout="${secure::salesforce.responseTimeOut}">
		<http:request-connection host="${secure::salesforce.https.host}" port="${secure::salesforce.https.port}" protocol="${secure::salesforce.https.protocol}" connectionIdleTimeout="${secure::salesforce.responseTimeOut}">
			<reconnection >
				<reconnect />
			</reconnection>
		</http:request-connection>
	</http:request-config>
	<validation:config name="Validation_Config" doc:name="Validation Config" doc:id="7d7fd425-433c-4d83-b354-dd269a6463a7" />
	<ee:object-store-caching-strategy name="Caching_Strategy" doc:name="Caching Strategy" doc:id="a4ca6289-5548-4ea1-8402-5e006149c7b2" >
		<os:private-object-store maxEntries="1" entryTtl="1" entryTtlUnit="HOURS"/>
	</ee:object-store-caching-strategy>
	<salesforce:sfdc-config name="Salesforce_Config_Proc" doc:name="Salesforce Config" doc:id="bd26bafe-f7b9-4bce-bb68-55028f42b539" >
		<salesforce:config-with-oauth-connection >
			<reconnection >
				<reconnect />
			</reconnection>
			<salesforce:oauth-authorization-code consumerKey="${secure::sf.consumerKey}" consumerSecret="${secure::sf.consumerSecret}" authorizationUrl="${secure::sf.authorize}" accessTokenUrl="${secure::sf.tokenEndpoint}" resourceOwnerId="${secure::mule.topic.resourceOwner}" />
			<salesforce:oauth-callback-config listenerConfig="HTTP_Listener_config" callbackPath="${secure::mule.topic.callback.path}" authorizePath="${secure::mule.topic.authorize.path}" externalCallbackUrl="${secure::mule.topic.callback.url}" />
			<salesforce:oauth-store-config objectStore="Object_store" />
		</salesforce:config-with-oauth-connection>
	</salesforce:sfdc-config>
	<!-- <salesforce:sfdc-config name="Salesforce_Config_Proc2" doc:name="Salesforce Config" doc:id="e3e8b312-8f10-4002-8992-1b3533811c3b" >
		<salesforce:config-with-oauth-connection >
			<salesforce:oauth-authorization-code consumerKey="${secure::sf.r2.consumerKey}" consumerSecret="${secure::sf.r2.consumerSecret}" authorizationUrl="${secure::sf.r2.authorize}" accessTokenUrl="${secure::sf.r2.tokenEndpoint}" resourceOwnerId="${secure::mule.topic.resourceOwner}" />
			<salesforce:oauth-callback-config listenerConfig="HTTP_Listener_config" callbackPath="${secure::mule.r2.topic.callback.path}" authorizePath="${secure::mule.r2.topic.authorize.path}" externalCallbackUrl="${secure::mule.r2.topic.callback.url}" />
			<salesforce:oauth-store-config objectStore="Object_store" />
		</salesforce:config-with-oauth-connection>
	</salesforce:sfdc-config> -->
	<os:object-store name="Object_store" doc:name="Object store" doc:id="cef9980d-7bcc-4528-abcb-bcea5e65c24a" />
	<!-- <os:object-store name="StreamingObjectStore" doc:name="Object store" doc:id="ad0ae009-42f8-4dbc-98af-628d3f3cde3a" /> -->
	<http:request-config name="mychep_Request_configuration" doc:name="HTTP Request configuration" doc:id="e5f8ae8b-098b-4f0c-9685-d2c63188eb9c" responseTimeout="${secure::myChep.responseTimeOut}" >
		<http:request-connection protocol="${secure::myChep.https.protocol}" host="${secure::myChep.https.host}" port="${secure::myChep.https.port}" connectionIdleTimeout="${secure::myChep.responseTimeOut}">
			<reconnection >
				<reconnect />
			</reconnection>
		</http:request-connection>
	</http:request-config>
	<!-- <flow name="common-configFlow" doc:id="9496db48-c741-46c3-8765-249832ee9de5" >
		<http:listener doc:name="Listener" doc:id="73fd9ff8-364a-48d6-8ca1-9cf94f2e789c" config-ref="HTTP_Listener_config" path="/obj"/>
		<os:retrieve-all doc:name="Retrieve all" doc:id="f51c9131-3c08-474a-8e96-977e199c206f" objectStore="StreamingObjectStore"/>
		<ee:transform doc:name="Transform Message" doc:id="aaac9980-9d97-4794-a045-81c9a72113a6" >
			<ee:message >
				<ee:set-payload ><![CDATA[%dw 2.0
output application/json
-&#45;&#45;
payload]]></ee:set-payload>
			</ee:message>
		</ee:transform>
	</flow> -->
	<flow name="common-configFlowobj1" doc:id="96709e7b-5145-497e-9e98-190a26790e1f" >
		<http:listener doc:name="Listener" doc:id="422e291e-2c5b-48d3-9e2d-dc9b571f22f8" config-ref="HTTP_Listener_config" path="/obj1" />
		<os:retrieve-all doc:name="Retrieve all" doc:id="ffb41c0a-30f6-4a94-bc57-926aef9fa56e" objectStore="Object_store" />
		<ee:transform doc:name="Transform Message" doc:id="b45df99b-40ff-40a1-aa2c-c3c241892249" >
			<ee:message >
				<ee:set-payload ><![CDATA[%dw 2.0
output application/json
---
payload]]></ee:set-payload>
			</ee:message>
		</ee:transform>
	</flow>
	<flow name="connectionCheckFlow" doc:id="bcc62632-3783-42df-b4d8-29e3bfb29226">
		<scheduler doc:name="Scheduler" doc:id="10401d3d-0e40-4d3d-a195-9a70134861c9" >
			<scheduling-strategy >
				<fixed-frequency frequency="30" timeUnit="MINUTES" />
			</scheduling-strategy>
		</scheduler>
		<salesforce:query doc:name="Query" doc:id="d9f57255-9b57-4327-81c6-d5e8324f7357" config-ref="Salesforce_Config_Proc" >
			<salesforce:salesforce-query ><![CDATA[select CreatedDate from Case limit 1]]></salesforce:salesforce-query>
		</salesforce:query>
		<logger level="INFO" doc:name="Logger" doc:id="36de6196-e586-4274-bb10-4609aaf527f7" message="Salesforce connection is Up" />
		<error-handler >
			<on-error-continue enableNotifications="true" logException="true" doc:name="On Error Continue" doc:id="e4f6bf5c-d9db-4fb0-b785-4aa5979bf868" >
				<ee:transform doc:name="setEmailContent" doc:id="c777e342-ba2e-42fc-b474-900ad902a13b" >
					<ee:message />
					<ee:variables >
						<ee:set-variable variableName="emailContent" ><![CDATA[%dw 2.0
output application/java
---
"Hi Team, SF-SAP integration got failed with  Salesforce Oauth connection." ]]></ee:set-variable>
					</ee:variables>
				</ee:transform>
				<flow-ref doc:name="Flow Reference" doc:id="47c56520-275e-447c-8f75-bdd3f10d348e" name="email"/>
			</on-error-continue>
		</error-handler>
	</flow>
	<flow name="email" doc:id="ce650e86-fb1f-4b73-b57a-6c1ff739de59" >
		<async doc:name="Async" doc:id="fedf8dc4-01f6-48db-89cc-762326b5ca90" >
			<email:send doc:name="sendEmailToSF Team" doc:id="1a68388c-f290-4bae-91ff-dbb939335468" config-ref="Email_SMTP" fromAddress="#[p('secure::smtp.from')]" subject="${secure::smtp.sf.subject}" toAddresses="#[p('secure::smtp.sf.to') splitBy (',')]">
					<email:body contentType="text/plain">
						<email:content><![CDATA[#[vars.emailContent]]]></email:content>
					</email:body>
				</email:send>
		</async>
	</flow>
</mule>
