<?xml version="1.0" encoding="UTF-8"?>

<mule xmlns:os="http://www.mulesoft.org/schema/mule/os"
	xmlns:http="http://www.mulesoft.org/schema/mule/http"
	xmlns:ee="http://www.mulesoft.org/schema/mule/ee/core" xmlns="http://www.mulesoft.org/schema/mule/core"
	xmlns:doc="http://www.mulesoft.org/schema/mule/documentation"
	xmlns:xsi="http://www.w3.org/2001/XMLSchema-instance" xsi:schemaLocation="
http://www.mulesoft.org/schema/mule/http http://www.mulesoft.org/schema/mule/http/current/mule-http.xsd 
http://www.mulesoft.org/schema/mule/ee/core http://www.mulesoft.org/schema/mule/ee/core/current/mule-ee.xsd http://www.mulesoft.org/schema/mule/core http://www.mulesoft.org/schema/mule/core/current/mule.xsd
http://www.mulesoft.org/schema/mule/os http://www.mulesoft.org/schema/mule/os/current/mule-os.xsd">
	<sub-flow name="getGlidIdFlow" doc:id="cf632770-e27f-48d8-b557-eff21ca94c22" >
		<http:request method="GET" doc:name="glidIdRequestToSf" doc:id="541762b8-8f57-49e1-9403-b377545c4b58" config-ref="SF_CONFIG_Request_configuration" path="${secure::salesforce.https.path.getContactRole}" >
			<http:headers ><![CDATA[#[output application/java
---
{
	uuid : vars.uuid,
   "client_secret" : p('secure::salesforce.client.secret'),
	"client_id" : p('secure::salesforce.client.id')
	
}]]]></http:headers>
			<http:query-params ><![CDATA[#[output application/json
---
{
soqlQueryCondition : if(vars.contactId == null) ("AccountId='" ++ vars.accountId ++ "'" ++" AND IsActive = true") else ("ContactId='" ++ vars.contactId ++ "'") ++ " AND Account.RecordType.DeveloperName = 'Location' AND Account.LocationCreationStatus__c ='Synced'"
}]]]></http:query-params>
		</http:request>
		<ee:transform doc:name="payload" doc:id="c365da3d-0e5e-45d7-9bd8-9b08e13a0ea6" >
			<ee:message >
				<ee:set-payload ><![CDATA[%dw 2.0
output application/json
---
payload]]></ee:set-payload>
			</ee:message>
		</ee:transform>
		<logger level="INFO" doc:name="infoLog" doc:id="3cf9edb4-c847-409d-9f3e-0339830b608a" message="after glid request to SF ::  UUID : #[vars.uuid] id : #[vars.dbId] " />
		<logger level="DEBUG" doc:name="debugLog" doc:id="288dbeab-945c-49e5-96fd-3868b90fe168" message="UUID : #[vars.uuid] id : #[vars.dbId] contact payload from sf #[payload]" category="com.aperture.mule4.accountUpdate"/>
	</sub-flow>
	<sub-flow name="invokeCreateContactFlow" doc:id="1f95cb9d-9664-49f7-bd2b-e345fb48b4e7" >
		<http:request method="POST" doc:name="requestToSap" doc:id="fa6f8055-3f06-4022-bd2d-a1d4bdd697d6" config-ref="Sap_Request_configuration" path="${secure::sap.https.contact.path}">
			<http:headers><![CDATA[#[output application/java
---
{
	uuid : vars.uuid,
   "client_secret" : p('secure::sap.client.secret'),
	"client_id" : p('secure::sap.client.id')
	
}]]]></http:headers>
		</http:request>
	</sub-flow>
	<flow name="invokeOrdersFlow" doc:id="781c47f4-f99d-4ce4-94f5-cd95f982c4d4" >
		<http:request method="GET" doc:name="invokeViewOrders" doc:id="b6ed949e-73ba-4632-94ea-93b1b5ca7ccd" config-ref="Sap_Request_configuration" path="${secure::sap.https.viewOrders.path}" >
			<http:headers ><![CDATA[#[output application/java
---
{
	filter : "CaseId eq " ++"'" ++ payload.Id ++"'",
	select : 'SoNumber',
	top : vars.requiredKeys.top,
	orderBy : vars.requiredKeys.orderBy,
	uuid : vars.'uuid',
	"client_secret" : p('secure::sap.client.secret'),
	"client_id" : p('secure::sap.client.id')
}]]]></http:headers>
		</http:request>
	</flow>
	<flow name="caseApproveRejectSundryRequestFlow" doc:id="8274e459-3a87-48d8-a42d-94e60e919efb" >
		<logger level="INFO" doc:name="infoLogBeforeApprove" doc:id="931050da-67da-4040-a088-d778499cf0c3" message="UUID::#[vars.uuid]   Before Sundry Approval Reject Request" />
		<logger level="DEBUG" doc:name="debugLogBeforeApprove" doc:id="8b9a45f9-0484-462a-8c89-11d4ce1450b3" category="com.aperture.mule4.beforeSundryApproveRejectRequest" message="UUID::#[vars.uuid]  Before Sundry Approval Reject Request:::#[payload]" />
		<http:request method="POST" doc:name="SundryApprovalReject" doc:id="4f301772-3505-46ff-8848-60c18f92bfbc" path="${secure::sap.https.sundryOrder.path}" config-ref="Sap_Request_configuration">
			<http:headers><![CDATA[#[output application/java
---
{
	uuid : vars.uuid,
   "client_secret" : p('secure::sap.client.secret'),
	"client_id" : p('secure::sap.client.id')
	
}]]]></http:headers>
		</http:request>
		<logger level="DEBUG" doc:name="debugLogAfterApprove" doc:id="b9de46f9-cd57-4286-9cad-c9616a5dc985" message="UUID::#[vars.uuid]  After Sundry Approval Reject Request::::#[payload]" category="com.aperture.mule4.afterSundryApproveRejectRequest" />
		<logger level="INFO" doc:name="infoLogAfterApprove" doc:id="015cf466-73f3-49a8-9e67-7738d5355e49" message="UUID:::#[vars.uuid]  After Sundry Approval Order Request" />
		<error-handler >
			<on-error-continue enableNotifications="true" logException="true" doc:name="On Error Continue" doc:id="86456453-8d75-4ad4-aa0f-b81aa23de605" type="ANY">
				<logger level="ERROR" doc:name="debugLogErrorResponse" doc:id="80a7add4-5f39-4826-8dd6-4cd2a9dcc2b7" message="UUID::#[vars.uuid] Sundry Aprrove/Cancel ErrorResponse:: #[payload]" category="com.aperture.mule4.sundryApporveRejectErrorResponse" />
				<logger level="INFO" doc:name="infoLogErrorResponse" doc:id="ad732dc9-5eca-40b2-b225-ff86d6328ebb" message="UUID::#[vars.uuid] Sundry Aprrove/Cancel ErrorResponse"/>
				<flow-ref doc:name="invokeChatterPost" doc:id="3de55b6a-74a7-4601-8ea2-7fdadf9267b0" name="chatterPostFlow" />
				<flow-ref doc:name="errorResponseToDbFlow" doc:id="6834edef-424e-4e60-a8e1-6c100746b6bb" name="errorResponseToDbFlow"/> 
			</on-error-continue>
		</error-handler>
	</flow>
	<flow name="chatterPostFlow" doc:id="22e6ef26-1633-4dce-971f-4c3b119b0e1e">
		<ee:cache doc:name="Cache" doc:id="cdb86c93-cc88-4fca-8697-bc4d8392700f" cachingStrategy-ref="Caching_Strategy">
			<logger level="INFO" doc:name="infoLog" doc:id="ba49e6d1-37b0-4fd8-a398-fa027f932627" message="before Cache"/>
			<http:request method="GET" doc:name="requestToSalesforce" doc:id="1a3d5d6c-ef7c-4897-a15e-6f5504297800" config-ref="SF_CONFIG_Request_configuration" path="${secure::salesforce.https.path}" >
				<http:headers ><![CDATA[#[output application/java
---
{
	uuid : vars.uuid,
   "client_secret" : p('secure::salesforce.client.secret'),
	"client_id" : p('secure::salesforce.client.id')
	
}]]]></http:headers>
			</http:request>
			<logger level="INFO" doc:name="infoLog" doc:id="40cecf61-0c88-4bbb-be9e-52e337bc4300" message="UUID::#[vars.uuid] After Invoking Token Request"/>
		</ee:cache>
		<ee:transform doc:name="setSessionId" doc:id="38b87696-f525-490c-86ed-ce68b536a2c1">
			<ee:message>
			</ee:message>
			<ee:variables>
				<ee:set-variable variableName="sessionId"><![CDATA[%dw 2.0
output application/json
---
payload.envelope.body.loginResponse.result.sessionId
]]></ee:set-variable>
			</ee:variables>
		</ee:transform>
		<logger level="DEBUG" doc:name="debugLogSessionId" doc:id="b7220d2d-231c-4263-9cbe-baafc5c20aa8" message="UUID:::#[vars.uuid]  Session ID ::#[vars.sessionId]" category="com.aperture.mule4.sessionId"/>
		<logger level="INFO" doc:name="infoLogSessionId" doc:id="6da55034-0b7d-4b6a-ad62-5656f71b8955" message="UUID:::#[vars.uuid]  Session ID " />
		<http:request method="POST" doc:name="requestToSfFeederItem" doc:id="8cdf6f45-141a-44a4-8106-a5704b4fa2e0" config-ref="SF_CONFIG_Request_configuration" path="${secure::salesforce.https.path.chatterPost}">
			<http:body><![CDATA[#[%dw 2.0
output application/json
---
{
"body" : vars.chatterPostBody,
"parentId" : vars.caseId,
	'authorization' : "Bearer " ++ vars.sessionId
}]]]></http:body>
			<http:headers><![CDATA[#[output application/java
---
{

   "client_secret" : p('secure::salesforce.client.secret'),
	"client_id" : p('secure::salesforce.client.id')
	
}]]]></http:headers>
		</http:request>
		<ee:transform doc:name="payload" doc:id="24fcbea9-5610-4d26-9bb1-69eb7153b00c">
			<ee:message>
				<ee:set-payload><![CDATA[%dw 2.0
output application/json
---
payload]]></ee:set-payload>
			</ee:message>
		</ee:transform>
		<error-handler >
			<on-error-continue enableNotifications="true" logException="true" doc:name="On Error Continue" doc:id="030891a5-978b-4f81-8cae-29086ab162ef" >
				<logger level="INFO" doc:name="infoLog" doc:id="b5d1a0f3-bf52-414b-9678-03c3ab902616" message="UUID::#[vars.uuid] ::Error Occured While Sending To Sundry Chatter Post"/>
			</on-error-continue>
		</error-handler>
	
</flow>
</mule>
