<?xml version="1.0" encoding="UTF-8"?>

<mule xmlns:http="http://www.mulesoft.org/schema/mule/http" xmlns:ee="http://www.mulesoft.org/schema/mule/ee/core"
	xmlns="http://www.mulesoft.org/schema/mule/core"
	xmlns:doc="http://www.mulesoft.org/schema/mule/documentation" xmlns:xsi="http://www.w3.org/2001/XMLSchema-instance" xsi:schemaLocation="http://www.mulesoft.org/schema/mule/core http://www.mulesoft.org/schema/mule/core/current/mule.xsd
http://www.mulesoft.org/schema/mule/ee/core http://www.mulesoft.org/schema/mule/ee/core/current/mule-ee.xsd
http://www.mulesoft.org/schema/mule/http http://www.mulesoft.org/schema/mule/http/current/mule-http.xsd">
	<flow name="successResponseToDbFlow" doc:id="e1dcc3ce-6ca7-4484-95e9-59dfafecbd28" >
		<async doc:name="Async" doc:id="eaf0612c-4d0b-4bd7-aed7-400a93184024" >
			<try doc:name="Try" doc:id="26b5ed4d-3cb0-4b94-9bff-ad98dc04dd56">
			<ee:transform doc:name="dbSuccessRequest" doc:id="ab3bf95f-faf1-48af-92b1-33e8e1b8f211">
			<ee:message>
						<ee:set-payload resource="dwl/dbSuccessRequest.dwl" />
			</ee:message>
		</ee:transform>
			<!-- [STUDIO:"dbTransactionalInsert"]<flow-ref doc:name="dbTransactionalInsert" doc:id="a49fd936-ed20-4d9d-b4c9-16008d974015" name="db-transactional-interface-InsertFlow" /> [STUDIO] -->
			<logger level="DEBUG" doc:name="debugDbSuccessResponse" doc:id="5464984a-51cb-47a7-a825-bfbfc4260ce0" message="UUID:::#[vars.UUID]::::: DataBase  Success Response ::: #[payload]" category="com.aperture.mule4.dbSuccessResponse" />
			<logger level="INFO" doc:name="logDbSuccessResponse" doc:id="96167652-1ae3-4fa1-9d26-0d2a0dfd001e" message="UUID:::#[vars.UUID]::::: DataBase  Success Response ::: #[payload]" />
			<error-handler>
				<on-error-continue enableNotifications="true" logException="true" doc:name="On Error Continue" doc:id="499b8278-b42d-476a-9ae6-8e0ff42ef38f">
					<logger level="INFO" doc:name="logInfo" doc:id="a0c4da79-ee57-43bd-a854-7749643bb36f" message="UUID::#[vars.uuid]  Error Occurred in DB Connectivity For DataBase Success Response " />
				</on-error-continue>
			</error-handler>
		</try>
		</async>
	</flow>
	<flow name="errorResponseToDbFlow" doc:id="a14810d0-f2a5-4830-af03-e8f318a9a9b0" >
		<async doc:name="Async" doc:id="3cda7cc9-dac0-455d-9bbf-925d3191749c" >
			<try doc:name="Try" doc:id="b3e9b8df-e658-427a-8a05-c10220f3a93e">
			<ee:transform doc:name="errorMessage" doc:id="399fdd97-0b23-4c53-8fa7-e12dac608772">
				<ee:message>
				</ee:message>
				<ee:variables>
					<ee:set-variable variableName="httpStatus"><![CDATA[//if (error.muleMessage.payload.errorType default "" contains 'HTTP:CONNECTIVITY') 503 else  error.cause.errorMessage.attributes.statusCodse default 500
if(error.muleMessage.payload.errorCode != null) if((error.muleMessage.payload.errorType contains 'HTTP:CONNECTIVITY') or (error.muleMessage.payload.errorType contains 'HTTP:TIMEOUT') or (error.muleMessage.payload.errorType contains 'HTTP:UNAUTHORIZED')) 503 else error.muleMessage.payload.errorCode else  error.cause.errorMessage.attributes.statusCodse default 500]]></ee:set-variable>
						<ee:set-variable variableName="errorMessage" ><![CDATA[%dw 2.0
output application/json
---
{
    uuid: if(error.muleMessage.payload.uuid != null)error.muleMessage.payload.uuid else vars.uuid,
    status: "Error",
    errorCode : if(error.muleMessage.payload.errorCode != null) if((error.muleMessage.payload.errorType contains 'HTTP:CONNECTIVITY') or (error.muleMessage.payload.errorType contains 'HTTP:TIMEOUT') or (error.muleMessage.payload.errorType contains 'HTTP:UNAUTHORIZED')) 401 else error.muleMessage.payload.errorCode else  error.cause.errorMessage.attributes.statusCodse default 500,
     //if(error.muleMessage.payload.errorCode != null)error.muleMessage.payload.errorCode else (error.cause.errorMessage.attributes.statusCode),
    "errorMessage": if(error.muleMessage.payload.errorMessage != null)error.muleMessage.payload.errorMessage else error.description,
    "errorType": if(error.muleMessage.payload.errorType != null)  if((error.muleMessage.payload.errorType contains 'HTTP:CONNECTIVITY') or (error.muleMessage.payload.errorType contains 'HTTP:TIMEOUT') or (error.muleMessage.payload.errorType contains 'HTTP:UNAUTHORIZED')) "HTTP:SERVICE_UNAVAILABLE" else error.muleMessage.payload.errorType else (error.errorType.namespace default "") ++ ":" ++ (error.errorType.identifier default "")
}
 ]]></ee:set-variable>
				</ee:variables>
			</ee:transform>
			<ee:transform doc:name="errorResponse" doc:id="3966e850-d33b-4a2e-936d-470cf0d68e4f">
				<ee:message>
						<ee:set-payload resource="dwl/dbErrorResponse.dwl" />
				</ee:message>
			</ee:transform>
			<flow-ref doc:name="dbBulkTransactionalInsert" doc:id="944f9ae0-0f84-4cee-97ac-d7f34c84a120" name="db-transactional-interface-InsertFlow" />
			<logger level="DEBUG" doc:name="debugLogDbErrorRes" doc:id="791bb77e-1f84-4a14-87fb-4447a65d9510" message="UUID:::#[vars.UUID]::::: DataBase  Error Response ::: #[payload]" category="com.aperture.mule4.dbErrorResponse" />
			<logger level="INFO" doc:name="infoLogDbErrorRes" doc:id="d0fb5bce-93b0-437e-8c5a-c672c080fa5c" message="UUID:::#[vars.UUID]::::: DataBase  Error Response ::: #[payload]" />
			<error-handler>
				<on-error-continue enableNotifications="true" logException="true" doc:name="On Error Continue" doc:id="d1e94ffa-9f95-4b2e-bc40-6bb6348f62e4">
					<logger level="INFO" doc:name="infoLog" doc:id="19237ae0-9e13-4d69-8645-70f8714f0ecd" message="UUID::#[vars.uuid]  Error Occurred in DB Connectivity For DataBase Error Response " />
				</on-error-continue>
			</error-handler>
		</try>
		</async>
	</flow>
	<!-- <flow name="dbCancelSundryOrderFlow" doc:id="272a8c3e-944c-4d4f-9c1f-81c65d80dc18" >
		<try doc:name="Try" doc:id="0a4f6959-59e8-4157-8e70-85e6ef0031e3" >
			<async doc:name="Async" doc:id="c6fd99bd-f758-4ea2-9a26-c30e8872a19c" >
				<ee:transform doc:name="caseCancelSundrySuccessResponse" doc:id="a21d396a-ddf0-4207-98c2-f9bb01eaf7a8" >
					<ee:message >
						<ee:set-payload ><![CDATA[%dw 2.0
output application/json
-&#45;&#45;
{
	interfaceId: "aperture-sf-sap-caseReject-us",
	id: vars.originalPayload.Id,
	uniqueId: [vars.originalPayload.Id, now() as LocalDateTime {format:"yyyy-MM-dd HH:mm:ss"} as String {format:"yyyyMMddHHmmss"} default "","sap"] joinBy "_",
	createdTimestamp: now() as LocalDateTime {format:"yyyy-MM-dd HH:mm:ss"} as String {format:"MM-dd-yyyy HH:mm:ss"} default "",
	updatedTimestamp: payload.updatedTimestamp default null,
	errorSystemName: null,
	errorMessageJson:  write(vars.errorMessage, "application/json") default null,
	originalPayloadJson: write(vars.originalPayload, "application/json"),
	failurePayloadJson: write(payload, "application/json")  default null,
	errorMessageXml: null,
	failurePayloadXml: null,
	originalPayloadXml: null,
	recordStatus: "success",
	typeofRequest: "topic",
	filePath:  null,
	typeofError: null,
	muleRetryCount: "0",
	uiRetryCount: "0",
	retryStatus: "active",
	snowTicket:  null ,
	mailNotification: "no",
	transactionType: null,	
	customId:  null
}

]]></ee:set-payload>
					</ee:message>
				</ee:transform>
				<flow-ref doc:name="dbBulkTransactionalInsert" doc:id="38bf0dea-9620-4234-b432-0e805460a710" name="db-transactional-interface-InsertFlow" />
				<logger level="DEBUG" doc:name="debugCancelSuccessRes" doc:id="017fbb28-94f1-405c-87d1-8271daf7cc1b" message="UUID:::#[vars.UUID]::::: Case Sundry Cancel Success Response ::: #[payload]" category="com.aperture.mule4.canceDbSuccessResponse"/>
				<logger level="INFO" doc:name="logCancelSuccessRes" doc:id="19102696-af17-446b-b511-df4a1a18d3be" message="UUID:::#[vars.UUID]::::: Case Sundry Cancel Success Response ::: #[payload]"/>
			</async>
			<error-handler >
				<on-error-continue enableNotifications="true" logException="true" doc:name="On Error Continue" doc:id="a3a5b89b-4ae3-497e-991f-cc64ca0d67ca" >
					<logger level="ERROR" doc:name="debugLog" doc:id="f5964783-a26b-4f88-8ab8-4e2ab1823f5b" message="UUID::#[vars.uuid] For Case Cancel Error Response ,Error Occurred in DB Connectivity " category="com.aperture.mule4.cancelDbSuccessConnectivity" />
					<logger level="INFO" doc:name="infoLog" doc:id="f32df939-1a94-4e15-8fd5-072d4f64cea0" message="UUID::#[vars.uuid] For Case Cancel Error Response ,Error Occurred in DB Connectivity " />
				</on-error-continue>
			</error-handler>
		</try>
	</flow>
	<flow name="dbCancelErrorSundryOrderFlow" doc:id="5e6b0c29-af41-4223-a733-53b23839c741" >
		<try doc:name="Try" doc:id="87d76400-cf47-4192-89f2-dd19d47c8a47" >
			<async doc:name="Async" doc:id="fa3f0443-05a7-47fd-bafe-3e93507d4052" >
				<ee:transform doc:name="errorMessage" doc:id="4658b3b6-29a0-4413-946c-51c84e9d5fbc" >
					<ee:message >
						<ee:set-payload ><![CDATA[%dw 2.0
var errorDes= if(error.description contains "(19|20)\d\d[/](0[1-9]|1[012])[/](0[1-9]|[12][0-9]|3[01])") "Date format should be in 'yyyy-mm-dd'." else (error.description default "")
output application/json
-&#45;&#45;
{
    uuid: if(error.muleMessage.payload.uuid != null)error.muleMessage.payload.uuid else vars.uuid,
    status: "Error",
    errorCode : if(error.muleMessage.payload.errorCode != null) if((error.muleMessage.payload.errorType contains 'HTTP:CONNECTIVITY') or (error.muleMessage.payload.errorType contains 'HTTP:TIMEOUT') or (error.muleMessage.payload.errorType contains 'HTTP:UNAUTHORIZED')) 503 else error.muleMessage.payload.errorCode else  error.cause.errorMessage.attributes.statusCodse default 500,
     //if(error.muleMessage.payload.errorCode != null)error.muleMessage.payload.errorCode else (error.cause.errorMessage.attributes.statusCode),
    "errorMessage": if(error.muleMessage.payload.errorMessage != null)error.muleMessage.payload.errorMessage else (errorDes),
    "errorType": if(error.muleMessage.payload.errorType != null)  if((error.muleMessage.payload.errorType contains 'HTTP:CONNECTIVITY') or (error.muleMessage.payload.errorType contains 'HTTP:TIMEOUT') or (error.muleMessage.payload.errorType contains 'HTTP:UNAUTHORIZED')) "HTTP:SERVICE_UNAVAILABLE" else error.muleMessage.payload.errorType else (error.errorType.namespace default "") ++ ":" ++ (error.errorType.identifier default "")
}
 ]]></ee:set-payload>
					</ee:message>
					<ee:variables >
						<ee:set-variable variableName="httpStatus" ><![CDATA[//if (error.muleMessage.payload.errorType default "" contains 'HTTP:CONNECTIVITY') 503 else  error.cause.errorMessage.attributes.statusCodse default 500
if(error.muleMessage.payload.errorCode != null) if((error.muleMessage.payload.errorType contains 'HTTP:CONNECTIVITY') or (error.muleMessage.payload.errorType contains 'HTTP:TIMEOUT') or (error.muleMessage.payload.errorType contains 'HTTP:UNAUTHORIZED')) 503 else error.muleMessage.payload.errorCode else  error.cause.errorMessage.attributes.statusCodse default 500]]></ee:set-variable>
					</ee:variables>
				</ee:transform>
				<ee:transform doc:name="errorResponse" doc:id="e308177f-be04-4ec9-8ee0-c6e73e831a47" >
					<ee:message >
						<ee:set-payload ><![CDATA[%dw 2.0
output application/json
-&#45;&#45;
{
	interfaceId: "aperture-sf-sap-caseReject-us",
	id: vars.originalPayload.Id,
	uniqueId: [vars.originalPayload.Id, now() as LocalDateTime {format:"yyyy-MM-dd HH:mm:ss"} as String {format:"yyyyMMddHHmmss"} default "","ptc"] joinBy "_",
	createdTimestamp: now() as LocalDateTime {format:"yyyy-MM-dd HH:mm:ss"} as String {format:"MM-dd-yyyy HH:mm:ss"} default "",
	updatedTimestamp: payload.updatedTimestamp default null,
	errorSystemName: "sap",
	errorMessageJson:  write(vars.errorMessage, "application/json") default null,
	originalPayloadJson: write(vars.originalPayload, "application/json"),
	failurePayloadJson: if(error.muleMessage.payload.failureMessage != null) write( error.muleMessage.payload.failureMessage , "application/json")  else error.description default null,
	errorMessageXml: null,
	failurePayloadXml: null,
	originalPayloadXml: null,
	recordStatus: "failed",
	typeofRequest: "topic",
	filePath:  null,
	typeofError: if(vars.errorType != null) if((vars.errorType contains 'HTTP:CONNECTIVITY') or (vars.errorType contains 'HTTP:TIMEOUT') or (vars.errorType contains 'HTTP:UNAUTHORIZED')) "connection" else "bussiness" else  "connection",
	muleRetryCount: "0",
	uiRetryCount: "0",
	retryStatus: "active",
	snowTicket:  null ,
	mailNotification: "no",
	transactionType: null,	
	customId:  null
}

]]></ee:set-payload>
					</ee:message>
				</ee:transform>
				<flow-ref doc:name="dbBulkTransactionalInsert" doc:id="a663258a-19dc-4eb9-a5a1-fa140f9ee831" name="db-transactional-interface-InsertFlow" />
				<logger level="DEBUG" doc:name="debugLogCancelSundryErrorRes" doc:id="751115b1-a966-43d1-9c46-a11f938483b9" message="UUID:::#[vars.UUID]::::: Case Sundry Cancel Error Response ::: #[payload]" category="com.aperture.mule4.cancelDbErrorResponse"/>
				<logger level="INFO" doc:name="infoLogApproveSundryErrorRes" doc:id="455528bb-4c9d-4614-8a8f-7077320cf495" message="UUID:::#[vars.UUID]::::: Case Sundry Approve Error Response "/>
			</async>
			<error-handler >
				<on-error-continue enableNotifications="true" logException="true" doc:name="On Error Continue" doc:id="771e4f0d-d442-4c68-9ae9-b641296b5989" type="ANY">
					<logger level="ERROR" doc:name="debugLog" doc:id="93212404-aef8-4976-be08-69e814645a45" message="UUID::#[vars.uuid] For Case Cancel Error Response ,Error Occurred in DB Connectivity " category="com.aperture.mule4.approvedbErrorConnectivity" />
					<logger level="INFO" doc:name="infoLog" doc:id="185a72ef-c866-4b3c-838b-032aeaba081f" message="UUID::#[vars.uuid] For Case Cancel Error Response ,Error Occurred in DB Connectivity " />
				</on-error-continue>
			</error-handler>
		</try>
	</flow>
	<flow name="dbThirdPartyCaseFlow" doc:id="e3da8944-4c76-434e-a48f-d604f8acb56b" >
		<try doc:name="Try" doc:id="5637d3e8-cd83-4d2f-8231-052e7222a6bb" >
			<async doc:name="Async" doc:id="7658a9cc-a62d-4319-a2d3-707e59f91b16" >
				<ee:transform doc:name="caseThirdPartySuccessResponse" doc:id="14ca4b0a-70d4-4da7-bd26-a6142d93cd76" >
					<ee:message >
						<ee:set-payload ><![CDATA[%dw 2.0
output application/json
-&#45;&#45;
{
	interfaceId: "aperture-sf-ptc-case-us",
	id: vars.originalPayload.Id,
	uniqueId: [vars.originalPayload.Id, now() as LocalDateTime {format:"yyyy-MM-dd HH:mm:ss"} as String {format:"yyyyMMddHHmmss"} default "","sap"] joinBy "_",
	createdTimestamp: now() as LocalDateTime {format:"yyyy-MM-dd HH:mm:ss"} as String {format:"MM-dd-yyyy HH:mm:ss"} default "",
	updatedTimestamp: payload.updatedTimestamp default null,
	errorSystemName: null,
	errorMessageJson:  write(vars.errorMessage, "application/json") default null,
	originalPayloadJson: write(vars.originalPayload, "application/json"),
	failurePayloadJson: write(payload, "application/json")  default null,
	errorMessageXml: null,
	failurePayloadXml: null,
	originalPayloadXml: null,
	recordStatus: "success",
	typeofRequest: "topic",
	filePath:  null,
	typeofError: null,
	muleRetryCount: "0",
	uiRetryCount: "0",
	retryStatus: "active",
	snowTicket:  null ,
	mailNotification: "no",
	transactionType: null,	
	customId:  null
}

]]></ee:set-payload>
					</ee:message>
				</ee:transform>
				<flow-ref doc:name="dbBulkTransactionalInsert" doc:id="6b4522b3-f464-4dc9-871f-49cf03d53c81" name="db-transactional-interface-InsertFlow" />
				<logger level="DEBUG" doc:name="debugCaseSuccessRes" doc:id="877e8d26-ac00-4ec4-9019-4f3e31eb2312" message="UUID:::#[vars.UUID]::::: Third Party Case Success Response ::: #[payload]" category="com.aperture.mule4.caseThirdpartySuccessRes"/>
				<logger level="INFO" doc:name="logCaseSuccessRes" doc:id="d9098d8e-ad98-49a8-bd11-ce31cd62680b" message="UUID:::#[vars.UUID]::::: Third Party Case Success Response "/>
			</async>
			<error-handler >
				<on-error-continue enableNotifications="true" logException="true" doc:name="On Error Continue" doc:id="31ddafae-ac35-48df-9d09-b177372e8874" >
					<logger level="ERROR" doc:name="debugLog" doc:id="4eb3d735-5e6e-4e9b-af69-7e88a17695d2" message="UUID::#[vars.uuid] For Third Party Case Error Response ,Error Occurred in DB Connectivity " category="com.aperture.mule4.thirdPartyCaseConnectivity" />
					<logger level="INFO" doc:name="infoLog" doc:id="8ba4c00e-8e59-4f36-9733-8a053f4dc78b" message="UUID::#[vars.uuid] For Case Cancel Error Response ,Error Occurred in DB Connectivity " />
				</on-error-continue>
			</error-handler>
		</try>
	</flow>
	<flow name="dbThirdPartyCaseErrorFlow" doc:id="344a0cf0-097d-451c-8da2-7a43259c50bc" >
		<try doc:name="Try" doc:id="3497e537-5af8-4902-9955-b8f371ab412b" >
			<async doc:name="Async" doc:id="9a446765-3541-437e-847c-27955b5bd30a" >
				<ee:transform doc:name="errorMessage" doc:id="ee88c0c4-56ee-43b6-b808-b9b8668a0466" >
					<ee:message >
						<ee:set-payload ><![CDATA[%dw 2.0
var errorDes= if(error.description contains "(19|20)\d\d[/](0[1-9]|1[012])[/](0[1-9]|[12][0-9]|3[01])") "Date format should be in 'yyyy-mm-dd'." else (error.description default "")
output application/json
-&#45;&#45;
{
    uuid: if(error.muleMessage.payload.uuid != null)error.muleMessage.payload.uuid else vars.uuid,
    status: "Error",
    errorCode : if(error.muleMessage.payload.errorCode != null) if((error.muleMessage.payload.errorType contains 'HTTP:CONNECTIVITY') or (error.muleMessage.payload.errorType contains 'HTTP:TIMEOUT') or (error.muleMessage.payload.errorType contains 'HTTP:UNAUTHORIZED')) 503 else error.muleMessage.payload.errorCode else  error.cause.errorMessage.attributes.statusCodse default 500,
     //if(error.muleMessage.payload.errorCode != null)error.muleMessage.payload.errorCode else (error.cause.errorMessage.attributes.statusCode),
    "errorMessage": if(error.muleMessage.payload.errorMessage != null)error.muleMessage.payload.errorMessage else (errorDes),
    "errorType": if(error.muleMessage.payload.errorType != null)  if((error.muleMessage.payload.errorType contains 'HTTP:CONNECTIVITY') or (error.muleMessage.payload.errorType contains 'HTTP:TIMEOUT') or (error.muleMessage.payload.errorType contains 'HTTP:UNAUTHORIZED')) "HTTP:SERVICE_UNAVAILABLE" else error.muleMessage.payload.errorType else (error.errorType.namespace default "") ++ ":" ++ (error.errorType.identifier default "")
}
 ]]></ee:set-payload>
					</ee:message>
					<ee:variables >
						<ee:set-variable variableName="httpStatus" ><![CDATA[//if (error.muleMessage.payload.errorType default "" contains 'HTTP:CONNECTIVITY') 503 else  error.cause.errorMessage.attributes.statusCodse default 500
if(error.muleMessage.payload.errorCode != null) if((error.muleMessage.payload.errorType contains 'HTTP:CONNECTIVITY') or (error.muleMessage.payload.errorType contains 'HTTP:TIMEOUT') or (error.muleMessage.payload.errorType contains 'HTTP:UNAUTHORIZED')) 503 else error.muleMessage.payload.errorCode else  error.cause.errorMessage.attributes.statusCodse default 500]]></ee:set-variable>
					</ee:variables>
				</ee:transform>
				<ee:transform doc:name="errorResponse" doc:id="1d9903a7-efc4-4d9e-88c4-a34c97e2e9f5" >
					<ee:message >
						<ee:set-payload ><![CDATA[%dw 2.0
output application/json
-&#45;&#45;
{
	interfaceId: "aperture-sf-ptc-case-us",
	id: vars.originalPayload.Id,
	uniqueId: [vars.originalPayload.Id, now() as LocalDateTime {format:"yyyy-MM-dd HH:mm:ss"} as String {format:"yyyyMMddHHmmss"} default "","ptc"] joinBy "_",
	createdTimestamp: now() as LocalDateTime {format:"yyyy-MM-dd HH:mm:ss"} as String {format:"MM-dd-yyyy HH:mm:ss"} default "",
	updatedTimestamp: payload.updatedTimestamp default null,
	errorSystemName: "ptc",
	errorMessageJson:  write(vars.errorMessage, "application/json") default null,
	originalPayloadJson: write(vars.originalPayload, "application/json"),
	failurePayloadJson: if(error.muleMessage.payload.failureMessage != null) write( error.muleMessage.payload.failureMessage , "application/json")  else error.description default null,
	errorMessageXml: null,
	failurePayloadXml: null,
	originalPayloadXml: null,
	recordStatus: "failed",
	typeofRequest: "topic",
	filePath:  null,
	typeofError: if(vars.errorType != null) if((vars.errorType contains 'HTTP:CONNECTIVITY') or (vars.errorType contains 'HTTP:TIMEOUT') or (vars.errorType contains 'HTTP:UNAUTHORIZED')) "connection" else "bussiness" else  "connection",
	muleRetryCount: "0",
	uiRetryCount: "0",
	retryStatus: "active",
	snowTicket:  null ,
	mailNotification: "no",
	transactionType: null,	
	customId:  null
}

]]></ee:set-payload>
					</ee:message>
				</ee:transform>
				<flow-ref doc:name="dbBulkTransactionalInsert" doc:id="6f3fafd7-d2d6-4407-a1f7-964a6582f980" name="db-transactional-interface-InsertFlow" />
				<logger level="DEBUG" doc:name="debugLogCaseErrorResponse" doc:id="93f77507-2a26-4636-a948-4b5bfbcd2101" message="UUID:::#[vars.UUID]::::: Third Party Case Error Response ::: #[payload]" category="com.aperture.mule4.caseDbErrorResponse"/>
				<logger level="INFO" doc:name="infoLogCaseErrorResponse" doc:id="334cbde2-bc2e-4768-8a11-beea507515dd" message="UUID:::#[vars.UUID]:::::Third Party Case Error Response "/>
			</async>
			<error-handler >
				<on-error-continue enableNotifications="true" logException="true" doc:name="On Error Continue" doc:id="5b65495e-4af4-4dc5-b520-674bb3423d4a" type="ANY">
					<logger level="ERROR" doc:name="debugLog" doc:id="aaac73c2-99eb-454e-8e64-9047075ccb1c" message="UUID::#[vars.uuid] For Third Party Case Error Response ,Error Occurred in DB Connectivity " category="com.aperture.mule4.caseDbErrorConnectivity" />
					<logger level="INFO" doc:name="infoLog" doc:id="2267931f-10e4-46bb-831b-fc8d68517e97" message="UUID::#[vars.uuid] For Third Party Case Error Response ,Error Occurred in DB Connectivity " />
				</on-error-continue>
			</error-handler>
		</try>
	</flow> -->
</mule>
