<?xml version="1.0" encoding="UTF-8"?>

<mule xmlns:os="http://www.mulesoft.org/schema/mule/os" xmlns:email="http://www.mulesoft.org/schema/mule/email"
	xmlns:ee="http://www.mulesoft.org/schema/mule/ee/core"
	xmlns:http="http://www.mulesoft.org/schema/mule/http" xmlns:ibm-mq="http://www.mulesoft.org/schema/mule/ibm-mq" xmlns="http://www.mulesoft.org/schema/mule/core" xmlns:doc="http://www.mulesoft.org/schema/mule/documentation" xmlns:xsi="http://www.w3.org/2001/XMLSchema-instance" xsi:schemaLocation="http://www.mulesoft.org/schema/mule/core http://www.mulesoft.org/schema/mule/core/current/mule.xsd
http://www.mulesoft.org/schema/mule/ibm-mq http://www.mulesoft.org/schema/mule/ibm-mq/current/mule-ibm-mq.xsd
http://www.mulesoft.org/schema/mule/http http://www.mulesoft.org/schema/mule/http/current/mule-http.xsd
http://www.mulesoft.org/schema/mule/ee/core http://www.mulesoft.org/schema/mule/ee/core/current/mule-ee.xsd
http://www.mulesoft.org/schema/mule/email http://www.mulesoft.org/schema/mule/email/current/mule-email.xsd
http://www.mulesoft.org/schema/mule/os http://www.mulesoft.org/schema/mule/os/current/mule-os.xsd">
	<flow name="IBMMQFlow" doc:id="8150888c-9715-432e-a8db-4d6531065159">
		<ibm-mq:listener doc:name="On New Message" doc:id="2a8b68f9-5332-4b87-b888-47e103a9b8f8" config-ref="IBM_MQ_Config" ackMode="MANUAL" destination="${secure::ibm.queue}" numberOfConsumers="1">
			<ibm-mq:consumer-type >
				<ibm-mq:queue-consumer />
			</ibm-mq:consumer-type>
		</ibm-mq:listener>
		<logger level="INFO" doc:name="infoLog" doc:id="8a0b4d8d-f560-45c2-b47b-b17aaa481fb7" message="uuid :#[vars.UUID] IbmMq reprocess flow started"/>
		<!-- <flow-ref doc:name="connectionHealthCheck" doc:id="42c17df4-0761-4a25-b4d9-c3c99bfe03da" name="connectionHealthCheck" target="pingOperation"/> -->
		<logger level="DEBUG" doc:name="debugLog" doc:id="81a5e844-0868-48b3-91b6-414a43e37922" message="uuid :#[vars.UUID]  reprocess request from IBMMQ :#[payload]" category="com.aperture.mule4.ibmMq" />
		<flow-ref doc:name="connectionHealthCheck" doc:id="8dfa5692-6a9b-4fd7-9706-b108cef1a042" name="connectionHealthCheck" target="pingOperation" />
		<logger level="INFO" doc:name="pingStatus" doc:id="c5f64f66-f726-40d7-aa16-bad3c98eceaa" message="connection status is :#[vars.pingOperation]"/>
		<ibm-mq:ack doc:name="Ack" doc:id="403bcc8a-a16f-46c9-9fa6-606f5eb0d17b" ackId="#[attributes.ackId]" />
		<flow-ref doc:name="customers" doc:id="13547964-46f4-4b12-ae3d-561de9155c9c" name='#[p("secure::event." ++ payload.channel)]' />
	</flow>
	<flow name="connectionHealthCheck" doc:id="cd41af39-6c28-473c-8549-7e3dff3d6167" >
		<http:request method="GET" doc:name="sfRequest" doc:id="24b53b70-ae28-4a93-b9e7-e16a525c77e4" config-ref="SF_CONFIG_Request_configuration" path="${secure::salesforce.https.accountContact}">
			<http:headers><![CDATA[#[output application/java
---
{
	uuid : vars.uuid,
   "client_secret" : p('secure::salesforce.client.secret'),
	"client_id" : p('secure::salesforce.client.id')
	
}]]]></http:headers>
			<http:query-params><![CDATA[#[output application/java
---
{
	soqlQueryCondition : "Account.GlobalId__c ='010124248'"
}]]]></http:query-params>
		</http:request>
		<logger level="INFO" doc:name="infoLog" doc:id="cb1dbf54-202d-4976-acb6-78f8798424a4" message="sf connection successful"/>
		<http:request method="GET" doc:name="sapRequest" doc:id="325b5f4f-5c69-499c-b050-6b0113926430" config-ref="Sap_Request_configuration" path="${secure::sap.https.healthCheck}">
			<http:headers><![CDATA[#[output application/java
---
{
	uuid : vars.uuid,
   "client_secret" : p('secure::sap.client.secret'),
	"client_id" : p('secure::sap.client.id')
	
}]]]></http:headers>
		</http:request>
		<logger level="INFO" doc:name="infoLog" doc:id="36d358f9-edf4-494d-bc76-1a6dc0ac74e1" message="sap connection successful" />
		<ee:transform doc:name="successResponse" doc:id="9bd3878a-07b4-4fe7-8ae0-dc877aa9dba4">
			<ee:message>
				<ee:set-payload ><![CDATA[%dw 2.0
output application/json
---
"success"]]></ee:set-payload>
			</ee:message>
			<ee:variables>
			</ee:variables>
		</ee:transform>
		<error-handler >
			<on-error-continue enableNotifications="true" logException="true" doc:name="On Error Continue" doc:id="f4d9eaac-2177-4cd4-8368-4db11d6adc73" type="ANY">
				<logger level="INFO" doc:name="errorLog" doc:id="1bd5c15b-ef8d-4cc1-8828-5a732fe58cdc" message="sap and sf connection ping failed  #[error.muleMessage.payload]"/>
				<set-variable value='#[%dw 2.0&#10;output application/java&#10;---&#10;"Hi Team, SF-SAP integration health check failed."]' doc:name="emailContent" doc:id="b41e00d3-03a1-431f-ab2a-197f1a1cb2f5" variableName="emailContent" />
				<flow-ref doc:name="email" doc:id="70484b69-3a10-4dba-872c-78cc175eafde" name="email" />
				<ee:transform doc:name="failedMessage" doc:id="d40a194e-3d00-4562-b4dd-4641d60a686b" >
					<ee:message >
						<ee:set-payload ><![CDATA[%dw 2.0
import * from dw::Runtime
output application/json
---
wait(payload,120000)]]></ee:set-payload>
					</ee:message>
					<ee:variables >
					</ee:variables>
				</ee:transform>
			</on-error-continue>
		</error-handler>
	</flow>
	<flow name="ibmPublishCommonFlow" doc:id="5c067050-57f8-4b49-9a76-d3758d18e94b" >
		<ibm-mq:publish doc:name="Publish" doc:id="df8a318d-d0d9-41b0-9956-8f478da65944" config-ref="IBM_MQ_Config" destination="${secure::ibm.queue}">
			<ibm-mq:message >
				<ibm-mq:body ><![CDATA[#[vars.originalPayload]]]></ibm-mq:body>
			</ibm-mq:message>
		</ibm-mq:publish>
	</flow>
</mule>
