<?xml version='1.0' encoding='UTF-8'?>
<types:mule xmlns:types="http://www.mulesoft.org/schema/mule/types">
  <types:catalog>
    <types:type name="location" format="fixedWidth">
      <types:shape format="fixedWidth" element="location" location="location.ffd" example="examples/locationsSample-1.csv"/>
    </types:type>
  </types:catalog>
  <types:enrichment select="#a408ec63-4501-477e-ace5-58a2f3a62ea2">
    <types:processor-declaration>
      <types:input-event>
        <types:message>
          <types:payload type="location"/>
        </types:message>
      </types:input-event>
      <types:output-event>
        <types:message>
          <types:payload type="location"/>
        </types:message>
      </types:output-event>
    </types:processor-declaration>
  </types:enrichment>
  <types:enrichment select="#5564269b-38ba-4277-93ed-d61e60836e98"/>
  <types:enrichment select="#9fc4d1b4-d4f7-4f5a-8aca-2af1d8f4ec47"/>
</types:mule>