<?xml version="1.0" encoding="UTF-8"?>

<mule xmlns:validation="http://www.mulesoft.org/schema/mule/validation" xmlns:os="http://www.mulesoft.org/schema/mule/os"
	xmlns:secure-properties="http://www.mulesoft.org/schema/mule/secure-properties"
	xmlns:http="http://www.mulesoft.org/schema/mule/http" xmlns="http://www.mulesoft.org/schema/mule/core" xmlns:doc="http://www.mulesoft.org/schema/mule/documentation" xmlns:xsi="http://www.w3.org/2001/XMLSchema-instance" xsi:schemaLocation="http://www.mulesoft.org/schema/mule/core http://www.mulesoft.org/schema/mule/core/current/mule.xsd
http://www.mulesoft.org/schema/mule/http http://www.mulesoft.org/schema/mule/http/current/mule-http.xsd
http://www.mulesoft.org/schema/mule/secure-properties http://www.mulesoft.org/schema/mule/secure-properties/current/mule-secure-properties.xsd
http://www.mulesoft.org/schema/mule/os http://www.mulesoft.org/schema/mule/os/current/mule-os.xsd
http://www.mulesoft.org/schema/mule/validation http://www.mulesoft.org/schema/mule/validation/current/mule-validation.xsd">
	<http:request-config name="HTTP_Request_configuration" doc:name="HTTP Request configuration" doc:id="ef0549b6-f329-4bb8-bf15-9100245269b3" responseTimeout="${secure::sap.http.responseTimeOut}">
		<http:request-connection host="${secure::sap.http.host}" port="${secure::sap.http.port}" protocol="${secure::sap.http.protocol}" connectionIdleTimeout="${secure::sap.http.responseTimeOut}">
			<reconnection >
				<reconnect frequency="20000" count="3" />
			</reconnection>
			<http:authentication >
				<http:basic-authentication username="${secure::sap.username}" password="${secure::sap.password}" />
			</http:authentication>
		</http:request-connection>
	</http:request-config>
	<secure-properties:config name="Secure_Properties_Config" doc:name="Secure Properties Config" doc:id="30f45cca-9e9b-4e08-a531-afc63b13c03b" file="env\mule-proc-api-sap-${mule.env}.yaml" key="${property.key}" >
		<secure-properties:encrypt algorithm="Blowfish" />
	</secure-properties:config>
	<http:request-config name="sf_Request_configuration" doc:name="HTTP Request configuration" doc:id="576408db-cf31-4707-9369-b99889284c12" responseTimeout="${secure::sf.http.responseTimeOut}">
		<http:request-connection protocol="HTTPS" host="${secure::sf.http.host}" port="${secure::sf.http.port}" connectionIdleTimeout="120000">
			<reconnection >
				<reconnect frequency="20000" count="3" />
			</reconnection>
		</http:request-connection>
	</http:request-config>
	<os:object-store name="Object_store" doc:name="Object store" doc:id="0162aeb3-502d-46bc-8aac-71ce7f0a7a0e" />
	<http:request-config name="http_sap_sys_request" doc:name="HTTP Request configuration" doc:id="b6750e80-e605-480a-914e-bd69fb9b631e" responseTimeout="${secure::sap.http.responseTimeOut}" >
		<http:request-connection protocol="HTTPS" host="${secure::sap.sys.host}" port="${secure::sap.sys.port}" connectionIdleTimeout="120000" >
			<reconnection >
				<reconnect frequency="20000" count="3" />
			</reconnection>
		</http:request-connection>
	</http:request-config>
	<validation:config name="Validation_Config" doc:name="Validation Config" doc:id="bf6cf462-52a2-446d-a74f-03b71b33ad89" />
</mule>
