<?xml version="1.0" encoding="UTF-8"?>

<mule xmlns:validation="http://www.mulesoft.org/schema/mule/validation" xmlns:batch="http://www.mulesoft.org/schema/mule/batch"
	xmlns:ee="http://www.mulesoft.org/schema/mule/ee/core"
	xmlns:http="http://www.mulesoft.org/schema/mule/http" xmlns:os="http://www.mulesoft.org/schema/mule/os" xmlns="http://www.mulesoft.org/schema/mule/core" xmlns:doc="http://www.mulesoft.org/schema/mule/documentation" xmlns:xsi="http://www.w3.org/2001/XMLSchema-instance" xsi:schemaLocation="http://www.mulesoft.org/schema/mule/core http://www.mulesoft.org/schema/mule/core/current/mule.xsd
http://www.mulesoft.org/schema/mule/os http://www.mulesoft.org/schema/mule/os/current/mule-os.xsd
http://www.mulesoft.org/schema/mule/http http://www.mulesoft.org/schema/mule/http/current/mule-http.xsd
http://www.mulesoft.org/schema/mule/ee/core http://www.mulesoft.org/schema/mule/ee/core/current/mule-ee.xsd
http://www.mulesoft.org/schema/mule/batch http://www.mulesoft.org/schema/mule/batch/current/mule-batch.xsd
http://www.mulesoft.org/schema/mule/validation http://www.mulesoft.org/schema/mule/validation/current/mule-validation.xsd">
	<flow name="countCalculationFlow" doc:id="a554156c-51ee-4ff8-b1f8-cc038aba5261">
		<scheduler doc:name="countCalculationScheduler" doc:id="95569020-4305-4d92-8850-699e1eaef094" >
			<scheduling-strategy >
				<fixed-frequency frequency="2" timeUnit="MINUTES" />
			</scheduling-strategy>
		</scheduler>
		<!-- <http:listener doc:name="Listener" doc:id="344a8b35-a088-4ac6-81fe-ce8158b2c6eb" config-ref="HTTP_Listener_config" path="/countCalculation"/> -->
		<set-variable value="#[uuid()]" doc:name="uuid" doc:id="20b8afcb-760a-4741-bfc2-7891a8d15bb8" variableName="uuid" />
		<set-variable value='#["started"]' doc:name="countCalculationFlow" doc:id="500344c2-1b36-4ca0-a495-06f99160b5d3" variableName="countCalculationFlow" />
		<os:retrieve doc:name="jobStatusCountCalculation" doc:id="354d15de-827a-4421-b511-81a228fa2a7e" key="jobStatusCountCalculation" objectStore="Object_store" target="jobStatusCountCalculation" >
			<os:default-value ><![CDATA["inactive"]]></os:default-value>
		</os:retrieve>
		<logger level="INFO" doc:name="infoLog" doc:id="dc4fda00-7a3f-497e-a45b-94876849e732" message="uuid is ::#[vars.uuid], countCalculationFlow-is-::#[vars.countCalculationFlow]" />
		<choice doc:name="Choice" doc:id="0a2a9c5d-ee9e-4214-bf01-667da01957b3" >
			<when expression='vars.jobStatusCountCalculation != "active"' >
				<os:store doc:name="jobStatusCountCalculation" doc:id="f9dcd0d7-9c30-49c7-aba6-78d3c0775e61" key="jobStatusCountCalculation" objectStore="Object_store" >
					<os:value ><![CDATA[#["active"]]]></os:value>
				</os:store>
				<logger level="INFO" doc:name="infoLog" doc:id="83785094-df4d-4a37-9c7d-e2d1bc598fbf" message="uuid :: #[vars.uuid], countCalculation-batch-Status-is-Active" />
				<try doc:name="Try" doc:id="49620a38-9f40-4e0d-a641-8c081fe19d38" >
					<http:request method="GET" doc:name="requestToSap" doc:id="91fc6ae7-cab1-4871-9735-6fb1f953f037" config-ref="HTTP_Request_configuration" path="${secure::sap.http.auditPath}" >
						<http:headers ><![CDATA[#[%dw 2.0
output application/json
---
{
	Accept: p('secure::sap.Accept'),
	"X-Requested-With": "X"
	
}]]]></http:headers>
						<http:query-params ><![CDATA[#[%dw 2.0
output application/java
---
{
"\$filter": p('secure::sap.count.filter'),
"format": p('secure::sap.format')
}]]]></http:query-params>
					</http:request>
					<logger level="INFO" doc:name="infoLog" doc:id="9c15f248-c348-41d6-adc3-2089f75d3e5a" message="uuid :: #[vars.uuid], successfully-retrieved-countCalculation-event-data-from-sap"/>
					<logger level="DEBUG" doc:name="debugLogSAPResponse" doc:id="1e743a76-29f8-4252-ae20-2dc708ff5fd7" message="uuid is ::#[vars.uuid], countCalculation payload size :: #[sizeOf(payload.d.results)], countCalculation event response from sap :: #[payload]" category="com.chep.mule4.countCalculation" />
					<error-handler >
						<on-error-propagate enableNotifications="true" logException="true" doc:name="On Error Propagate" doc:id="d8a80b3f-9190-4c99-a08c-caf56782a1b5" >
							<ee:transform doc:name="errorMessage" doc:id="b031c034-0829-4814-a62c-bc4f2e1fb3b5" >
								<ee:message />
								<ee:variables >
									<ee:set-variable variableName="errorMessage" ><![CDATA[%dw 2.0
output application/json
---
{
"description": error.description,
"errorMessage": error.cause.errorMessage.payload
}]]></ee:set-variable>
								</ee:variables>
							</ee:transform>
							<logger level="INFO" doc:name="errorMessageLog" doc:id="04278f65-e320-4753-a0f1-e2b342731d16" message="uuid is ::#[vars.uuid], error-message-from-sap-countCalculation-event-get-request:::#[vars.errorMessage]" />
						</on-error-propagate>
					</error-handler>
				</try>
				<choice doc:name="Choice" doc:id="a5743607-9809-46f1-8def-7177fb997c6c" >
					<when expression='#[sizeOf((payload.d.results) filter $.SalesforceId != "")&gt;0]' >
						<logger level="INFO" doc:name="infoLog" doc:id="e297373f-1146-4af1-9960-65f2ef9adfcd" message="uuid :: #[vars.uuid], countCalculation-payload-before-updating-02-status-to-sap" />
						<async doc:name="Async" doc:id="e0774e32-8375-4df8-8597-0d6a40736f78" >
							<flow-ref doc:name="ack" doc:id="7f594289-9399-4ad7-92ca-8d4715575ff9" name="ack" />
						</async>
						<ee:transform doc:name="countCalPayload" doc:id="84968bcd-04f8-41cb-838b-f039a50e97d8" >
							<ee:message >
								<ee:set-payload ><![CDATA[%dw 2.0
output application/json
---
payload.d.results map {
    Guid: $.Guid,
    Referenceid1: $.Referenceid1,
    Referenceid2: $.Referenceid2,
    Transactiontype: $.Transactiontype,
    Destination: $.Destination,
    Timestamp: $.Timestamp,
    SalesforceId: $.SalesforceId
}]]></ee:set-payload>
							</ee:message>
							<ee:variables >
							</ee:variables>
						</ee:transform>
						<logger level="INFO" doc:name="infoLog" doc:id="52117ed4-a3b8-4c1f-b7f3-e5ed287a2e13" message="uuid :: #[vars.uuid], updated-02-status-to-sap-successfully-for-countCalculation-event"/>
						<logger level="DEBUG" doc:name="debugLog" doc:id="6df6e798-53d6-45ad-bdf5-1f101dd58e81" message="uuid is ::#[vars.uuid],  countCalculation request payload to batch from sap :: #[payload]" category="com.chep.mule4.countCalculation" />
						<batch:job jobName="countCalculationUpdateBatch_Job" doc:id="5672ed7f-4472-4251-b32e-574f94736e49" maxFailedRecords="-1" >
							<batch:process-records >
								<batch:step name="Batch_Step" doc:id="45588780-aedf-48cd-8c4c-ad77fb631fdd" >
									<logger level="INFO" doc:name="infoLog" doc:id="29c1212f-71f9-49f3-8920-29c6f98e13fc" message="uuid is ::#[vars.uuid], countCalculation-event-data-inside-the-batch-step" />
									<ee:transform doc:name="insideBatch" doc:id="a8b90322-d244-4198-9be4-26b758295ced" >
										<ee:message >
											<ee:set-payload ><![CDATA[%dw 2.0
output application/json
---
payload]]></ee:set-payload>
										</ee:message>
										<ee:variables >
										</ee:variables>
									</ee:transform>
									<logger level="DEBUG" doc:name="debugLog" doc:id="a7968d79-50bd-453b-9046-f043123d9040" message="uuid is ::#[vars.uuid], countCalculation payload inside the batch step :: #[payload]" category="com.chep.mule4.countCalculation" />
									<batch:aggregator doc:name="Batch Aggregator" doc:id="8bcbce04-ac0a-4c02-93b9-60a806994916" size="100" preserveMimeTypes="true" >
										<try doc:name="Try" doc:id="0b05e868-a31e-4942-a2c2-e7e326c8b77f" >
											<ee:transform doc:name="insideAgg" doc:id="2a4701bb-3fb9-4562-9b3f-601091d11217" >
												<ee:message >
													<ee:set-payload ><![CDATA[%dw 2.0
output application/json
---
payload]]></ee:set-payload>
												</ee:message>
											</ee:transform>
											<logger level="INFO" doc:name="infoLog" doc:id="8fb1be26-cd67-4d15-9c66-817c264a88ce" message="uuid is ::#[vars.uuid], countCalculation-event-payload-inside-the-batch-aggregator"/>
											<ee:transform doc:name="statusPayload" doc:id="d88643e1-03e2-4128-ad8b-2f82127d3eac">
												<ee:message>
													<ee:set-payload><![CDATA[%dw 2.0
output application/json
---
(payload filter ($.SalesforceId != "") map (item, index)->{

"id": item.SalesforceId default "",
"sapAdjustmentReady": true
})]]></ee:set-payload>
												</ee:message>
												<ee:variables>
													<ee:set-variable variableName="originalPayload"><![CDATA[%dw 2.0
output application/json
---
payload]]></ee:set-variable>
												</ee:variables>
											</ee:transform>
											<logger level="INFO" doc:name="infoLog" doc:id="970da5be-a3ba-4ced-a0cf-e4576cc02cd6" message="uuid is ::#[vars.uuid], updating-to-sf-updateAuditHeader-countCalculation-event:::::#[payload..id]"/>
											<logger level="DEBUG" doc:name="debugLog" doc:id="46a35fda-1ef8-4698-ae55-6b71ed703844" message="uuid is ::#[vars.uuid], SF updateAuditHeader request payload for countCalculation event:: #[payload]" category="com.chep.mule4.countCalculation" />
											<http:request method="PUT" doc:name="salesforceRequest" doc:id="6bcedc09-4555-41d0-a23c-570d241f1dec" config-ref="sf_Request_configuration" path="${secure::sf.http.auditHeader}" >
												<http:headers ><![CDATA[#[output application/java
---
{
	uuid : vars.uuid,
   "client_secret" : p('secure::salesforce.client.secret'),
	"client_id" : p('secure::salesforce.client.id')
	
}]]]></http:headers>
											</http:request>
											<logger level="INFO" doc:name="infoLog" doc:id="1d45461e-554c-44e0-8136-82c34867c0c1" message="uuid is ::#[vars.uuid], success-response-from-sf-updateAuditHeader-in-countCalculation-event"/>
											<logger level="DEBUG" doc:name="debugLogSapResponse" doc:id="e67fb517-a968-41f8-afb1-11eb72f4d4e9" message="uuid is ::#[vars.uuid],  updateAuditHeader success response from SF Request  :: #[payload]" category="com.chep.mule4.countCalculation" />
											<ee:transform doc:name="sapStatusUpdateRequest" doc:id="b476a4bc-1b16-4601-9bb7-f4a6eea72984" >
												<ee:message >
													<ee:set-payload ><![CDATA[%dw 2.0
output application/json
var sfResponse = (payload.items..successful)	
var errorMessage = (payload.items..message)
---
({
    Guid: "X",
    Status: "",
        (EventsLogSet: vars.originalPayload filter($.Guid != null) map (item, index) -> {
            Guid: item.Guid,
            Referenceid1: item.Referenceid1,
            Referenceid2: item.Referenceid2,
            Transactiontype: item.Transactiontype,
            Destination: item.Destination,
            Timestamp: item.Timestamp,
            Status:  if((sfResponse[index] == true ))("03") else "04",	
            Message: if(errorMessage[index] != null)((errorMessage[index]))[0 to 115] else ("Updated Successfully")

        } )
    
})]]></ee:set-payload>
												</ee:message>
											</ee:transform>
											<logger level="INFO" doc:name="infoLog" doc:id="46ffdf86-3056-4db8-b0c4-dbaf1f6a92ec" message="uuid is ::#[vars.uuid], before-updating-03-or-04 -status-to-sap-in-countCalculation"/>
											<logger level="DEBUG" doc:name="debugLogStatusUpdate" doc:id="4011f13e-7caa-4944-8a76-a78a55926751" message="uuid :: #[vars.uuid], payload Request for updating 03 or 04  status to sap in countCalculation event:: #[payload]" category="com.chep.mule4.audit" />
											<flow-ref doc:name="sapStatusUpdateFlow" doc:id="88713b36-a771-4eef-8c8f-259c71b1b3f5" name="sapStatusUpdateFlow" />
											<logger level="DEBUG" doc:name="debugLogSapResponse" doc:id="39e23ac3-944b-43f5-86c5-3419c6a58225" message="uuid is ::#[vars.uuid],  success response from sap after updating 03 or 04  status in countCalculation :: #[payload]" category="com.chep.mule4.countCalculation" />
											<error-handler >
												<on-error-propagate enableNotifications="true" logException="true" doc:name="On Error Propagate" doc:id="f4c627c1-0af7-412f-8169-9d08a63a6596" >
													<logger level="INFO" doc:name="errorMessageLog" doc:id="2abe4f38-070a-4420-9744-ecec7dd1407d" message="uuid is ::#[vars.uuid], countCalculation-error-response-from-sf-updateAuditHeader-Request ::  #[error.errorMessage.payload]" />

													
													<ee:transform doc:name="statusUpdateError" doc:id="4637c866-25d6-4f5d-84b1-7e2c7e28189d" >
														<ee:message >
															<ee:set-payload ><![CDATA[%dw 2.0
output application/json
---
{
    Guid: "X",
    Status: "",
        (EventsLogSet: vars.originalPayload filter($.Guid != null) map (item, index) -> {
            Guid: item.Guid,
            Referenceid1: item.Referenceid1,
            Referenceid2: item.Referenceid2,
            Transactiontype: item.Transactiontype,
            Destination: item.Destination,
            Timestamp: item.Timestamp,
            Status:"04",
            //Message:  (if(error.muleMessage.payload.errorMessage != null)error.muleMessage.payload.errorMessage else error.description default "" [0 to 115]) 
			Message: if(error.muleMessage.payload.errorMessage != null and sizeOf(error.muleMessage.payload.errorMessage) > 115)error.muleMessage.payload.errorMessage [0 to 115] else if (error.muleMessage.payload.errorMessage != null) error.muleMessage.payload.errorMessage else if (error.description != null and sizeOf(error.description) > 115) error.description [0 to 115] else error.description default ""
        } )
    
}]]></ee:set-payload>
														</ee:message>
													</ee:transform>
													<logger level="INFO" doc:name="infoLog" doc:id="5cc6c4e3-7cee-40e2-9426-b194d7248e01" message="uuid is ::#[vars.uuid],countCalculation-event-payload-before-updating-04-status-to-sap::#[payload]"/>
													<flow-ref doc:name="sapStatusUpdateFlow" doc:id="7b4513bb-0312-4ab9-8e09-e68aef2d1902" name="sapStatusUpdateFlow" />
													<logger level="INFO" doc:name="errorMessageLog" doc:id="bc62d551-6f72-4ba1-a98b-9ad79196d46e" message="uuid is ::#[vars.uuid], countCalculation-error-message-from-SF " />
												</on-error-propagate>
											</error-handler>
										</try>
									</batch:aggregator>
								</batch:step>
							</batch:process-records>
							<batch:on-complete >
								<os:store doc:name="jobStatusCountCalculation" doc:id="84a66bcc-0d44-47b4-baec-7484a977b578" key="jobStatusCountCalculation" objectStore="Object_store" >
									<os:value ><![CDATA[#["inactive"]]]></os:value>
								</os:store>
								<logger level="INFO" doc:name="infoLogOnComplete" doc:id="d346b420-d8ca-46ab-aa72-11fceebddc1b" message="uuid is ::#[vars.uuid], countCalculation-Records-loaded-into-batch-job :: #[payload.loadedRecords],  countCalculation-successRecords:: #[payload.successfulRecords], countCalculation-failedRecords:: #[payload.failedRecords] countCalculation-jobStatus-is-inactive " />
							</batch:on-complete>
						</batch:job>
					</when>
					<otherwise >
						<os:store doc:name="jobStatusCountCalculation" doc:id="53c00d12-a5e0-4368-9034-8d43268c2ea5" key="jobStatusCountCalculation" objectStore="Object_store" >
							<os:value ><![CDATA[#["inactive"]]]></os:value>
						</os:store>
						<logger level="INFO" doc:name="infoLogger" doc:id="ca8c7c03-c284-498d-b720-179259cae2bb" message="uuid is ::#[vars.uuid], no-records-available-for-countCalculation, countCalculation-jobStatus-is-inactive." />
					</otherwise>
				</choice>
			</when>
			<otherwise >
				<logger level="INFO" doc:name="infoLog" doc:id="acef54bb-d014-4af4-8f80-66bd4ede3713" message="uuid is ::#[vars.uuid], countCalculation-batch-Job-Status-is-Active" />
			</otherwise>
		</choice>
		<error-handler >
			<on-error-propagate enableNotifications="true" logException="true" doc:name="On Error Propagate" doc:id="22598e61-3192-46f9-a4e2-83e430b0e362" >
				<os:store doc:name="jobStatusCountCalculation" doc:id="247d64ed-89c7-4bbd-985a-a52a74273097" key="jobStatusCountCalculation" objectStore="Object_store" >
					<os:value ><![CDATA[#["inactive"]]]></os:value>
				</os:store>
				<logger level="INFO" doc:name="infoLogger" doc:id="04690b51-482f-48a0-945b-6445c78e7773" message='uuid is ::#[vars.uuid], countCalculation-job-status-is-inactive' />
			</on-error-propagate>
		</error-handler>
	</flow>
	<flow name="adjustmentsFlow" doc:id="5b2033f2-31e3-41d8-8b1f-c5e7ef35998b">
		<scheduler doc:name="adjustmentsScheduler" doc:id="7a0e4de3-7169-4e0a-86c1-41fc97773519" >
			<scheduling-strategy >
				<fixed-frequency frequency="2" timeUnit="MINUTES" />
			</scheduling-strategy>
		</scheduler>
		<!-- <http:listener doc:name="Listener" doc:id="3b9886d1-c84a-49ae-8197-68ecb8a047a6" config-ref="HTTP_Listener_config" path="/adjustment"/> -->
		<set-variable value="#[uuid()]" doc:name="uuid" doc:id="5d4988b2-f2b3-4953-abf5-661256295827" variableName="uuid" />
		<set-variable value='#["started"]' doc:name="adjustmentsFlow" doc:id="0c4de41e-9e37-4aae-b4a2-ab4da550a937" variableName="adjustmentsFlow" />
		<os:retrieve doc:name="jobStatusAdjustments" doc:id="6193da66-a40c-4047-b769-05a246621246" key="jobStatusAdjustments" objectStore="Object_store" target="jobStatusAdjustments" >
			<os:default-value ><![CDATA["inactive"]]></os:default-value>
		</os:retrieve>
		<logger level="INFO" doc:name="infoLog" doc:id="b4b41a7b-8f78-4dd8-94d8-ca31cb705d29" message="uuid is ::#[vars.uuid], adjustmentsFlow-is ::#[vars.adjustmentsFlow]" />
		<choice doc:name="Choice" doc:id="0c8546e5-a6eb-4dbe-a3ff-c936d4fe8ff4" >
			<when expression='vars.jobStatusAdjustments != "active"' >
				<os:store doc:name="jobStatusAdjustments" doc:id="5638d9bd-2285-4063-be72-095391f883af" key="jobStatusAdjustments" objectStore="Object_store" >
					<os:value ><![CDATA[#["active"]]]></os:value>
				</os:store>
				<logger level="INFO" doc:name="infoLog" doc:id="6fa0e3e9-c027-4cd1-9b02-5a973953f23b" message="uuid :: #[vars.uuid], adjustments-event-batch-Status-is-Active" />
				<try doc:name="Try" doc:id="dc0c8dd2-f1a4-4fd3-8b0c-6ad855df380d" >
					<http:request method="GET" doc:name="requestToSap" doc:id="ae7d3161-65b4-44b6-bcd0-5e4db4b8219b" config-ref="HTTP_Request_configuration" path="${secure::sap.http.auditPath}" >
						<reconnect />
						<http:headers ><![CDATA[#[%dw 2.0
output application/json
---
{
	Accept: p('secure::sap.Accept'),
	"X-Requested-With": "X"
	
}]]]></http:headers>
						<http:query-params ><![CDATA[#[%dw 2.0
output application/java
---
{
"\$filter": p('secure::sap.adjustments.filter'),
"format": p('secure::sap.format')
}]]]></http:query-params>
					</http:request>
					<logger level="INFO" doc:name="infoLog" doc:id="0fbfe174-21d1-487e-bbdf-914e89ffde6b" message="uuid :: #[vars.uuid], adjustments-event-data-retrieved-successfully-from-sap"/>
					<logger level="DEBUG" doc:name="debugLogSAPResponse" doc:id="b1534c93-c6c9-487a-a047-6a1c7b7a1743" message="uuid is ::#[vars.uuid], adjustments event payload size :: #[sizeOf(payload.d.results)] ,adjustments event response from sap :: #[payload]" category="com.chep.mule4.sap.adjustments" />
					<error-handler >
						<on-error-propagate enableNotifications="true" logException="true" doc:name="On Error Propagate" doc:id="16d124c9-dd9d-46e5-a044-43248dd93c25" >
							<ee:transform doc:name="errorMessage" doc:id="3193ffe3-5f45-45f3-ac19-260d812f3b02" >
								<ee:message />
								<ee:variables >
									<ee:set-variable variableName="errorMessage" ><![CDATA[%dw 2.0
output application/json
---
{
"description": error.description,
"errorMessage": error.cause.errorMessage.payload
}]]></ee:set-variable>
								</ee:variables>
							</ee:transform>
							<logger level="INFO" doc:name="errorMessageLog" doc:id="0ec3b872-f231-4d1d-9534-b500be5e94a2" message="uuid is ::#[vars.uuid], adjustments-event-error-message-from-sap-get-request:::#[vars.errorMessage]" />
						</on-error-propagate>
					</error-handler>
				</try>
				<choice doc:name="Choice" doc:id="6ebad173-ab0c-4217-b486-07f7c9357e55" >
					<when expression='#[sizeOf((payload.d.results) filter $.SalesforceId != "")&gt;0]' >
						<logger level="INFO" doc:name="infoLog" doc:id="412ae524-9b56-4af6-bdd5-de7a4cf6d96f" message="uuid :: #[vars.uuid],adjustments-event-payload-before-updating-02-status-to-sap"/>
						<async doc:name="Async" doc:id="1a1107ed-9b6b-40cb-b415-0e23d6ec9d07" >
							<flow-ref doc:name="ack" doc:id="cdff1e12-88e4-4242-99b9-8faf19c70ee3" name="ack" />
						</async>
						<ee:transform doc:name="adjustmentPayload" doc:id="d91c9e4b-d72d-4aab-9871-c0054a242f08" >
							<ee:message >
								<ee:set-payload ><![CDATA[%dw 2.0
output application/json
---
payload.d.results map {
    Guid: $.Guid,
    Referenceid1: $.Referenceid1,
    Referenceid2: $.Referenceid2,
    Transactiontype: $.Transactiontype,
    Destination: $.Destination,
    Timestamp: $.Timestamp,
    SalesforceId: $.SalesforceId
    
}]]></ee:set-payload>
							</ee:message>
							<ee:variables >
							</ee:variables>
						</ee:transform>
						<logger level="INFO" doc:name="infoLog" doc:id="51109245-abf4-4d50-b086-9b8f17101983" message="uuid :: #[vars.uuid], updated-02-status-to-sap-successfully-for-adjustments-event"/>
						<logger level="DEBUG" doc:name="debugLog" doc:id="a2a0c220-9f16-4e8c-82e1-d7489a6561ef" message="uuid is ::#[vars.uuid], adjustments request payload to batch:: #[payload]" category="com.chep.mule4.sap.adjustments" />
						<batch:job jobName="adjustmentsUpdateBatch_Job" doc:id="8c6ca1b2-7646-44f6-8070-ecce3953229c" maxFailedRecords="-1" >
							<batch:process-records >
								<batch:step name="Batch_Step" doc:id="57119a17-9c38-4c81-8edb-4de2d267d6ef" >
									<logger level="INFO" doc:name="infoLog" doc:id="91ef50c3-2ceb-459c-aaea-35cd61896944" message="uuid is ::#[vars.uuid], adjustments-event-data-inside-the-batch-step"/>
									<ee:transform doc:name="insideBatch" doc:id="9351ef61-100a-462a-8376-4ecedbed1783" >
										<ee:message >
											<ee:set-payload ><![CDATA[%dw 2.0
output application/json
---
payload]]></ee:set-payload>
										</ee:message>
										<ee:variables >
										</ee:variables>
									</ee:transform>
									<logger level="DEBUG" doc:name="debugLog" doc:id="9e800580-9b63-424e-9170-7c439fa151ed" message="uuid is ::#[vars.uuid], adjustment event request payload with in the batch step :: #[payload]" category="com.chep.mule4.sap.adjustments" />
									<batch:aggregator doc:name="Batch Aggregator" doc:id="60a35ab0-3bed-4e5e-a3b5-9228803e6054" size="100" preserveMimeTypes="true" >
										<try doc:name="Try" doc:id="94460248-b7e4-4b86-9ce5-7782674c6478" >
											<ee:transform doc:name="insideAgg" doc:id="15edb5f4-e18f-4bc4-a696-d114c0cb638c" >
												<ee:message >
													<ee:set-payload ><![CDATA[%dw 2.0
output application/json
---
payload]]></ee:set-payload>
												</ee:message>
											</ee:transform>
											<logger level="INFO" doc:name="infoLog" doc:id="35f2da5a-36ae-4db0-89c9-22c5c8246f0b" message="uuid is ::#[vars.uuid], adjustments-event-payload-inside-the-batch-aggregator"/>
											<ee:transform doc:name="statusPayload" doc:id="e1d96990-4493-4b04-827f-3488c203d4d3" >
												<ee:message >
													<ee:set-payload ><![CDATA[%dw 2.0
output application/json
---
(payload filter ($.SalesforceId != "") map (item, index)->{

"id": item.SalesforceId default "",
"status": "complete"
})]]></ee:set-payload>
												</ee:message>
												<ee:variables >
													<ee:set-variable variableName="interfaceName" ><![CDATA[%dw 2.0
output application/json
---
"aperture-sap-sf-adjustments-update"]]></ee:set-variable>
													<ee:set-variable variableName="errorSystem" ><![CDATA[%dw 2.0
output application/json
---
"sf"]]></ee:set-variable>
													<ee:set-variable variableName="originalPayload" ><![CDATA[%dw 2.0
output application/json
---
payload]]></ee:set-variable>
												</ee:variables>
											</ee:transform>
											<logger level="INFO" doc:name="infoLog" doc:id="7d16b33f-df4d-4c37-9e2f-14607ab8c820" message="uuid is ::#[vars.uuid], updating-to-sf-updateAuditHeader-adjustments-event:::::#[payload..id]"/>
											<logger level="DEBUG" doc:name="debugLog" doc:id="70bd66b3-0203-4590-9cef-ab8dcbf6cc66" message="uuid is ::#[vars.uuid], adjustments event request payload for SF updateAuditHeader :: #[payload]" category="com.chep.mule4.sap.adjustments" />
											<http:request method="PUT" doc:name="salesforceRequest" doc:id="14d07204-062d-4533-b12f-a0b6ea819c5f" config-ref="sf_Request_configuration" path="${secure::sf.http.auditHeader}" >
												<http:headers ><![CDATA[#[output application/java
---
{
	uuid : vars.uuid,
   "client_secret" : p('secure::salesforce.client.secret'),
	"client_id" : p('secure::salesforce.client.id')
	
}]]]></http:headers>
											</http:request>
											<logger level="INFO" doc:name="infoLog" doc:id="9bc92b49-55ea-441c-9a18-938bfa94dbd9" message="uuid is ::#[vars.uuid], success-response-from-sf-updateAuditHeader-in-adjustments-event" />
											<logger level="DEBUG" doc:name="debugLogSapResponse" doc:id="36b691ea-3cd2-434b-8d13-de164d791ae9" message="uuid is ::#[vars.uuid], success response from SF auditHeader update Request in adjustment event :: #[payload]" category="com.chep.mule4.sap.adjustments" />
											<ee:transform doc:name="sapStatusUpdateRequest" doc:id="e39a6f4d-2480-4520-9db4-dd335889382a" >
												<ee:message >
													<ee:set-payload ><![CDATA[%dw 2.0
output application/json
var sfResponse = (payload.items..successful)	
var errorMessage = (payload.items..message)
---
({
    Guid: "X",
    Status: "",
        (EventsLogSet: vars.originalPayload filter($.Guid != null) map (item, index) -> {
            Guid: item.Guid,
            Referenceid1: item.Referenceid1,
            Referenceid2: item.Referenceid2,
            Transactiontype: item.Transactiontype,
            Destination: item.Destination,
            Timestamp: item.Timestamp,
            Status:  if((sfResponse[index] == true ))("03") else "04",	
            Message: if(errorMessage[index] != null)((errorMessage[index]))[0 to 115] else ("Updated Successfully")
        } )
    
})]]></ee:set-payload>
												</ee:message>
											</ee:transform>
											<logger level="INFO" doc:name="infoLog" doc:id="5427623f-8311-4771-a825-4438f6e78f6e" message="uuid is ::#[vars.uuid], before-updating-03-or-04-status-to-sap-in-adjustments-event." />
											<logger level="DEBUG" doc:name="debugLogStatusUpdate" doc:id="cc15b8cf-9bcc-4b5f-aab1-65a45c46295b" message="uuid :: #[vars.uuid], payload Request for updating 03 or 04  status to sap in adjustments event:: #[payload]" category="com.chep.mule4.audit" />
											<flow-ref doc:name="sapStatusUpdateFlow" doc:id="3e6c37df-9283-4a5e-8f08-e6a6abc3fb56" name="sapStatusUpdateFlow" />
											<logger level="DEBUG" doc:name="debugLogSapResponse" doc:id="4f6d2f56-b6b5-466b-8157-47ccda6ae107" message="uuid is ::#[vars.uuid],  success response from sap after updating 03 or 04  status in adjustments event :: #[payload]" category="com.chep.mule4.sap.adjustments" />
											<error-handler >
												<on-error-propagate enableNotifications="true" logException="true" doc:name="On Error Propagate" doc:id="25ae44e0-a7b7-4dfb-b5ee-2cd0a18d1507" >
													<logger level="INFO" doc:name="errorMessageLog" doc:id="c07fec7a-e557-4213-984c-5716dad152ee" message="uuid is ::#[vars.uuid], error-response-for-sf-updateAuditHeader-in-adjustments-event ::  #[error.errorMessage.payload]" />


													<ee:transform doc:name="statusUpdateError" doc:id="b5c7a494-b90a-45a1-a266-051f6fa2b7dc" >
														<ee:message >
															<ee:set-payload ><![CDATA[%dw 2.0
output application/json
---
{
    Guid: "X",
    Status: "",
        (EventsLogSet: vars.originalPayload filter($.Guid != null) map (item, index) -> {
            Guid: item.Guid,
            Referenceid1: item.Referenceid1,
            Referenceid2: item.Referenceid2,
            Transactiontype: item.Transactiontype,
            Destination: item.Destination,
            Timestamp: item.Timestamp,
            Status:"04",
            //Message:  (if(error.muleMessage.payload.errorMessage != null)error.muleMessage.payload.errorMessage else error.description default "" [0 to 115])
            Message: if(error.muleMessage.payload.errorMessage != null and sizeOf(error.muleMessage.payload.errorMessage) > 115)error.muleMessage.payload.errorMessage [0 to 115] else if (error.muleMessage.payload.errorMessage != null) error.muleMessage.payload.errorMessage else if (error.description != null and sizeOf(error.description) > 115) error.description [0 to 115] else error.description default ""

        } )
    
}]]></ee:set-payload>
														</ee:message>
													</ee:transform>
													<logger level="INFO" doc:name="infoLog" doc:id="60daf5cc-7150-4548-b2f9-b67c8008ea6d" message="uuid is ::#[vars.uuid],adjustments-event-payload-before-updating-04-status-to-sap::#[payload]" />
													<flow-ref doc:name="sapStatusUpdateFlow" doc:id="1d649ca3-627f-4dc0-8ff1-953385bf5fc2" name="sapStatusUpdateFlow" />
													<logger level="INFO" doc:name="errorMessageLog" doc:id="64d1b666-8b51-426a-8e63-fd0e8cad0657" message="uuid is ::#[vars.uuid], error-message-from-SF-in-adjustments-event" />
												</on-error-propagate>
											</error-handler>
										</try>
									</batch:aggregator>
								</batch:step>
							</batch:process-records>
							<batch:on-complete >
								<os:store doc:name="jobStatusAdjustments" doc:id="5dcde3c3-05c3-4ba4-87e6-ffbd6bd70e13" key="jobStatusAdjustments" objectStore="Object_store" >
									<os:value ><![CDATA[#["inactive"]]]></os:value>
								</os:store>
								<logger level="INFO" doc:name="infoLogOnComplete" doc:id="d2a16446-5584-47ce-9881-48b8627c83ec" message="uuid is ::#[vars.uuid], adjustments-Records-loaded-into-batchjob :: #[payload.loadedRecords], adjustments-successRecords:: #[payload.successfulRecords], adjustments-failedRecords:: #[payload.failedRecords]  adjustments-jobStatus-is-inactive." />
							</batch:on-complete>
						</batch:job>
					</when>
					<otherwise >
						<os:store doc:name="jobStatusAdjustments" doc:id="f607619c-8ae6-4003-b898-b1a50b133bcf" key="jobStatusAdjustments" objectStore="Object_store" >
							<os:value ><![CDATA[#["inactive"]]]></os:value>
						</os:store>
						<logger level="INFO" doc:name="infoLogger" doc:id="c69214c5-39ef-48e9-b5cb-6244febacac1" message="uuid is ::#[vars.uuid], no-records-available-for-adjustments-event, adjustments-jobStatus-is-inactive." />
					</otherwise>
				</choice>
			</when>
			<otherwise >
				<logger level="INFO" doc:name="infoLog" doc:id="df77f558-bb4d-437a-8703-31b89ce4e450" message="uuid is ::#[vars.uuid], batchJob-Status-is-Active-for-adjustments-event" />
			</otherwise>
		</choice>
		<error-handler >
			<on-error-propagate enableNotifications="true" logException="true" doc:name="On Error Propagate" doc:id="303bc110-c892-4907-8a4d-92ab542e9d04" >
				<os:store doc:name="jobStatusAdjustments" doc:id="2a1a2d8d-1ca4-46c4-b5ee-84d4540dd1f5" key="jobStatusAdjustments" objectStore="Object_store" >
					<os:value ><![CDATA[#["inactive"]]]></os:value>
				</os:store>
				<logger level="INFO" doc:name="infoLogger" doc:id="1e6da8c8-62de-4cb1-91b4-e3434c4f351b" message='uuid is ::#[vars.uuid], adjustments-job-status-is-inactive' />
			</on-error-propagate>
		</error-handler>
	</flow>
</mule>
