<?xml version="1.0" encoding="UTF-8"?>

<mule xmlns:validation="http://www.mulesoft.org/schema/mule/validation" xmlns:batch="http://www.mulesoft.org/schema/mule/batch"
	xmlns:ee="http://www.mulesoft.org/schema/mule/ee/core"
	xmlns:http="http://www.mulesoft.org/schema/mule/http" xmlns:os="http://www.mulesoft.org/schema/mule/os" xmlns="http://www.mulesoft.org/schema/mule/core" xmlns:doc="http://www.mulesoft.org/schema/mule/documentation" xmlns:xsi="http://www.w3.org/2001/XMLSchema-instance" xsi:schemaLocation="http://www.mulesoft.org/schema/mule/core http://www.mulesoft.org/schema/mule/core/current/mule.xsd
http://www.mulesoft.org/schema/mule/os http://www.mulesoft.org/schema/mule/os/current/mule-os.xsd
http://www.mulesoft.org/schema/mule/http http://www.mulesoft.org/schema/mule/http/current/mule-http.xsd
http://www.mulesoft.org/schema/mule/ee/core http://www.mulesoft.org/schema/mule/ee/core/current/mule-ee.xsd
http://www.mulesoft.org/schema/mule/batch http://www.mulesoft.org/schema/mule/batch/current/mule-batch.xsd
http://www.mulesoft.org/schema/mule/validation http://www.mulesoft.org/schema/mule/validation/current/mule-validation.xsd">
	<flow name="countUpdateFlow" doc:id="af8014eb-222e-4fd7-96c1-4f245d886dca" >
		<scheduler doc:name="auditScheduler" doc:id="86a6de71-8148-4e32-97c9-af154e6f3efe" >
			<scheduling-strategy >
				<fixed-frequency frequency="2" timeUnit="MINUTES" />
			</scheduling-strategy>
		</scheduler>
		<!-- <http:listener doc:name="Listener" doc:id="2314c02c-8795-42da-8123-d21aa95ce93f" config-ref="HTTP_Listener_config" path="/countUpdate"/> -->
		<set-variable value="#[uuid()]" doc:name="uuid" doc:id="f5420d79-c0aa-42d8-b689-1d79d11af658" variableName="uuid" />
		<set-variable value='#["started"]' doc:name="countSubmit" doc:id="897c6838-e307-45bb-9a2f-086382f46a90" variableName="countUpdateFlow" />
		<logger level="INFO" doc:name="infoLog" doc:id="fa37d255-80cf-44dd-a29d-d144eecd82fd" message="uuid :: #[vars.uuid], countSubmitFlow-is ::#[vars.countUpdateFlow]" />
		<os:retrieve doc:name="jobStatusCountUpdateFlow" doc:id="0edbeced-afb7-4eb2-b56b-c22963b1b104" key="jobStatusCountUpdateFlow" objectStore="Object_store" target="jobStatusCountUpdateFlow" >
			<os:default-value ><![CDATA["inactive"]]></os:default-value>
		</os:retrieve>
		<choice doc:name="Choice" doc:id="24fdd77b-bea1-46b4-a76b-1cbbb529c8f5" >
			<when expression='vars.jobStatusCountUpdateFlow != "active"' >
				<os:store doc:name="jobStatusCountUpdateFlow" doc:id="6ab32f89-6c08-4080-80db-089678bda87f" key="jobStatusCountUpdateFlow" objectStore="Object_store" >
					<os:value ><![CDATA[#["active"]]]></os:value>
				</os:store>
				<logger level="INFO" doc:name="infoLog" doc:id="6af94f8a-314e-4c2e-a8d5-b693180aee1c" message="uuid :: #[vars.uuid], batch Status-is-Active-for-countSubmit" />
				<try doc:name="Try" doc:id="50f7f8cc-3a33-4578-83fb-96798fdd6962" >
					<http:request method="GET" doc:name="requestToSap" doc:id="61ba70ab-161a-430f-81c5-488a2cdee4a7" config-ref="HTTP_Request_configuration" path="${secure::sap.http.auditPath}" >
						<http:headers ><![CDATA[#[%dw 2.0
output application/json
---
{
	Accept: p('secure::sap.Accept')
}]]]></http:headers>
						<http:query-params ><![CDATA[#[%dw 2.0
output application/java
---
{
"\$filter": p('secure::sap.countUpdate.filter'),
"format": p('secure::sap.format')
}]]]></http:query-params>
					</http:request>
					<logger level="INFO" doc:name="infoLog" doc:id="a2cfcb1b-330c-4e24-9cda-31918898d107" message="uuid :: #[vars.uuid], successfully-retrieved-countSubmit-event-data-from-sap" />
					<logger level="DEBUG" doc:name="debugLogSAPResponse" doc:id="2f274566-f3db-4505-874a-b04523663b40" message="uuid :: #[vars.uuid], countSubmit payload size :: #[sizeOf(payload.d.results)], countSubmit response payload from sap :: #[payload]" category="com.chep.mule4.audit" />
					<error-handler >
						<on-error-propagate enableNotifications="true" logException="true" doc:name="On Error Propagate" doc:id="99f427d1-504f-4cb8-a73b-436b89bbc03a" >
							<ee:transform doc:name="errorMessage" doc:id="3c9c0532-d840-4b51-abe1-04bba76046ac" >
								<ee:message />
								<ee:variables >
									<ee:set-variable variableName="errorMessage" ><![CDATA[%dw 2.0
output application/json
---
{
"description": error.description,
"errorMessage": error.cause.errorMessage.payload
}]]></ee:set-variable>
								</ee:variables>
							</ee:transform>
							<logger level="INFO" doc:name="errorMessageLog" doc:id="ecb7fa93-ce13-42eb-b7e5-e78d81d64e4c" message="uuid :: #[vars.uuid], error-message-from-sap-countSubmit-get-request #[vars.errorMessage]" />
						</on-error-propagate>
					</error-handler>
				</try>
				<choice doc:name="Choice" doc:id="6efc9233-2752-4fed-b582-ab5f52497ee5" >
					<when expression="#[payload.d.results !=[]]" >
						<logger level="INFO" doc:name="infoLog" doc:id="b1a97cf5-305b-48ed-abfb-36ce346702e0" message="uuid :: #[vars.uuid], countSubmit-payload-before-updating-02-status-to-sap" />
						<async doc:name="Async" doc:id="2b111b9c-eef5-4b5b-af16-d697e5d077f3" >
							<flow-ref doc:name="ack" doc:id="9adacab0-3b86-4a38-8737-4abd69226fcd" name="ack" />
						</async>
						<logger level="INFO" doc:name="infoLog1" doc:id="c8f28374-415b-4258-af10-bc5c7247e1a3" message="uuid :: #[vars.uuid], updated-02-status-to-sap-successfully-for-countSubmit-event" />
						<async doc:name="Async" doc:id="8205350a-f53c-41ae-844a-a177dcb15b08" >
							<ee:transform doc:name="Transform Message" doc:id="74564f94-e830-4c69-9f23-a548e43bb453">
								<ee:message>
									<ee:set-payload><![CDATA[%dw 2.0
output application/json
---
(payload.d.results distinctBy $.Referenceid1).Referenceid1]]></ee:set-payload>
								</ee:message>
							</ee:transform>
							<flow-ref doc:name="Flow Reference" doc:id="5db7a3f2-f975-4836-8582-1b584e8c4a1a" name="AuditResultsUpdateFlow"/>
						</async>
						<ee:transform doc:name="sapResponse" doc:id="018f96d1-552e-474e-93d4-ca2167ee678f" >
							<ee:message >
								<ee:set-payload ><![CDATA[%dw 2.0
output application/json
---
payload.d.results]]></ee:set-payload>
							</ee:message>
						</ee:transform>
						<logger level="DEBUG" doc:name="debugLog" doc:id="08f84f94-dbbf-4cf8-b8b1-15cc1a437823" message="uuid :: #[vars.uuid], countUpdate request payload to batch job is :: #[payload]" category="com.chep.mule4.audit" />
						<batch:job jobName="countUpdateAPABatch_Job" doc:id="f0ea06a3-33d1-4362-b3ec-bf61f7787d92" maxFailedRecords="-1" >
							<batch:process-records >
								<batch:step name="Batch_Step" doc:id="bef99d53-935f-4fe9-a34f-6bed475e678c" >
									<logger level="INFO" doc:name="infoLog" doc:id="784b9e7d-7ba4-430a-ae72-9d1ab9fa2941" message="uuid :: #[vars.uuid], countsubmit-event-data-Inside-the-batch-step" />
									<logger level="DEBUG" doc:name="debugLog" doc:id="395c351d-12f8-452d-b816-c303b478d506" message="uuid :: #[vars.uuid], count submit payload Inside the batch step::: #[payload]" category="com.chep.mule4.audit" />
									<batch:aggregator doc:name="Batch Aggregator" doc:id="831cf49a-afef-45cb-9d5d-3d5bb62fde23" size="100" preserveMimeTypes="true" >
										<ee:transform doc:name="payload" doc:id="c2bcdd14-4aec-46f9-ba4a-1b11ea3e5c02" >
											<ee:message >
												<ee:set-payload ><![CDATA[%dw 2.0
output application/json
---
payload]]></ee:set-payload>
											</ee:message>
											<ee:variables >
												<ee:set-variable variableName="errorSystem" ><![CDATA[%dw 2.0
output application/json
---
"sf"]]></ee:set-variable>
												<ee:set-variable variableName="interfaceName" ><![CDATA[%dw 2.0
output application/json
---
"aperture-sap-sf-count-update"]]></ee:set-variable>
											</ee:variables>
										</ee:transform>
										<ee:transform doc:name="payload1" doc:id="d2c0bce4-57c7-4ccd-8f79-2f3eaf0eb913" >
											<ee:message >
												<ee:set-payload ><![CDATA[%dw 2.0
output application/json
---
payload]]></ee:set-payload>
											</ee:message>
											<ee:variables >
												<ee:set-variable variableName="guid" ><![CDATA[%dw 2.0
output application/json
---
payload..Guid]]></ee:set-variable>
												<ee:set-variable variableName="originalPayload" ><![CDATA[%dw 2.0
output application/json
---
payload]]></ee:set-variable>
											</ee:variables>
										</ee:transform>
										<logger level="INFO" doc:name="infoLog" doc:id="15bb9c05-8105-431e-ae96-8e393214e25b" message="uuid is ::#[vars.uuid], countUpdate-event-payload-inside-the-batch-aggregator" />
										<logger level="DEBUG" doc:name="debugLog" doc:id="24532e3e-546e-4479-a6ce-79175986572f" message="uuid is ::#[vars.uuid], SF updateAuditPlan request payload for countUpdate event:: #[payload]" category="com.chep.mule4.audit" />
										<try doc:name="Try" doc:id="36bb0cc3-0f77-4b55-8b0e-fae8f6caed1b" >
											<ee:transform doc:name="updateSFRequest" doc:id="a79bad81-c25a-4c60-98aa-16952373ba1b" >
												<ee:message >
													<ee:set-payload ><![CDATA[%dw 2.0
output application/json

fun convertToTimeStamp(unixTimeStamp) = ((((unixTimeStamp splitBy ("("))[1] splitBy (")"))[0]
 as Number as DateTime {
	unit: "milliseconds"
}
 as DateTime as String {
	format: "yyyy-MM-dd'T'HH:mm:ss'Z'"
}) splitBy  " ")[0]
---
payload map (item)->
{
    id:item.SalesforceId,
    status: "Count Submitted",
    bookStockRefreshDate: if(item.ChangedOn != "" and item.ChangedOn != null)convertToTimeStamp(item.ChangedOn) else null,
    countDate:  if(item.CountDate != "" and item.CountDate != null)convertToTimeStamp(item.CountDate) else null,
    countReportedDate:if(item.CountRepDate != "" and item.CountRepDate != null) ((convertToTimeStamp(item.CountRepDate) splitBy  "T")[0]) else null,
}]]></ee:set-payload>
												</ee:message>
											</ee:transform>
											<logger level="INFO" doc:name="infoLog" doc:id="661f3f32-ba1f-4734-ad7d-c4133de5e2df" message="uuid is ::#[vars.uuid], updating-to-sf-updateAuditPlan-countUpdate-event:::::#[payload..id]" />
											<logger level="DEBUG" doc:name="debugLog" doc:id="de87106c-fdb4-45e8-bdbb-f6a1c811888b" message="uuid is ::#[vars.uuid], SF updateAuditPlan request payload for countUpdate event:: #[payload]" category="com.chep.mule4.countCalculation" />
											<http:request method="PATCH" doc:name="requestToSf" doc:id="f7ed0818-39ec-4e85-b73d-c1644b680ff0" config-ref="sf_Request_configuration" path="${secure::sf.http.auditPath}" >
												<http:headers ><![CDATA[#[output application/java
---
{
"client_secret" : p('secure::sf.client_id'),
"client_id" : p('secure::sf.client_secret')
}]]]></http:headers>
											</http:request>
											<logger level="INFO" doc:name="infoLog1" doc:id="d991213c-704b-48a4-91d8-a71087e84875" message="uuid is ::#[vars.uuid], success-response-from-sf-updateAuditPlan-in-countSubmit-event" />
											<logger level="DEBUG" doc:name="debugLogSFResponse" doc:id="b9c79c53-5354-410b-af54-35b8a1ade774" message="uuid is ::#[vars.uuid], SF updateAuditPlan success response payload for countSubmit event:: #[payload]" category="com.chep.mule4.audit" />
											<ee:transform doc:name="sapUpdateRequest" doc:id="c431a33c-c124-47a9-b747-7fe17fe30b74" >
												<ee:message >
													<ee:set-payload ><![CDATA[%dw 2.0
output application/json
var sfResponse = (payload.items..successful)	
var errorMessage = (payload.items..message)
---
({
    Guid: "X",
    Status: "",
        (EventsLogSet: vars.originalPayload filter($.Guid != null) map (item, index) -> {
            Guid: item.Guid,
            Referenceid1: item.Referenceid1,
            Referenceid2: item.Referenceid2,
            Transactiontype: item.Transactiontype,
            Destination: item.Destination,
            Timestamp: item.Timestamp,
            Status:  if((sfResponse[index] == true ))("03") else "04",	
            Message: if(errorMessage[index] != null) ((errorMessage[index]))[0 to 115] else ("Updated Successfully")

        } )
    
})]]></ee:set-payload>
												</ee:message>
											</ee:transform>
											<logger level="INFO" doc:name="infoLog2" doc:id="8071118f-cd77-4f4a-b48a-9ce28309a7f3" message="uuid is ::#[vars.uuid], before-updating-03-or-04 -status-to-sap-in-countSubmit" />
											<logger level="DEBUG" doc:name="debugLogStatusUpdate" doc:id="1582a86c-c7c6-466e-80eb-2594d14c4e94" message="uuid :: #[vars.uuid], payload for updating 03 or 04  status to sap in countSubmit event :: #[payload]" category="com.chep.mule4.audit" />
											<flow-ref doc:name="sapStatusUpdateFlow" doc:id="5187c5b7-71ff-45a3-a585-3ca3c5c901e3" name="sapStatusUpdateFlow" />
											<logger level="DEBUG" doc:name="debugLogSFResponse1" doc:id="82a6bf44-20fe-4c1c-8cd9-d8e30f08d013" message="uuid :: #[vars.uuid], Response payload from sap status update for count submit :::#[payload]" category="com.chep.mule4.audit" />
											<error-handler >
												<on-error-propagate enableNotifications="true" logException="true" doc:name="On Error Propagate" doc:id="3126afe3-905b-4273-a544-9379c7fec31e" >
													<ee:transform doc:name="sapUpdateRequest" doc:id="a081cee5-ba3e-4a9c-b913-12c3a694bd78" >
														<ee:message >
															<ee:set-payload ><![CDATA[%dw 2.0
output application/json
---
{
    Guid: "X",
    Status: "",
        (EventsLogSet: vars.originalPayload filter($.Guid != null) map (item, index) -> {
            Guid: item.Guid,
            Referenceid1: item.Referenceid1,
            Referenceid2: item.Referenceid2,
            Transactiontype: item.Transactiontype,
            Destination: item.Destination,
            Timestamp: item.Timestamp,
            Status:"04",
            //Message:  (if(error.muleMessage.payload.errorMessage != null)error.muleMessage.payload.errorMessage else error.description default "" [0 to 115]) 
			Message: if(error.muleMessage.payload.errorMessage != null and sizeOf(error.muleMessage.payload.errorMessage) > 115)error.muleMessage.payload.errorMessage [0 to 115] else if (error.muleMessage.payload.errorMessage != null) error.muleMessage.payload.errorMessage else if (error.description != null and sizeOf(error.description) > 115) error.description [0 to 115] else error.description default ""
			
        } )
    
}]]></ee:set-payload>
														</ee:message>
													</ee:transform>
													<logger level="INFO" doc:name="infoLog" doc:id="d5230062-9cce-4a76-b1df-883973683eb6" message="uuid is ::#[vars.uuid],countSubmit-event-payload-before-updating-04-status-to-sap::#[payload]" />
													<flow-ref doc:name="sapStatusUpdateFlow" doc:id="fbbc6dc7-71de-461b-8883-62c5097c1134" name="sapStatusUpdateFlow" />
													<logger level="INFO" doc:name="infoLog1" doc:id="dd2e756a-3d5b-4ee9-82ea-dcc3bad4ade4" message="uuid :: #[vars.uuid], countSubmit-event-error-response-from-sf" />
												</on-error-propagate>
											</error-handler>
										</try>
									</batch:aggregator>
								</batch:step>
							</batch:process-records>
							<batch:on-complete >
								<os:store doc:name="jobStatusCountUpdateFlow" doc:id="06ab13fe-c67b-49bd-8795-4981148b1af2" key="jobStatusCountUpdateFlow" objectStore="Object_store" >
									<os:value ><![CDATA[#["inactive"]]]></os:value>
								</os:store>
								<logger level="INFO" doc:name="infoLogOnComplete" doc:id="c38c4240-7e90-4714-aa6d-0a919e34581a" message="UUID: #[vars.uuid], countSubmit-event-Records-loaded-into-batch-job :: #[payload.loadedRecords], countSubmit-event-successRecords:: #[payload.successfulRecords],countSubmit-event-failedRecords:: #[payload.failedRecords], countSubmit-event-jobStatus-is-inactive " />
							</batch:on-complete>
						</batch:job>
					</when>
					<otherwise >
						<os:store doc:name="jobStatusAudit" doc:id="46b5a742-7d7f-4124-8afc-5e25edfdd174" key="jobStatusCountUpdateFlow" objectStore="Object_store" >
							<os:value ><![CDATA[#["inactive"]]]></os:value>
						</os:store>
						<logger level="INFO" doc:name="infoLog" doc:id="e1b7d90a-f5b5-4f5b-b9b6-f8a7d3c5c699" message="uuid :: #[vars.uuid],no-records-available-for-countSubmit-event, countSubmit-jobStatus-is-inactive." />
					</otherwise>
				</choice>
			</when>
			<otherwise >
				<logger level="INFO" doc:name="infoLog" doc:id="403653f5-5493-4238-9b02-116fb1fb448a" message="uuid :: #[vars.uuid], batch-Job-Status-is-Active-for-countSubmit-event" />
			</otherwise>
		</choice>
		<error-handler >
			<on-error-propagate enableNotifications="true" logException="true" doc:name="On Error Propagate" doc:id="95b3d472-05ee-47f5-8df0-538559e158f3" >
				<os:store doc:name="jobStatusAudit" doc:id="778b006f-7a98-476e-b6a1-9acd32338cd0" key="jobStatusAudit" objectStore="Object_store" >
					<os:value ><![CDATA[#["inactive"]]]></os:value>
				</os:store>
				<logger level="INFO" doc:name="infoLog" doc:id="1c04be2a-a352-4676-812e-f4c6d06c1e25" message="uuid :: #[vars.uuid],  jobStatus-is-inactive-for-countSubmit-event" />
			</on-error-propagate>
		</error-handler>
	</flow>
	<flow name="AuditResultsUpdateFlow" doc:id="3d64a04a-645f-4e6c-bc16-d975bb1703e3" >
		<batch:job jobName="countUpdateBatch_Job" doc:id="c10ca46c-e908-4b3f-bfea-d5f7f9ff4845" maxFailedRecords="-1" schedulingStrategy="ROUND_ROBIN" target="batchVariables" >
			<batch:process-records >
				<batch:step name="Batch_Step" doc:id="12ac33de-ee35-4f1b-ad85-b183bac245d0" >
					<ee:transform doc:name="insideBatch" doc:id="1fa7deeb-a2be-4c6e-b130-a48519c4e8ac" >
						<ee:message >
							<ee:set-payload ><![CDATA[%dw 2.0
output application/json
---
payload]]></ee:set-payload>
						</ee:message>
						<ee:variables >
							<ee:set-variable variableName="interfaceName" ><![CDATA[%dw 2.0
output application/json
---
"aperture-sap-sf-recon-update"]]></ee:set-variable>
							<ee:set-variable variableName="errorSystem" ><![CDATA[%dw 2.0
output application/json
---
"sap"]]></ee:set-variable>
						</ee:variables>
					</ee:transform>
					<logger level="INFO" doc:name="infoLog" doc:id="f55175f5-df94-4260-b30d-f66beda334ce" message="uuid :: #[vars.uuid], recon-event-data-Inside-the-batch-step" />
					<logger level="DEBUG" doc:name="debugLogSap" doc:id="80510327-696d-4992-b847-25a9990ed2fb" message="uuid is ::#[vars.uuid], request payload to SF updateAuditHeader from sap inside the batch step :: #[payload]" category="com.chep.mule4.sap.recon" />
					<try doc:name="Try" doc:id="79d2ddbc-05d1-46c8-97f3-b6c514ca1150">
						<logger level="DEBUG" doc:name="debugLog" doc:id="493c1ef8-6437-4c64-a2c1-15198a4a9854" message="uuid is ::#[vars.uuid], reconAuditHeaderUpdate sf request success response ::: #[payload]" category="com.chep.mule4.sap.recon" />
						<logger level="INFO" doc:name="infoLog2" doc:id="c6f8eefa-22aa-40a9-bf8d-d4313a116613" message="uuid is ::#[vars.uuid], recon-event-data-before-sap-get-summary:::#[payload]" />
						<http:request method="GET" doc:name="sapRequest" doc:id="f0ce4e26-f3c7-4e94-96c0-7547d08f4b2c" config-ref="http_sap_sys_request" path="${secure::sap.sys.path}">
							<http:headers><![CDATA[#[output application/java
---
{
	uuid : vars.uuid,
   "client_secret" : p('secure::sap.client.secret'),
	"client_id" : p('secure::sap.client.id'),
	"filter": "AuditHeaderid eq '" ++ (payload ) ++ "'"
	
}]]]></http:headers>
						</http:request>
						<logger level="INFO" doc:name="infoLog3" doc:id="d62a7ccc-7c8a-4e11-99ae-55f6660d33b4" message="uuid is ::#[vars.uuid], success-response-from-sap-summay-for-recon-event" />
						<logger level="DEBUG" doc:name="debugLogSap" doc:id="42ce971c-fe88-42fe-97b7-47314aa796b2" message="uuid is ::#[vars.uuid], sap summary success response for recon event is :: #[payload]" category="com.chep.mule4.sap.recon" />
						<validation:is-true doc:name="locationValidation" doc:id="e72f6648-e554-4287-91ce-2194162d9c8d" config-ref="Validation_Config" expression="#[sizeOf(payload.d.results) &gt; 0]" message='#["Header Locations are empty"]' />
						<foreach doc:name="For Each" doc:id="b21a0f35-5fa2-4db9-9888-965e839a1b54" collection="#[payload.d.results]" batchSize="100">
							<logger level="INFO" doc:name="infoLog" doc:id="1e28cc22-d333-4eca-bf1a-781ba1e81089" message="uuid is ::#[vars.uuid], SAP-summary-payload-size-in-recon-event-is :: #[sizeOf(payload)]" />
							<try doc:name="Try" doc:id="a041e17f-6c7a-4ac6-82f3-39a73246363d">
									<ee:transform doc:name="statusPayload" doc:id="7390e0ab-0924-40ac-ae7b-9696c4ef8641">
										<ee:message>
											<ee:set-payload><![CDATA[%dw 2.0
output application/json
---
d:{
    results: payload
}
]]></ee:set-payload>
										</ee:message>
										<ee:variables>
											<ee:set-variable variableName="interfaceName"><![CDATA[%dw 2.0
output application/json
---
"aperture-sap-sf-count-update"]]></ee:set-variable>
											<ee:set-variable variableName="errorSystem"><![CDATA[%dw 2.0
output application/json
---
"sf"]]></ee:set-variable>
										</ee:variables>
									</ee:transform>
									<logger level="INFO" doc:name="infoLog" doc:id="d0151628-121a-4d7e-8ca6-0b7f38529b83" message="uuid is ::#[vars.uuid], request-payload-to-SF-updateResult-in-recon-flow" />
									<logger level="DEBUG" doc:name="debugLogSapResponse" doc:id="a6a6bb2d-a941-4a0a-8bcf-32f361ffe3a5" message="uuid is ::#[vars.uuid], request payload from sap summary to SF updateResult in count update event :: #[payload]" category="com.chep.mule4.sap.recon" />
									<http:request method="POST" doc:name="salesforceRequest" doc:id="b13b6bb5-9f8b-487a-87fe-c7dc1624bed0" config-ref="sf_Request_configuration" path="${secure::sf.http.update}">
										<http:headers><![CDATA[#[output application/java
---
{
	uuid : vars.uuid,
   "client_secret" : p('secure::salesforce.client.secret'),
	"client_id" : p('secure::salesforce.client.id')
	
}]]]></http:headers>
									</http:request>
									<logger level="INFO" doc:name="infoLog1" doc:id="2839a213-0aa0-4f34-be8b-127b784c7fd9" message="uuid is ::#[vars.uuid], success-response-from-sf-updateResult-in-count-update-event" />
									<logger level="DEBUG" doc:name="debugLogSapResponse1" doc:id="09786987-07b9-4daa-8896-badb035db5b4" message="uuid is ::#[vars.uuid], updateResult success response from salesforce Request :: #[payload]" category="com.chep.mule4.sap.recon" />
									<error-handler>
										<on-error-continue enableNotifications="true" logException="true" doc:name="On Error Continue" doc:id="b8733f11-4022-4246-8b95-1938964adbdd">
										<logger level="INFO" doc:name="infoLog" doc:id="d871da67-4c9c-48e1-9de1-72beae2f81b3" message="uuid is ::#[vars.uuid], logger-in-on-error-continue-errorHandler-in-recon-event" />
									</on-error-continue>
									</error-handler>
								</try>
						</foreach>
						<logger level="INFO" doc:name="infoLog4" doc:id="12f178e1-3b57-4d53-a323-857c5f54271f" message="uuid is ::#[vars.uuid],  logger-before-aggregator-in-recon-event" />
					</try>
				</batch:step>
			</batch:process-records>
			<batch:on-complete >
				<logger level="INFO" doc:name="infoLogOnComplete" doc:id="a1bc3b24-3a82-4bdf-b8fa-9b614360ea4c" message="uuid is ::#[vars.uuid], recon-event-Records-loaded-into-batch-job :: #[payload.loadedRecords],  recon-event-successRecords:: #[payload.successfulRecords], recon-event-failedRecords:: #[payload.failedRecords]  recon-event-jobStatus-is-inactive " />
			</batch:on-complete>
		</batch:job>
	</flow>
</mule>
