<?xml version="1.0" encoding="UTF-8"?>

<mule xmlns:os="http://www.mulesoft.org/schema/mule/os" xmlns:batch="http://www.mulesoft.org/schema/mule/batch"
	xmlns:ee="http://www.mulesoft.org/schema/mule/ee/core"
	xmlns:http="http://www.mulesoft.org/schema/mule/http" xmlns="http://www.mulesoft.org/schema/mule/core" xmlns:doc="http://www.mulesoft.org/schema/mule/documentation" xmlns:xsi="http://www.w3.org/2001/XMLSchema-instance" xsi:schemaLocation="http://www.mulesoft.org/schema/mule/core http://www.mulesoft.org/schema/mule/core/current/mule.xsd
http://www.mulesoft.org/schema/mule/http http://www.mulesoft.org/schema/mule/http/current/mule-http.xsd
http://www.mulesoft.org/schema/mule/ee/core http://www.mulesoft.org/schema/mule/ee/core/current/mule-ee.xsd
http://www.mulesoft.org/schema/mule/batch http://www.mulesoft.org/schema/mule/batch/current/mule-batch.xsd
http://www.mulesoft.org/schema/mule/os http://www.mulesoft.org/schema/mule/os/current/mule-os.xsd">
	<flow name="locationUpdateSAP_Flow" doc:id="1838a5fb-402a-4247-8b6c-a6aa614a1563">
		<scheduler doc:name="locationUdateScheduler" doc:id="bbf86f7c-46a2-4808-91ef-e66b20397bbb" >
			<scheduling-strategy >
				<fixed-frequency frequency="2" timeUnit="MINUTES" />
			
</scheduling-strategy>
		</scheduler>
		<!-- <http:listener doc:name="Listener" doc:id="c58179d7-b3ac-4d0c-aeb8-e910e20a8007" config-ref="HTTP_Listener_config" path="/locations"/> -->
		<set-variable value="#[uuid()]" doc:name="uuid" doc:id="ad9a033b-cd83-4503-8cda-ff78b8ddfb42" variableName="uuid"/>
		<os:retrieve doc:name="jobStatus" doc:id="2ca5ca2d-0b5c-4554-9115-0c2ba027bab9" key="jobStatus" target="jobStatus" objectStore="Object_store">
<os:default-value ><![CDATA["inactive"]]></os:default-value>
</os:retrieve>
		<choice doc:name="Choice" doc:id="55c73bc3-2f37-4c81-9876-4f0274418872" >
			<when expression='#[vars.jobStatus != "active"]'>
				<os:store doc:name="jobStatus" doc:id="3611f043-6124-49dd-9d55-4a251d717fc4" key="jobStatus" objectStore="Object_store">
<os:value ><![CDATA[#["active"]]]></os:value>
</os:store>
				<logger level="INFO" doc:name="infoLog" doc:id="741c232f-6061-4178-8163-12058264643c" message="uuid :: #[vars.uuid], locationEvent-Flow-started, batch-Status-is-Active" />
				<try doc:name="Try" doc:id="b0930fd5-3ec7-4827-ac99-839ae2ee8580">
			<http:request method="GET" doc:name="requestToSap" doc:id="0fe5c445-e96a-499f-b0e5-05c4c525a7e7" config-ref="HTTP_Request_configuration" path="${secure::sap.http.customerJourneyPath}">
				<http:headers><![CDATA[#[%dw 2.0
output application/json
---
{
	Accept: p('secure::sap.Accept'),
	"X-Requested-With": "X"
	
}]]]></http:headers>
				<http:query-params><![CDATA[#[%dw 2.0
output application/java
---
{
"\$filter": p('secure::sap.cust.filter'),
"format": p('secure::sap.format')
}]]]></http:query-params>
			</http:request>
					<logger level="INFO" doc:name="infoLog" doc:id="f7f63163-524c-4cd7-8c93-d9d5b8e2c0dd" message="uuid :: #[vars.uuid], location-event-data-retrieved-successfully-from-sap" />
					<logger level="DEBUG" doc:name="debugLogResponseFromSAP" doc:id="71356e9c-1cc7-4278-b8cc-be41fed08ea1" category="com.chep.mule4.sap.locationUpdate" message="uuid :: #[vars.uuid] , locationEvent payload size :: #[sizeOf(payload.d.results)] , locationEvent response payload from SAP is :: #[payload]" />
					<error-handler>
						<on-error-continue enableNotifications="true" logException="true" doc:name="On Error Continue" doc:id="dc84ddac-9b29-4887-9741-9c7a166d8685" >
							<ee:transform doc:name="errorMessage" doc:id="df401eb0-6977-47fa-a78e-e63d19eca463">
						<ee:message />
						<ee:variables>
							<ee:set-variable variableName="errorMessage"><![CDATA[%dw 2.0
output application/json
---
{
"description": error.description,
"errorMessage": error.muleMessage.payload.errorMessage
}]]></ee:set-variable>
						</ee:variables>
					</ee:transform>
							<logger level="ERROR" doc:name="errorMessageLog" doc:id="a326e1d6-2eb2-4e89-be69-4a3f42f089f6" message="uuid :: #[vars.uuid], error-message-from-sap-locationEvent-get-request #[vars.errorMessage.description]" category="com.chep.mule4.sap.error" />
							<ee:transform doc:name="Transform Message" doc:id="dd6041b4-ef93-4269-92da-e42d4874e560" >
								<ee:message >
									<ee:set-payload ><![CDATA[%dw 2.0
output application/json
---
{

"d": {

"results":[]

}

}]]></ee:set-payload>
								</ee:message>
							</ee:transform>
						</on-error-continue>
			
</error-handler>
		</try>
				<choice doc:name="Choice" doc:id="89ccc251-3885-48af-8360-dbc040a31d46">
			<when expression="#[payload.d.results !=[]]">
				<ee:transform doc:name="responseFromSAP" doc:id="000a9bc9-c06b-4fa9-85ab-137053685e39">
					<ee:message>
					</ee:message>
							<ee:variables >
								<ee:set-variable variableName="sapResponse" ><![CDATA[%dw 2.0
output application/json
---
payload.d.results]]></ee:set-variable>
							</ee:variables>
				</ee:transform>
						<logger level="DEBUG" doc:name="debugLog" doc:id="9d3733cb-ee5b-4f1a-83f7-c9286c3b3ae0" message="uuid :: #[vars.uuid], locationEvent payload request to batch job :: #[vars.sapResponse]" category="com.chep.mule4.sap.locationUpdate" />
				<ee:transform doc:name="statusUpdateRequestPayload" doc:id="5374b5bb-607f-4545-a0ed-54b166c84458">
						<ee:message>
							<ee:set-payload><![CDATA[%dw 2.0
output application/json
---
{
    Guid: "X",
    Status: "",
        (EventsLogSet: vars.sapResponse filter($.Guid != null) map (item, index) -> {
            Guid: item.Guid,
            Referenceid1: item.Referenceid1,
            Referenceid2: item.Referenceid2,
            Transactiontype: item.Transactiontype,
            Destination: item.Destination,
            Timestamp: item.Timestamp,
            Status:"02",
            Message: "Successfully retrieved"

        } )
    
}]]></ee:set-payload>
						</ee:message>
						<ee:variables />
					</ee:transform>
						<logger level="INFO" doc:name="infoLog" doc:id="e4f6d12d-57d3-4065-abf9-2933e37e12e1" message="uuid :: #[vars.uuid], before-updating-02-status-to-sap-for-location-event" />
						<logger level="DEBUG" doc:name="debugLogStatusUpdate" doc:id="9b64d66e-1c8f-4f48-99f5-fc30a2a34d96" message="uuid :: #[vars.uuid], locationEvent request for 02 status Update to SAP before try block :: #[payload]" category="com.chep.mule4.sap.locationUpdate" />
						<try doc:name="Try" doc:id="827a8bc2-901d-4c5e-892e-4caa9e824a70">
								<flow-ref doc:name="sapStatusUpdateFlow" doc:id="b44e592a-9d48-4a6c-8419-17636d61d595" name="sapStatusUpdateFlow" />
							<error-handler>
									<on-error-propagate enableNotifications="true" logException="true" doc:name="On Error Propagate" doc:id="dec5b4ec-e9dd-4619-ae93-7c72430ff9aa">
										<ee:transform doc:name="errorPayload" doc:id="73b255ec-9498-4623-bdcc-b413b53a58e7">
											<ee:message>
												<ee:set-payload><![CDATA[%dw 2.0
output application/json
---
vars.sapResponse]]></ee:set-payload>
											</ee:message>
										<ee:variables >
											<ee:set-variable variableName="interfaceName" ><![CDATA[%dw 2.0
output application/json
---
"aperture-sap-sf-account-update"]]></ee:set-variable>
											<ee:set-variable variableName="failurePayload" ><![CDATA[%dw 2.0
output application/json
---
payload.EventsLogSet]]></ee:set-variable>
											<ee:set-variable variableName="errorSystem" ><![CDATA[%dw 2.0
output application/java
---
"sap"]]></ee:set-variable>
											<ee:set-variable variableName="customer" ><![CDATA[%dw 2.0
output application/json
---
vars.sapResponse map(item,index)->{
	
	id: item.Customer
	
}]]></ee:set-variable>
										</ee:variables>
										</ee:transform>
									
									<logger level="INFO" doc:name="infoLog" doc:id="39609c11-2d94-4994-bb98-2a0d71063ebd" message="uuid :: #[vars.uuid], locationEvent-error-message-while-updating-02-status-to-sap::: #[payload.errorMessage]" />
										<os:store doc:name="jobStatus" doc:id="8f61b2e4-916a-4bc2-8353-1d2f6dbc1c3c" key="jobStatus" objectStore="Object_store">
											<os:value><![CDATA[#["inactive"]]]></os:value>
										</os:store>
									</on-error-propagate>
								</error-handler>
							</try>
				<logger level="INFO" doc:name="infoLog" doc:id="7713dc29-bbc3-404c-b848-0697418127b8" message="uuid :: #[vars.uuid], updated-02-status-to-sap-successfully-for-location-event" />
						<ee:transform doc:name="Transform Message" doc:id="2e2ba431-4d63-43bf-b0b5-c55abfbac2eb">
							<ee:message>
								<ee:set-payload ><![CDATA[%dw 2.0
output application/json
---
vars.sapResponse]]></ee:set-payload>
							</ee:message>
							<ee:variables >
							</ee:variables>
						</ee:transform>
						<flow-ref doc:name="LocationEventUpdateFlow" doc:id="ca8c053c-f233-4309-aabe-334215d5214b" name="LocationEventUpdateFlow" />
			</when>
			<otherwise>
				<os:store doc:name="jobStatus" doc:id="3a1e338f-e5f4-4b86-a4ef-b362eec3bf32" key="jobStatus" objectStore="Object_store">
<os:value><![CDATA[#["inactive"]]]></os:value>
</os:store>
						<logger level="INFO" doc:name="infoLog" doc:id="3ae068f7-8b94-4a9c-aeba-1f0b289a918c" message="uuid :: #[vars.uuid], no-records-available-for-locationEvent , locationEvent-jobStatus-is-inactive " />
			</otherwise>
		</choice>
			</when>
			<otherwise >
				<logger level="INFO" doc:name="infoLog" doc:id="c36e800c-200d-41b7-a8df-6c65b961b117" message="uuid :: #[vars.uuid], locationEvent-batch-Job-Status-is-Active"/>
			</otherwise>
		</choice>
	
	</flow>
	<flow name="LocationEventUpdateFlow" doc:id="c20ce3b5-baf6-491c-b19c-879d3792788e" >
		<batch:job jobName="LocationEventUpdateBatch_Job" doc:id="14b5ed96-02f6-470a-948e-8c1fe18e55fb" maxFailedRecords="-1">
			<batch:process-records >
				<batch:step name="Batch_Step" doc:id="18a94558-d03f-4dc8-ae80-84a35966ecd3" >
					<logger level="INFO" doc:name="infoLog" doc:id="fb8c10d7-46f5-4f8b-ad6f-c09a63c38c98" message="uuid :: #[vars.uuid], locationEvent-data-Inside-batch-step." />
					<ee:transform doc:name="inputPayloadToBatch" doc:id="dc9d1fd6-44ca-4ce3-a43b-dd668e82412b">
							<ee:message >
							<ee:set-payload ><![CDATA[%dw 2.0
output application/json
---
payload]]></ee:set-payload>
						</ee:message>
							<ee:variables>
							</ee:variables>
						</ee:transform>
					<logger level="DEBUG" doc:name="debugLog" doc:id="68daffe5-8658-4dda-822c-52fab17d941a" message="uuid :: #[vars.uuid], locationEvent payload Inside batch step is :: #[payload]" category="com.chep.mule4.sap.locationUpdate" />
					<batch:aggregator doc:name="Batch Aggregator" doc:id="ba3ce29b-4d56-4801-bb7d-404b83d5ae26" size="100" preserveMimeTypes="true">
						<ee:transform doc:name="inSideAgg" doc:id="421f027f-3e30-4cf8-8100-053793fadf0e" >
							<ee:message >
								<ee:set-payload ><![CDATA[%dw 2.0
output application/json
---
payload]]></ee:set-payload>
							</ee:message>
							<ee:variables >
								<ee:set-variable variableName="errorSystem" ><![CDATA[%dw 2.0
output application/java
---
"sf"]]></ee:set-variable>
								<ee:set-variable variableName="interfaceName" ><![CDATA[%dw 2.0
output application/java
---
"aperture-sap-sf-account-update"]]></ee:set-variable>
							</ee:variables>
						</ee:transform>
						<logger level="INFO" doc:name="infoLog" doc:id="77fab454-f83e-4b4d-8db9-16967cd8e6bb" message="uuid :: #[vars.uuid], payload-inside-aggregator-for-locationEvent-before-get-account-sf-request"/>
						<logger level="DEBUG" doc:name="debugAgg" doc:id="8bd7e771-cf09-4804-b6f1-9522ef1d0647" category="com.chep.mule4.sap.locationUpdate" message="uuid :: #[vars.uuid],  payload Inside Aggregator for locationEvent :: #[payload]"/>
						<ee:transform doc:name="queryForSF" doc:id="92c738f1-508d-499e-a594-4dd409a31928" >
							<ee:message >
							</ee:message>
							<ee:variables >
								<ee:set-variable variableName="accountId" ><![CDATA[%dw 2.0
output application/json
---
"('" ++ (payload.Customer joinBy "','") ++ "')"]]></ee:set-variable>
							</ee:variables>
						</ee:transform>
						<logger level="INFO" doc:name="infoLog" doc:id="05d99815-4bdc-4410-9f75-44fb87ee5a11" message="uuid :: #[vars.uuid], accountId's-to-be-retrieved-from-SF-in-location-event :::#[vars.accountId]"/>
						<try doc:name="Try" doc:id="f331d3b2-e07d-4e6f-a415-cb8af57bf1b5" >
							<http:request method="GET" doc:name="requestToSf" doc:id="42f57295-8d55-43ee-81d4-ab56c4614ede" config-ref="sf_Request_configuration" path="${secure::sf.http.acc}" target="AccountIds">
							<http:headers><![CDATA[#[output application/java
---
{
"client_secret" : p('secure::sf.client_id'),
"client_id" : p('secure::sf.client_secret')
}]]]></http:headers>
							<http:query-params><![CDATA[#[output application/json
---
{
soqlQueryCondition : "GlobalId__c IN " ++ vars.accountId
}]]]></http:query-params>
						</http:request>
							<logger level="INFO" doc:name="infoLog" doc:id="18efda6d-2cfd-41b6-933c-a854ba69cd3e" message="uuid :: #[vars.uuid], successfully-retrieved-account-data-from-SF-in-location-event."/>
							<logger level="DEBUG" doc:name="debugAgg" doc:id="c25d5e1e-2188-4d44-9b68-0957825df722" message="uuid :: #[vars.uuid],  Sf account response payload for locationEvent  :: #[vars.AccountIds]" category="com.chep.mule4.sap.locationUpdate" />
							<error-handler >
								<on-error-propagate enableNotifications="true" logException="true" doc:name="On Error Propagate" doc:id="36b5af31-55dd-4fac-89e2-ecd46d780b33" >
<!-- [STUDIO:"payload"]									<ee:transform doc:name="payload" doc:id="291fe4de-d78a-41c6-822d-078f21de80f3" >
										<ee:message >
											<ee:set-payload ><![CDATA[%dw 2.0
output application/json
&#45;&#45;-
payload]]></ee:set-payload>
										</ee:message>
										<ee:variables >
											<ee:set-variable variableName="customer" ><![CDATA[%dw 2.0
output application/json
&#45;&#45;-
payload map(item,index)->{
	
	id: item.Customer
	
}]]></ee:set-variable>
											<ee:set-variable variableName="failurePayload" ><![CDATA[%dw 2.0
output application/json
&#45;&#45;-
payload]]></ee:set-variable>
										</ee:variables>
									</ee:transform> [STUDIO] -->
<!-- 									<async doc:name="Async" doc:id="3a3a19cd-7509-42ab-b55b-aba6fd1e21b6" >
										<logger level="INFO" doc:name="infoLog" doc:id="16a90256-af71-4a68-ab2f-1ce9207374d4" message="uuid :: #[vars.uuid], get failure payload from sf ::#[payload]"/>
										<flow-ref doc:name="errorResponseToDbFlow" doc:id="244df19b-5703-4c00-824e-c376e49081fb" name="errorResponseToDbFlow"/>
									</async> -->
									<ee:transform doc:name="sapStatusUpdate" doc:id="f6eeb580-96d1-4bf9-ab50-ea699a6a577a" >
										<ee:message >
											<ee:set-payload ><![CDATA[%dw 2.0
output application/json
---
{
    Guid: "X",
    Status: "",
        (EventsLogSet: payload filter($.Guid != null) map (item, index) -> {
            Guid: item.Guid,
            //Message:  (if(error.muleMessage.payload.errorMessage != null)error.muleMessage.payload.errorMessage else error.description default "" [0 to 115]),
			Message: if(error.muleMessage.payload.errorMessage != null and sizeOf(error.muleMessage.payload.errorMessage) > 115)error.muleMessage.payload.errorMessage [0 to 115] else if (error.muleMessage.payload.errorMessage != null) error.muleMessage.payload.errorMessage else if (error.description != null and sizeOf(error.description) > 115) error.description [0 to 115] else error.description default "",            
            Referenceid1: item.Referenceid1,
            Referenceid2: item.Referenceid2,
            Transactiontype: item.Transactiontype,
            Destination: item.Destination,
            Timestamp: item.Timestamp,
            Status:"04"
           
        } )
    
}]]></ee:set-payload>
										</ee:message>
									</ee:transform>
									<logger level="INFO" doc:name="infoLog" doc:id="921b732e-67fa-40b5-b53a-d16630d3165c" message="uuid is ::#[vars.uuid],updating-04-status-to-sap-for-location-event-at-sf-getAccount::#[payload]"/>
									<flow-ref doc:name="sapStatusUpdateFlow" doc:id="bffc7756-1dba-4412-8411-11c730263d41" name="sapStatusUpdateFlow" />
									<logger level="INFO" doc:name="infoLog" doc:id="335759ad-066e-4c2b-8582-7fb8d068c599" message="uuid :: #[vars.uuid], error-response-from-sf-account-Request-in-locationEvent" />
								</on-error-propagate>
							</error-handler>
						</try>
						<ee:transform doc:name="payload" doc:id="aad78f2a-4f97-4db8-bb3f-d04cdccd63b4">
							<ee:message>
								<ee:set-payload><![CDATA[%dw 2.0
output application/json

var a =vars.AccountIds  map {
	($.globalId):$.id
}
---
{
d: {
results: payload filter($.Id == null)  map ( result , indexOfResult ) -> {
AcctClerkAbbrev: result.AcctClerkAbbrev,
ClerkInternetAddr: result.ClerkInternetAddr,
Closed: result.Closed,
CompanyCode: result.CompanyCode,
CustCondGrp1: result.CustCondGrp1,
CustCondGrp3: result.CustCondGrp3,
CustCondGrp5: result.CustCondGrp5,
Customer: result.Customer,
Id:a[result.Customer][0],
Destination: result.Destination,
DistrChannel: result.DistrChannel,
Division: result.Division,
DunnBlock: result.DunnBlock,
DunningLevel: result.DunningLevel,
DunnProcedure: result.DunnProcedure,
//DunsNumber: result.DunsNumber,
GenBillingBlock: result.GenBillingBlock,
GenDeliveryBlock: result.GenDeliveryBlock,
GenOrderBlock: result.GenOrderBlock,
Guid: result.Guid,
Knb5Busab: result.Knb5Busab,
Latitude: result.Latitude,
Longitude: result.Longitude,
Name3: result.Name3,
Name4: result.Name4,
PaymentBlock: result.PaymentBlock,
PcloserDate: result.PcloserDate default "",
PmntGroupingKey: result.PmntGroupingKey,
Referenceid1: result.Referenceid1,
Referenceid2: result.Referenceid2,
Revoked: result.Revoked,
SalesBillingBlock: result.SalesBillingBlock,
SalesDeliveryBlock: result.SalesDeliveryBlock,
SalesOrderBlock: result.SalesOrderBlock,
SalesOrg: result.SalesOrg,
SecrecyText: result.SecrecyText,
ShipCond: result.ShipCond,
Status: result.Status,
Timestamp: result.Timestamp,
Transactiontype: result.Transactiontype,
Vendor: result.Vendor,
TaxNumber2:result.TaxNumber2,
TaxNumber3:result.TaxNumber3,
TaxNumber4:result.TaxNumber4,
TaxNumber5:result.TaxNumber5,
PONumberText:result.PONumberText,
revokedStatus:result.Revoked,
closedLocation:result.Closed,
VatRegNo: result.VatRegNo,
TaxNumber1: result.TaxNumber1

}
}
}]]></ee:set-payload>
							</ee:message>
							<ee:variables>
								<ee:set-variable variableName="guid"><![CDATA[%dw 2.0
output application/json
---
payload..Guid]]></ee:set-variable>
								<ee:set-variable variableName="originalPayload"><![CDATA[%dw 2.0
output application/json

var a =vars.AccountIds  map {
	($.globalId):$.id
}
---
{
d: {
results: payload filter($.Id == null)  map ( result , indexOfResult ) -> {
AcctClerkAbbrev: result.AcctClerkAbbrev,
ClerkInternetAddr: result.ClerkInternetAddr,
Closed: result.Closed,
CompanyCode: result.CompanyCode,
CustCondGrp1: result.CustCondGrp1,
CustCondGrp3: result.CustCondGrp3,
CustCondGrp5: result.CustCondGrp5,
Customer: result.Customer,
Id:a[result.Customer][0],
Destination: result.Destination,
DistrChannel: result.DistrChannel,
Division: result.Division,
DunnBlock: result.DunnBlock,
DunningLevel: result.DunningLevel,
DunnProcedure: result.DunnProcedure,
//DunsNumber: result.DunsNumber,
GenBillingBlock: result.GenBillingBlock,
GenDeliveryBlock: result.GenDeliveryBlock,
GenOrderBlock: result.GenOrderBlock,
Guid: result.Guid,
Knb5Busab: result.Knb5Busab,
Latitude: result.Latitude,
Longitude: result.Longitude,
Name3: result.Name3,
Name4: result.Name4,
PaymentBlock: result.PaymentBlock,
PcloserDate: result.PcloserDate default "",
PmntGroupingKey: result.PmntGroupingKey,
Referenceid1: result.Referenceid1,
Referenceid2: result.Referenceid2,
Revoked: result.Revoked,
SalesBillingBlock: result.SalesBillingBlock,
SalesDeliveryBlock: result.SalesDeliveryBlock,
SalesOrderBlock: result.SalesOrderBlock,
SalesOrg: result.SalesOrg,
SecrecyText: result.SecrecyText,
ShipCond: result.ShipCond,
Status: result.Status,
Timestamp: result.Timestamp,
Transactiontype: result.Transactiontype,
Vendor: result.Vendor,
TaxNumber2:result.TaxNumber2,
TaxNumber3:result.TaxNumber3,
TaxNumber4:result.TaxNumber4,
TaxNumber5:result.TaxNumber5,
PONumberText:result.PONumberText,
revokedStatus:result.Revoked,
closedLocation:result.Closed,
VatRegNo: result.VatRegNo,
TaxNumber1: result.TaxNumber1
}
}
}]]></ee:set-variable>
							</ee:variables>
						</ee:transform>
						<!-- <async doc:name="Async" doc:id="1cf69c08-f085-49c7-a18e-6d82b1a7d379" >
							<ee:transform doc:name="statusUpdateRequestPayload" doc:id="6f92510f-8da9-48e0-9a7a-a686b8d0cbf8">
							<ee:message>
								<ee:set-payload><![CDATA[%dw 2.0
output application/json
-&#45;&#45;
{
    Guid: "X",
    Status: "",
        (EventsLogSet: payload.d.results filter($.Guid != null) map (item, index) -> {
            Guid: item.Guid,
            Referenceid1: item.Referenceid1,
            Referenceid2: item.Referenceid2,
            Transactiontype: item.Transactiontype,
            Destination: item.Destination,
            Timestamp: item.Timestamp,
            Status:"02",
            Message: "Successfully retrieved"

        } )
    
}]]></ee:set-payload>
							</ee:message>
							<ee:variables />
						</ee:transform>
							<logger level="DEBUG" doc:name="debugLogStatusUpdate" doc:id="4de7e2c8-3565-4bcc-a30d-f83df2dd358c" message="uuid :: #[vars.uuid], statusUpdate to SAP :: #[payload]" category="com.chep.mule4.sap.locationUdate"/>
							<flow-ref doc:name="sapStatusUpdateFlow" doc:id="7538fbe5-8af3-46eb-afc3-1380380eeb2b" name="sapStatusUpdateFlow" />
						</async> -->
						<ee:transform doc:name="payload" doc:id="27e77b54-5c53-472c-b61b-335ad9d91634">
							<ee:message>
								<ee:set-payload><![CDATA[%dw 2.0
output application/json
---
vars.originalPayload.d.results]]></ee:set-payload>
							</ee:message>
						</ee:transform>
						<try doc:name="Try" doc:id="c4df10e7-f0eb-4a5f-8857-2c49fa05982f">
							<ee:transform doc:name="payload" doc:id="b21550c0-f618-4781-812e-e5a06669e99a">
								<ee:message>
									<ee:set-payload><![CDATA[%dw 2.0
output application/json
fun dynamicFields(input1) = (input1 != null)
---
(payload map (payload01)->
{  
(pendingClosureDate: payload01.PcloserDate as Date {format: "yyyyMMdd"} as String {format: "yyyy-MM-dd"} default "") if(dynamicFields(payload01.PcloserDate)),
billingLongitude: payload01.Longitude,
billingLatitude: payload01.Latitude,
orderBlockSelectedSalesArea: payload01.SalesOrderBlock,
billingBlockSelectedSalesArea: payload01.SalesBillingBlock,
hideFromMyCHEP: payload01.SecrecyText,
deliveryBlockSelectedSalesArea: payload01.SalesDeliveryBlock,
shippingCondition: payload01.ShipCond,
paymentBlock: payload01.PaymentBlock,
groupingKey: payload01.PmntGroupingKey,
dunningLevel: payload01.DunningLevel,
dunningProcedure: payload01.DunnProcedure,
dunningBlock: payload01.DunnBlock,
//dunsNumber: payload01.DunsNumber,
clerkAbbreviationName: payload01.AcctClerkAbbrev,
clerksInternet: payload01.ClerkInternetAddr,
sendToBxb: payload01.CustCondGrp5,
conditionGroup3: if(payload01.CustCondGrp3 == "0") "0" else if(payload01.CustCondGrp3 == "1") "1" else if(payload01.CustCondGrp3 == "2") "2" else if(payload01.CustCondGrp3 == "3") "3" else if(payload01.CustCondGrp3 == "4") "4" else if(payload01.CustCondGrp3 == "L1") "L1" else if(payload01.CustCondGrp3 == "L2") "L2" else if(payload01.CustCondGrp3 == "L3") "L3" else if(payload01.CustCondGrp3 == "L4") "L4" else if(payload01.CustCondGrp3 == "L5") "L5" else if(payload01.CustCondGrp3 == "L6") "L6" else if(payload01.CustCondGrp3 == "L7") "L7" else if(payload01.CustCondGrp3 == "E") "E" else "",
commercialReviewType: payload01.CustCondGrp1,
billingBlockAllSalesAreas: payload01.GenBillingBlock,
orderBlockAllSalesAreas: payload01.GenOrderBlock,
deliveryBlockAllSalesAreas: payload01.GenDeliveryBlock,
vendorCode: payload01.Vendor,
customerOwnId: payload01.Name4,
legalName: payload01.Name3,
global: payload01.Customer,
id:payload01.Id,
taxNumber2:payload01.TaxNumber2,
taxNumber3:payload01.TaxNumber3,
taxNumber4:payload01.TaxNumber4,
taxNumber5:payload01.TaxNumber5,
blanketPONumber:payload01.PONumberText,
revokedStatus:if(payload01.Revoked == "X") "true" else "false",
closedLocation:if(payload01.Closed == "X") "true" else "false",
vatRegno: payload01.VatRegNo,
companyRegistrationNo:payload01.TaxNumber1
})]]></ee:set-payload>
								</ee:message>
							</ee:transform>
							<logger level="INFO" doc:name="infoLog" doc:id="0a65bfd1-7ec8-4a83-994d-2dda5a8f3bfd" message="uuid :: #[vars.uuid], updating-sap-payload-to-sf-account-object-for-locations-event"/>
							<logger level="DEBUG" doc:name="debugLogUpdateSFReq" doc:id="32d42d36-63b9-42ea-aeaf-9205b937cc8d" message="uuid :: #[vars.uuid], SF account update Request payload for locationEvent ::  #[payload]" category="com.chep.mule4.sap.locationUpdate"/>
							<http:request method="PUT" doc:name="requestToSf" doc:id="2633bf14-d1f5-4d91-8867-64be0354bf4e" config-ref="sf_Request_configuration" path="${secure::sf.http.acc}">
								<http:headers><![CDATA[#[output application/java
---
{
"client_secret" : p('secure::sf.client_id'),
"client_id" : p('secure::sf.client_secret')
}]]]></http:headers>
							</http:request>
							<logger level="INFO" doc:name="infoLog" doc:id="02ef0ad8-e359-4dce-84b2-a161aeee5adc" message="uuid is ::#[vars.uuid], success-response-from-sf-account-object-in-locations-event"/>
							<logger level="DEBUG" doc:name="debugLogUpdateSFResponse" doc:id="65739a70-ef43-4b5f-ac6e-875ebb335062" message="uuid :: #[vars.uuid],  account update response from SF for locationEvent::  #[payload]" category="com.chep.mule4.sap.locationUpdate" />

							<ee:transform doc:name="sapStatusUpdateRequest" doc:id="1359e69c-9897-4919-a99b-f089705f777f">
								<ee:message>
									<ee:set-payload><![CDATA[%dw 2.0
output application/json
var sfResponse = (payload.items..successful)
var errorMessage = (payload.items..message)
---
({
    Guid: "X",
    Status: "",
      
            (EventsLogSet: vars.originalPayload.d.results filter($.Guid != null) map (item, index) -> {
            Guid: item.Guid,
            Referenceid1: item.Referenceid1,
            Referenceid2: item.Referenceid2,
            Transactiontype: item.Transactiontype,
            Destination: item.Destination,
            Timestamp: item.Timestamp,
            Status:  if((sfResponse[index] == true ))("03") else "04",
            Message: if(errorMessage[index] != null)((errorMessage[index]))[0 to 115] else ("Updated Successfully")
        }) 
})]]></ee:set-payload>
								</ee:message>
							</ee:transform>
							<logger level="INFO" doc:name="infoLog" doc:id="ef320866-4e31-43aa-8a21-b150ff4f75af" message="uuid is ::#[vars.uuid], before-updating-03-or-04-status-to-sap-in-locations-event." />
							<logger level="DEBUG" doc:name="debugLogStatusUpdate" doc:id="5677ca5f-3f43-4a36-8df5-7a08c40dcb48" message="uuid :: #[vars.uuid], payload Request for updating 03 or 04  status to sap locationEvent :: #[payload]" category="com.chep.mule4.sap.locationUpdate" />
							<flow-ref doc:name="sapStatusUpdateFlow" doc:id="2ed5c644-1338-4603-a0d2-c9843f2a5658" name="sapStatusUpdateFlow" />
							<logger level="DEBUG" doc:name="debugLogStatusUpdate" doc:id="e8bf13dd-8b17-47c8-ab26-e16add247bf7" message="uuid :: #[vars.uuid], success response from sap after updating 03 or 04  status in locationEvent  :: #[payload]" category="com.chep.mule4.sap.locationUpdate" />
							<error-handler>
								<on-error-propagate enableNotifications="true" logException="true" doc:name="On Error Propagate" doc:id="bcd0eb5a-9d1b-4de3-982c-fcba8ecd8e06">


									<ee:transform doc:name="sapStatusFailedRequest" doc:id="027bef94-87b7-423d-b89f-bd29264ff52d">
										<ee:message>
											<ee:set-payload><![CDATA[%dw 2.0
output application/json
---
{
    Guid: "X",
    Status: "",
        (EventsLogSet: vars.originalPayload.d.results filter($.Guid != null) map (item, index) -> {
            Guid: item.Guid,
            //Message:  (if(error.muleMessage.payload.errorMessage != null)error.muleMessage.payload.errorMessage else error.description default "" [0 to 115]),
			Message: if(error.muleMessage.payload.errorMessage != null and sizeOf(error.muleMessage.payload.errorMessage) > 115)error.muleMessage.payload.errorMessage [0 to 115] else if (error.muleMessage.payload.errorMessage != null) error.muleMessage.payload.errorMessage else if (error.description != null and sizeOf(error.description) > 115) error.description [0 to 115] else error.description default "",            
            Referenceid1: item.Referenceid1,
            Referenceid2: item.Referenceid2,
            Transactiontype: item.Transactiontype,
            Destination: item.Destination,
            Timestamp: item.Timestamp,
            Status:"04"
     

        } )
    
}]]></ee:set-payload>
										</ee:message>
									</ee:transform>
									<logger level="INFO" doc:name="infoLog" doc:id="c9c56cca-a01a-4f39-b4f9-50798769b122" message="uuid is ::#[vars.uuid],updating-04-status-to-sap-for-location-event-at-sf-accountUpdate::#[payload]" />
									<flow-ref doc:name="sapStatusUpdateFlow" doc:id="c21ab19e-a2d8-4951-9afa-395c192d6f63" name="sapStatusUpdateFlow" />
									<logger level="INFO" doc:name="infoLog" doc:id="d0cfca0b-ee9a-4c70-8c12-57be66f1dff1" message="uuid :: #[vars.uuid], locationEvent-error-message-from-SF-updateAccount ::: #[payload]" />
								</on-error-propagate>
							</error-handler>
						</try>
					</batch:aggregator>
				</batch:step>
			</batch:process-records>
			<batch:on-complete >
				<os:store doc:name="jobStatus" doc:id="d3d35399-ddae-4e63-8bb0-06a26be0ce28" key="jobStatus" objectStore="Object_store">
<os:value><![CDATA[#["inactive"]]]></os:value>
</os:store>
				<logger level="INFO" doc:name="infoLogOnComplete" doc:id="b6e9108b-4280-4449-a9a5-03e8a8053024" message="UUID: #[vars.uuid], locationEvent-Records-loaded-into-batch-job :: #[payload.loadedRecords], locationEvent-successRecords:: #[payload.successfulRecords], locationEvent-failedRecords:: #[payload.failedRecords] locationEvent-jobStatus-is-inactive"/>
			</batch:on-complete>
		</batch:job>
	</flow>

</mule>
