<?xml version="1.0" encoding="UTF-8"?>

<mule xmlns:validation="http://www.mulesoft.org/schema/mule/validation" xmlns:os="http://www.mulesoft.org/schema/mule/os"
	xmlns:batch="http://www.mulesoft.org/schema/mule/batch"
	xmlns:ee="http://www.mulesoft.org/schema/mule/ee/core" xmlns:http="http://www.mulesoft.org/schema/mule/http" xmlns="http://www.mulesoft.org/schema/mule/core" xmlns:doc="http://www.mulesoft.org/schema/mule/documentation" xmlns:xsi="http://www.w3.org/2001/XMLSchema-instance" xsi:schemaLocation="http://www.mulesoft.org/schema/mule/core http://www.mulesoft.org/schema/mule/core/current/mule.xsd
http://www.mulesoft.org/schema/mule/http http://www.mulesoft.org/schema/mule/http/current/mule-http.xsd
http://www.mulesoft.org/schema/mule/ee/core http://www.mulesoft.org/schema/mule/ee/core/current/mule-ee.xsd
http://www.mulesoft.org/schema/mule/batch http://www.mulesoft.org/schema/mule/batch/current/mule-batch.xsd
http://www.mulesoft.org/schema/mule/os http://www.mulesoft.org/schema/mule/os/current/mule-os.xsd
http://www.mulesoft.org/schema/mule/validation http://www.mulesoft.org/schema/mule/validation/current/mule-validation.xsd">
	<http:listener-config name="HTTP_Listener_config" doc:name="HTTP Listener config" doc:id="66bb5d39-077d-49f8-bc94-3dc493e8c2cf" >
		<http:listener-connection host="0.0.0.0" port="8082" />
	</http:listener-config>
	<flow name="countSubmit" doc:id="46966daf-ec60-49c0-befb-2cb1bb922e57">
	
		<scheduler doc:name="auditScheduler" doc:id="ba388b05-a312-4299-b2a2-a9f567e32df5" >
			<scheduling-strategy >
				<fixed-frequency frequency="2" timeUnit="MINUTES" />
			</scheduling-strategy>
		</scheduler>
		<!-- <http:listener doc:name="Listener" doc:id="6a4e40f5-9849-4ef7-99a4-576908409f68" config-ref="HTTP_Listener_config" path="/countSumit"/> -->
		<set-variable value="#[uuid()]" doc:name="uuid" doc:id="33c54686-ae02-49a8-9043-6ab8dcb22c8f" variableName="uuid"/>
		<set-variable value='#["started"]' doc:name="countSubmit" doc:id="4c721479-3a0c-4f34-be83-b4a84452f14f" variableName="countSubmitFlow"/>
		<logger level="INFO" doc:name="infoLog" doc:id="32d6fd69-854b-4b4e-8c8a-d9c96aabf626" message="uuid :: #[vars.uuid], countSubmitFlow-is ::#[vars.countSubmitFlow]"/>
		<os:retrieve doc:name="jobStatusAudit" doc:id="7425a32d-4786-4165-9238-f6bb54d5f643" key="jobStatusAudit" objectStore="Object_store" target="jobStatusAudit">
			<os:default-value ><![CDATA["inactive"]]></os:default-value>
		</os:retrieve>
		<choice doc:name="Choice" doc:id="c1609d3e-9b33-4f86-837f-e5adff52fb1b" >
			<when expression='vars.jobStatusAudit != "active"'>
				<os:store doc:name="jobStatusAudit" doc:id="c174a763-ce8f-407d-8cfe-42650a401e50" key="jobStatusAudit" objectStore="Object_store">
				<os:value><![CDATA[#["active"]]]></os:value>
			</os:store>
				<logger level="INFO" doc:name="infoLog" doc:id="e675dbc8-d3c2-4618-9e63-7db9e3ba102d" message="uuid :: #[vars.uuid], batch Status-is-Active-for-countSubmit"/>
				<try doc:name="Try" doc:id="3da77ce9-dcff-4c0d-aff7-ef899860a0de">
			<http:request method="GET" doc:name="requestToSap" doc:id="ed460727-f6ce-4f83-9665-4bc9d806717f" config-ref="HTTP_Request_configuration" path="${secure::sap.http.auditPath}">
			<http:headers><![CDATA[#[%dw 2.0
output application/json
---
{
	Accept: p('secure::sap.Accept')
}]]]></http:headers>
			<http:query-params><![CDATA[#[%dw 2.0
output application/java
---
{
"\$filter": p('secure::sap.filter'),
"format": p('secure::sap.format')
}]]]></http:query-params>
		</http:request>
					<logger level="INFO" doc:name="infoLog" doc:id="57497d5f-1737-4f94-8873-84fe3539bebc" message="uuid :: #[vars.uuid], successfully-retrieved-countSubmit-event-data-from-sap" />
					<logger level="DEBUG" doc:name="debugLogSAPResponse" doc:id="6bae25f6-11a5-4b9d-99ba-a53c7942c325" message="uuid :: #[vars.uuid], countSubmit payload size :: #[sizeOf(payload.d.results)], countSubmit response payload from sap :: #[payload]" category="com.chep.mule4.audit"/>
					<error-handler>
				<on-error-propagate enableNotifications="true" logException="true" doc:name="On Error Propagate" doc:id="91360302-04b4-45d8-bfb5-bb67afbc1404">
					<ee:transform doc:name="errorMessage" doc:id="c434d6c4-4b11-4649-95c3-3a29247c0bd2">
						<ee:message>
						</ee:message>
						<ee:variables>
							<ee:set-variable variableName="errorMessage"><![CDATA[%dw 2.0
output application/json
---
{
"description": error.description,
"errorMessage": error.cause.errorMessage.payload
}]]></ee:set-variable>
						</ee:variables>
					</ee:transform>
							<logger level="INFO" doc:name="errorMessageLog" doc:id="58a5efa3-6997-450d-8a8a-424d6b22e710" message="uuid :: #[vars.uuid], error-message-from-sap-countSubmit-get-request #[vars.errorMessage]" />
				</on-error-propagate>
			</error-handler>
		</try>
				<choice doc:name="Choice" doc:id="8f1aabf3-9f4c-4a22-b0b8-8c5d352c63f3">
			<when expression="#[payload.d.results !=[]]">
<logger level="INFO" doc:name="infoLog" doc:id="60f0f577-5903-4338-80c4-ee2155e3a413" message="uuid :: #[vars.uuid], countSubmit-payload-before-updating-02-status-to-sap" />
						<async doc:name="Async" doc:id="991ecb8a-5352-4713-94fd-a0bfa6f4474b" >
							<flow-ref doc:name="ack" doc:id="8a998a3f-fec9-45e8-b083-a61baba8c6e5" name="ack" />
						
</async>				
				<logger level="INFO" doc:name="infoLog" doc:id="a329b421-9cd4-43a1-862e-f218ccd4d50e" message="uuid :: #[vars.uuid], updated-02-status-to-sap-successfully-for-countSubmit-event" />
						<ee:transform doc:name="sapResponse" doc:id="df3cee0e-011e-4f40-bf48-e7f533e812cc">
					<ee:message>
						<ee:set-payload><![CDATA[%dw 2.0
output application/json
---
payload.d.results]]></ee:set-payload>
					</ee:message>
				</ee:transform>
						<logger level="DEBUG" doc:name="debugLog" doc:id="ed0d1d1c-beea-426a-a9a5-36ce1f2ff166" category="com.chep.mule4.audit" message="uuid :: #[vars.uuid], countSubmit request payload to batch job is :: #[payload]"/>
						<batch:job jobName="auditUpdateBatch_Job" doc:id="06572289-85a8-434c-b156-747fe085a674" maxFailedRecords="-1">
					<batch:process-records>
						<batch:step name="Batch_Step" doc:id="972c3a2e-56f6-4755-b355-816c47e01fb1">
							<batch:aggregator doc:name="Batch Aggregator" doc:id="60560fbc-cffc-4df2-9274-86a857b5d461" size="100" preserveMimeTypes="true">
								<ee:transform doc:name="payload" doc:id="1d18c624-245f-4837-b3de-55c366c88c1a">
									<ee:message>
										<ee:set-payload><![CDATA[%dw 2.0
output application/json
---
payload]]></ee:set-payload>
									</ee:message>
											<ee:variables >
												<ee:set-variable variableName="errorSystem" ><![CDATA[%dw 2.0
output application/json
---
"sf"]]></ee:set-variable>
												<ee:set-variable variableName="interfaceName" ><![CDATA[%dw 2.0
output application/json
---
"aperture-sap-sf-audit-update"]]></ee:set-variable>
											</ee:variables>
								</ee:transform>
								<ee:transform doc:name="payload" doc:id="5961c792-9319-45c6-9756-fb99061cf3a6">
			<ee:message>
				<ee:set-payload><![CDATA[%dw 2.0
output application/json
---
payload]]></ee:set-payload>
			</ee:message>
			<ee:variables>
				<ee:set-variable variableName="guid"><![CDATA[%dw 2.0
output application/json
---
payload..Guid]]></ee:set-variable>
				<ee:set-variable variableName="originalPayload"><![CDATA[%dw 2.0
output application/json
---
payload]]></ee:set-variable>
			</ee:variables>
		</ee:transform>

								<logger level="INFO" doc:name="infoLog" doc:id="5df80c6d-a0a4-49cc-a400-e4ad4e16b271" message="uuid is ::#[vars.uuid], countsubmit-event-payload-inside-the-batch-aggregator" />
										<logger level="DEBUG" doc:name="debugLog" doc:id="417b5bf3-3b94-40fa-bbb8-e780f4138e52" message="uuid is ::#[vars.uuid], SF updateAuditPlan request payload for countSubmit event:: #[payload]" category="com.chep.mule4.audit"/>

										<try doc:name="Try" doc:id="24f442e4-7684-4f04-b29b-3f566392dbc6">
											<ee:transform doc:name="updateSFRequest" doc:id="dd7274a4-d353-4bcf-8991-8864d3765d98">
			<ee:message>
				<ee:set-payload><![CDATA[%dw 2.0
output application/json

fun convertToTimeStamp(unixTimeStamp) = ((((unixTimeStamp splitBy ("("))[1] splitBy (")"))[0]
 as Number as DateTime {
	unit: "milliseconds"
}
 as DateTime as String {
	format: "yyyy-MM-dd'T'HH:mm:ss'Z'"
}) splitBy  " ")[0]
---
payload map (item)->
{
    id:item.SalesforceId,
    status: "Count Submitted",
    bookStockRefreshDate: if(item.ChangedOn != "" and item.ChangedOn != null)convertToTimeStamp(item.ChangedOn) else null,
    countDate:  if(item.CountDate != "" and item.CountDate != null)convertToTimeStamp(item.CountDate) else null,
    countReportedDate:if(item.CountRepDate != "" and item.CountRepDate != null) ((convertToTimeStamp(item.CountRepDate) splitBy  "T")[0]) else null,
}]]></ee:set-payload>
			</ee:message>
		</ee:transform>
											<logger level="INFO" doc:name="infoLog" doc:id="3562e3f4-ac3b-474f-8933-ca893693d77a" message="uuid is ::#[vars.uuid], updating-to-sf-updateAuditPlan-countSubmit-event:::::#[payload..id]" />
											<logger level="DEBUG" doc:name="debugLog" doc:id="7d3a1a51-e09b-4f89-9485-574744e82e24" message="uuid is ::#[vars.uuid], SF updateAuditPlan request payload for countSubmit event:: #[payload]" category="com.chep.mule4.countCalculation" />
											<http:request method="PATCH" doc:name="requestToSf" doc:id="af5bef19-1551-42e6-b947-d8612c49c2db" config-ref="sf_Request_configuration" path="${secure::sf.http.auditPath}">
					<http:headers><![CDATA[#[output application/java
---
{
"client_secret" : p('secure::sf.client_id'),
"client_id" : p('secure::sf.client_secret')
}]]]></http:headers>
				</http:request>
				<logger level="INFO" doc:name="infoLog" doc:id="11bc69ed-1387-4ec6-9a8d-c9c690acca44" message="uuid is ::#[vars.uuid], success-response-from-sf-updateAuditPlan-in-countSubmit-event" />
											<logger level="DEBUG" doc:name="debugLogSFResponse" doc:id="680a0c35-19c6-4040-80fd-48b28b899388" category="com.chep.mule4.audit" message="uuid is ::#[vars.uuid], SF updateAuditPlan success response payload for countSubmit event:: #[payload]"/>
											<ee:transform doc:name="sapUpdateRequest" doc:id="89c863d4-a21a-4e78-8f44-28cf1b5e38bd">
					<ee:message>
						<ee:set-payload><![CDATA[%dw 2.0
output application/json
var sfResponse = (payload.items..successful)	
var errorMessage = (payload.items..message)
---
({
    Guid: "X",
    Status: "",
        (EventsLogSet: vars.originalPayload filter($.Guid != null) map (item, index) -> {
            Guid: item.Guid,
            Referenceid1: item.Referenceid1,
            Referenceid2: item.Referenceid2,
            Transactiontype: item.Transactiontype,
            Destination: item.Destination,
            Timestamp: item.Timestamp,
            Status:  if((sfResponse[index] == true ))("03") else "04",	
            Message: if(errorMessage[index] != null) ((errorMessage[index]))[0 to 115] else ("Updated Successfully")

        } )
    
})]]></ee:set-payload>
					</ee:message>
				</ee:transform>
											<logger level="INFO" doc:name="infoLog" doc:id="4cd6e6d8-5c8e-4fa7-9d47-1beff909e927" message="uuid is ::#[vars.uuid], before-updating-03-or-04 -status-to-sap-in-countSubmit" />
											<logger level="DEBUG" doc:name="debugLogStatusUpdate" doc:id="72eb50db-83fc-4c7d-ab48-d0ba2f7de4b3" message="uuid :: #[vars.uuid], payload for updating 03 or 04  status to sap in countSubmit event :: #[payload]" category="com.chep.mule4.audit" />
											<flow-ref doc:name="sapStatusUpdateFlow" doc:id="7fecced3-ee62-4403-ad53-8293aabca600" name="sapStatusUpdateFlow" />
											<logger level="DEBUG" doc:name="debugLogSFResponse" doc:id="cb1381b7-7be4-4e85-8199-54c6f5e807a0" message="uuid :: #[vars.uuid], Response payload from sap status update for count submit :::#[payload]" category="com.chep.mule4.audit" />
											<error-handler>
					<on-error-propagate enableNotifications="true" logException="true" doc:name="On Error Propagate" doc:id="020bb42c-6269-41c0-abc5-8c415a8f2a5d">

													
													<ee:transform doc:name="sapUpdateRequest" doc:id="e2c63a26-e52c-45b3-adae-1fc52c49f5b0">
							<ee:message>
								<ee:set-payload><![CDATA[%dw 2.0
output application/json
---
{
    Guid: "X",
    Status: "",
        (EventsLogSet: vars.originalPayload filter($.Guid != null) map (item, index) -> {
            Guid: item.Guid,
            Referenceid1: item.Referenceid1,
            Referenceid2: item.Referenceid2,
            Transactiontype: item.Transactiontype,
            Destination: item.Destination,
            Timestamp: item.Timestamp,
            Status:"04",
            //Message:  (if(error.muleMessage.payload.errorMessage != null)error.muleMessage.payload.errorMessage else error.description default "" [0 to 115]) 
			Message: if(error.muleMessage.payload.errorMessage != null and sizeOf(error.muleMessage.payload.errorMessage) > 115)error.muleMessage.payload.errorMessage [0 to 115] else if (error.muleMessage.payload.errorMessage != null) error.muleMessage.payload.errorMessage else if (error.description != null and sizeOf(error.description) > 115) error.description [0 to 115] else error.description default ""
			
        } )
    
}]]></ee:set-payload>
							</ee:message>
						</ee:transform>
													<logger level="INFO" doc:name="infoLog" doc:id="6cb98ae6-16c5-4611-b26a-945c129027f1" message="uuid is ::#[vars.uuid],countSubmit-event-payload-before-updating-04-status-to-sap::#[payload]" />
													<flow-ref doc:name="sapStatusUpdateFlow" doc:id="dc45956d-fcea-4d7d-910a-ecdc4572339f" name="sapStatusUpdateFlow" />
						<logger level="INFO" doc:name="infoLog" doc:id="b437ec11-b64b-4607-9445-1fad79122383" message="uuid :: #[vars.uuid], countSubmit-event-error-response-from-sf" />
					</on-error-propagate>
				</error-handler>
			</try>
							</batch:aggregator>

									<logger level="INFO" doc:name="infoLog" doc:id="b267c349-0171-44a2-8bfc-d0c9e9ceddc8" message="uuid :: #[vars.uuid], countsubmit-event-data-Inside-the-batch-step"/>
									<logger level="DEBUG" doc:name="debugLog" doc:id="875192e3-3d01-4d08-bb78-d70606a8ecdb" message="uuid :: #[vars.uuid], count submit payload Inside the batch step::: #[payload]" category="com.chep.mule4.audit"/>
						</batch:step>
					</batch:process-records>
							<batch:on-complete >
								<os:store doc:name="jobStatusAudit" doc:id="1e8febf8-eb4b-4ca8-a863-8e42f275f294" key="jobStatusAudit" objectStore="Object_store">
									<os:value ><![CDATA[#["inactive"]]]></os:value>
								</os:store>
								<logger level="INFO" doc:name="infoLogOnComplete" doc:id="09ff0448-2852-453c-8e52-bb9824480783" message="UUID: #[vars.uuid], countSubmit-event-Records-loaded-into-batch-job :: #[payload.loadedRecords], countSubmit-event-successRecords:: #[payload.successfulRecords],countSubmit-event-failedRecords:: #[payload.failedRecords], countSubmit-event-jobStatus-is-inactive " />
							</batch:on-complete>
				</batch:job>
			</when>
			<otherwise>
						<os:store doc:name="jobStatusAudit" doc:id="2b1bb978-f74b-4eaf-b601-d4a6cbb1ccc6" key="jobStatusAudit" objectStore="Object_store">
							<os:value ><![CDATA[#["inactive"]]]></os:value>
						</os:store>
						<logger level="INFO" doc:name="infoLog" doc:id="0975cfa2-f17b-46ae-8471-1c4981f9da2c" message="uuid :: #[vars.uuid],no-records-available-for-countSubmit-event, countSubmit-jobStatus-is-inactive." />
			</otherwise>
		</choice>
			</when>
			<otherwise >
				<logger level="INFO" doc:name="infoLog" doc:id="4c95f463-bdd7-49ae-aa5e-2bcfc6492a3d" message="uuid :: #[vars.uuid], batch-Job-Status-is-Active-for-countSubmit-event"/>
			</otherwise>
		</choice>
		<error-handler >
			<on-error-propagate enableNotifications="true" logException="true" doc:name="On Error Propagate" doc:id="fdf97096-44b8-4c80-b62b-81160c9ca4b8" >
				<os:store doc:name="jobStatusAudit" doc:id="4e0285ef-7c5f-4ebb-b4e6-582828a3a9d5" key="jobStatusAudit" objectStore="Object_store" >
					<os:value ><![CDATA[#["inactive"]]]></os:value>
				</os:store>
				<logger level="INFO" doc:name="infoLog" doc:id="6b49e36f-251f-48e3-9a00-234969685731" message='uuid :: #[vars.uuid],  jobStatus-is-inactive-for-countSubmit-event' />
			</on-error-propagate>
		</error-handler>
		<!-- <flow-ref doc:name="sapToSfBatchFlow" doc:id="96f2b736-136f-48dc-97d7-9355470e72fc" name="sapToSfBatchFlow"/> -->
	</flow>
	
	<flow name="sapStatusUpdateFlow" doc:id="aaf6e866-b1c5-4ec6-901b-f6fff101d0b8" >
		<http:request method="POST" doc:name="statusUpdateRequest" doc:id="57200a3c-c25c-4190-923d-a618a967656d" config-ref="HTTP_Request_configuration" path="${secure::sap.http.updatePath}" >
			<http:headers ><![CDATA[#[%dw 2.0
output application/json
---
{
	Accept: p('secure::sap.Accept'),
	"X-Requested-With": "X"
	
}]]]></http:headers>
		</http:request>
		<logger level="INFO" doc:name="statusInfoLog" doc:id="337e7263-284f-4f22-bc27-18b1a63f31f3" message="successResponse-from-sap-after-status-Update-in-commonFlow :#[payload]" />
		<error-handler >
			<on-error-propagate enableNotifications="true" logException="true" doc:name="On Error Propagate" doc:id="ca742110-ef07-4ce3-80fa-f6450489a803" >
				<ee:transform doc:name="statusUpdateErrorMessage" doc:id="e875d949-1957-478c-9923-4c44d8fb7ef0">
					<ee:message />
					<ee:variables>
						<ee:set-variable variableName="errorMessage"><![CDATA[%dw 2.0
output application/json
---
{
"description": error.description,
"errorMessage": error.muleMessage.payload.errorMessage
}]]></ee:set-variable>
					</ee:variables>
				</ee:transform>
				<logger level="INFO" doc:name="infoLog" doc:id="9a5dabac-97b6-4646-b1ca-a97c8ea2cc9c" message="error message-from-sap-status-update-in-commonFlow-errorHandler :: #[vars.errorMessage]" />
			</on-error-propagate>
		</error-handler>
	</flow>
	<flow name="reconFlow" doc:id="c63ea79b-63ee-4c4e-a9bd-0275936dcca4">
		<scheduler doc:name="reconScheduler" doc:id="8b127500-3d04-464f-99ad-47cd0f11d54c" >
			<scheduling-strategy >
				<fixed-frequency frequency="2" timeUnit="MINUTES" />
			</scheduling-strategy>
		</scheduler>
		<!-- <http:listener doc:name="Listener" doc:id="d05b46b1-c768-48ce-9f85-951b3728154c" config-ref="HTTP_Listener_config" path="/recon"/> -->
		<set-variable value="#[uuid()]" doc:name="uuid" doc:id="b2867a42-3dea-4134-abe1-29bf2f517fb9" variableName="uuid" />
		<set-variable value='#["started"]' doc:name="reconFlow" doc:id="57163a62-7390-45f9-bf1d-7b90648a3c9f" variableName="reconFlow"/>
		<os:retrieve doc:name="jobStatusRecon" doc:id="cfa5cbc2-74a6-4615-b068-6088f3b3d871" key="jobStatusRecon" target="jobStatusRecon" objectStore="Object_store">
			<os:default-value ><![CDATA["inactive"]]></os:default-value>
		</os:retrieve>
		<logger level="INFO" doc:name="infoLog" doc:id="81a80f01-9894-47e1-bad9-08a77590bb67" message="uuid is ::#[vars.uuid], reconFlow-is ::#[vars.reconFlow]" />
		<choice doc:name="Choice" doc:id="fa9d1310-b4ff-4f86-b0b2-b7a35608008d" >
			<when expression='vars.jobStatusRecon != "active"'>
				<os:store doc:name="jobStatusRecon" doc:id="c1688bbb-c970-47c3-9a58-f5d55eb4d958" key="jobStatusRecon" objectStore="Object_store">
								<os:value><![CDATA[#["active"]]]></os:value>
							</os:store>
				<logger level="INFO" doc:name="infoLog" doc:id="9cd19469-6729-46c5-87b4-cab8fb54a3d9" message="uuid :: #[vars.uuid], recon-event-batch-Status-is-Active"/>
				<try doc:name="Try" doc:id="c8511cd4-fdbe-4185-9484-d5320f202776">
			<http:request method="GET" doc:name="requestToSap" doc:id="d060da6a-d183-4e2f-8048-9a70d997f607" config-ref="HTTP_Request_configuration" path="${secure::sap.http.auditPath}">
				<http:headers><![CDATA[#[%dw 2.0
output application/json
---
{
	Accept: p('secure::sap.Accept'),
	"X-Requested-With": "X"
	
}]]]></http:headers>
				<http:query-params><![CDATA[#[%dw 2.0
output application/java
---
{
"\$filter": p('secure::sap.recon.filter'),
"format": p('secure::sap.format')
}]]]></http:query-params>
			</http:request>
					<logger level="INFO" doc:name="infoLog" doc:id="045c5bad-204b-46cc-b093-d763ddc762ae" message="uuid :: #[vars.uuid], successfully-retrieved-recon-event-data-from-sap" />
					<logger level="DEBUG" doc:name="debugLogSAPResponse" doc:id="2dd0a91e-7123-4d34-9ce5-873fff319876" message="uuid is ::#[vars.uuid],recon event payload size :: #[sizeOf(payload.d.results)] , recon event response from sap :: #[payload]" category="com.chep.mule4.sap.recon" />
					<error-handler>
				<on-error-propagate enableNotifications="true" logException="true" doc:name="Copy_of_On Error Propagate" doc:id="7d41971c-465c-4e0c-846b-b21bdadd9de7">
					<ee:transform doc:name="errorMessage" doc:id="78b1926d-cabc-4646-a6c8-70c0e5143187">
						<ee:message />
						<ee:variables>
							<ee:set-variable variableName="errorMessage"><![CDATA[%dw 2.0
output application/json
---
{
"description": error.description,
"errorMessage": error.cause.errorMessage.payload
}]]></ee:set-variable>
						</ee:variables>
					</ee:transform>
					<logger level="INFO" doc:name="errorMessageLog" doc:id="c9835e16-8359-4753-944a-242ee3f07cd1" message="uuid is ::#[vars.uuid], error-message-from-sap-for-recon-event-get-request #[vars.sapErrorMessage]" />
				</on-error-propagate>
			</error-handler>
		</try>
				<choice doc:name="Choice" doc:id="996c1d95-0c6f-47e7-8868-e1ebcf13b705">
			<when expression="#[payload.d.results !=[]]">
						<logger level="INFO" doc:name="infoLog" doc:id="c21e116e-bbe3-4672-85d5-f5e0d0577cab" message="uuid :: #[vars.uuid], recon-payload-before-updating-02-status-to-sap" />
						<async doc:name="Async" doc:id="4a6f1604-4a3a-4fdb-9ec2-a1a65de2739e">
					<flow-ref doc:name="ack" doc:id="1cdc898b-4d30-4388-8912-2e9bf9239b79" name="ack" />
		
</async>
						<ee:transform doc:name="filterId" doc:id="980e01f3-494e-4ee0-a680-07b20e758c23">
			<ee:message>
				<ee:set-payload><![CDATA[%dw 2.0
output application/json
---
payload.d.results map(item, index)->{

"Referenceid1": item.Referenceid1,
"Guid": item.Guid,
 Referenceid2: item.Referenceid2,
 Transactiontype: item.Transactiontype,
 Destination: item.Destination,
 Timestamp: item.Timestamp,
 HeaderSalesforceId:  item.SalesforceId,
 ChangedOn: item.ChangedOn
 
}]]></ee:set-payload>
			</ee:message>
							<ee:variables >
								<ee:set-variable variableName="originalPayload" ><![CDATA[%dw 2.0
output application/json
---
payload.d.results]]></ee:set-variable>
							</ee:variables>
		</ee:transform>
						<logger level="INFO" doc:name="infoLog" doc:id="ef41508b-3702-4820-b3e4-a131267c0319" message="uuid :: #[vars.uuid], updated-02-status-to-sap-successfully-for-recon-event" />
						<logger level="DEBUG" doc:name="debugLog" doc:id="ea767ebb-8d15-40b6-bd96-ad63618d7aa8" category="com.chep.mule4.sap.recon" message="uuid is ::#[vars.uuid], recon event request payload before batch :: #[payload]"/>
						<batch:job jobName="reconUpdateBatch_Job" doc:id="5694ff00-c00b-4c6d-8cd2-0241358f6bca" maxFailedRecords="-1" schedulingStrategy="ROUND_ROBIN" target="batchVariables">
					<batch:process-records>
						<batch:step name="Batch_Step" doc:id="e3477bf4-5652-4ce4-a6d1-acca7b9d8a3e">
							<ee:transform doc:name="insideBatch" doc:id="2f077a4d-fbed-4001-b417-f8ff89fce851">
								<ee:message>
									<ee:set-payload><![CDATA[%dw 2.0
output application/json
---
payload]]></ee:set-payload>
								</ee:message>
										<ee:variables >
											<ee:set-variable variableName="interfaceName" ><![CDATA[%dw 2.0
output application/json
---
"aperture-sap-sf-recon-update"]]></ee:set-variable>
											<ee:set-variable variableName="errorSystem" ><![CDATA[%dw 2.0
output application/json
---
"sap"]]></ee:set-variable>
											<ee:set-variable variableName="reconAuditHeaderUpdate" ><![CDATA[%dw 2.0
output application/json
fun convertToTimeStamp(unixTimeStamp) = ((((unixTimeStamp splitBy ("("))[1] splitBy (")"))[0]
 as Number as DateTime {
	unit: "milliseconds"
}
 as DateTime as String {
	format: "yyyy-MM-dd'T'HH:mm:ss'Z'"
}) splitBy  " ")[0]
---


[{
    id: payload.HeaderSalesforceId,
    reconDate: if(payload.ChangedOn != "" and payload.ChangedOn != null)convertToTimeStamp(payload.ChangedOn) else null,
}]]]></ee:set-variable>
											<ee:set-variable variableName="originalPayload" ><![CDATA[%dw 2.0
output application/json
---
payload]]></ee:set-variable>
										</ee:variables>
							</ee:transform>
									<logger level="INFO" doc:name="infoLog" doc:id="e881575a-8093-4f73-a472-764877f7347f" message="uuid :: #[vars.uuid], recon-event-data-Inside-the-batch-step" />
									<logger level="DEBUG" doc:name="debugLogSap" doc:id="61d09946-9bdd-4b0f-8b49-762f6865e3c3" message="uuid is ::#[vars.uuid], request payload to SF updateAuditHeader from sap inside the batch step :: #[vars.reconAuditHeaderUpdate]" category="com.chep.mule4.sap.recon" />
									<try doc:name="Try" doc:id="594ca295-2c70-4827-92eb-37b2b5373a27" >
									<logger level="INFO" doc:name="infoLog" doc:id="999469a3-e3e2-46e1-bd46-ef42c53b3e1a" message="uuid :: #[vars.uuid], recon-event-data-before-SF-auditHeaderUpdate:::#[vars.reconAuditHeaderUpdate]" />
										<http:request method="PUT" doc:name="UpdateAuditHeaderSalesforceRequest" doc:id="43fd526f-44e6-4918-9d69-1da68ffb2d7c" config-ref="sf_Request_configuration" path="${secure::sf.http.auditHeader}" target="ReconAuditHeader">
											<http:body ><![CDATA[#[vars.reconAuditHeaderUpdate]]]></http:body>
											<http:headers><![CDATA[#[output application/java
---
{
	uuid : vars.uuid,
   "client_secret" : p('secure::salesforce.client.secret'),
	"client_id" : p('secure::salesforce.client.id')
	
}]]]></http:headers>
										</http:request> 
										<logger level="INFO" doc:name="infoLog" doc:id="6bb0ce6d-4693-43db-8b05-7ad87b1521da" message="uuid is ::#[vars.uuid], success-response-from-sf-auditHeaderUpdate-in-recon-event" />
										<logger level="DEBUG" doc:name="debugLog" doc:id="c6cdde17-f2ac-48de-a431-662d525a71bd" message="uuid is ::#[vars.uuid], reconAuditHeaderUpdate sf request success response ::: #[vars.ReconAuditHeader]" category="com.chep.mule4.sap.recon"/>
										<logger level="INFO" doc:name="infoLog" doc:id="1ef9043a-cdb7-4d4f-aa17-83e172dd0410" message="uuid is ::#[vars.uuid], recon-event-data-before-sap-get-summary:::#[payload]"/>
										<http:request method="GET" doc:name="sapRequest" doc:id="cb5a107d-2b8d-455c-9af3-ae4252a82150" config-ref="http_sap_sys_request" path="${secure::sap.sys.path}">
							<http:headers><![CDATA[#[output application/java
---
{
	uuid : vars.uuid,
   "client_secret" : p('secure::sap.client.secret'),
	"client_id" : p('secure::sap.client.id'),
	"filter": "AuditHeaderid eq '" ++ (payload.Referenceid1 ) ++ "'"
	
}]]]></http:headers>
						</http:request>
										<logger level="INFO" doc:name="infoLog" doc:id="15554caf-cbe3-4960-8c24-b5141a4cca35" message="uuid is ::#[vars.uuid], success-response-from-sap-summay-for-recon-event"/>
										<logger level="DEBUG" doc:name="debugLogSap" doc:id="73e5937a-0575-4aa4-bcb9-a884464f2235" message="uuid is ::#[vars.uuid], sap summary success response for recon event is :: #[payload]" category="com.chep.mule4.sap.recon"/>
										<validation:is-true doc:name="locationValidation" doc:id="c1a0c75c-cb15-4f67-b21b-21c5f4cf2e52" config-ref="Validation_Config" expression="#[sizeOf(payload.d.results) &gt; 0]" message='#["Header Locations are empty"]'/>
										<foreach doc:name="For Each" doc:id="b057cce4-5961-48d1-9567-06c077a0dcf8" collection="#[payload.d.results]" batchSize="100">
											<try doc:name="Try" doc:id="85fffdab-d26d-4200-bbd2-011c45e76888">
												<logger level="INFO" doc:name="infoLog" doc:id="c5379917-f23f-4472-bf5e-d4e963708b05" message="uuid is ::#[vars.uuid], SAP-summary-payload-size-in-recon-event-is :: #[sizeOf(payload)]"/>
												<try doc:name="Try" doc:id="de85c25d-74ae-4fbf-b61e-b294447b2893">
											<ee:transform doc:name="statusPayload" doc:id="935d8e42-ee4c-4755-9bfb-ddd16b326785">
							<ee:message>
													<ee:set-payload><![CDATA[%dw 2.0
output application/json
---
d:{
    results: payload
}
]]></ee:set-payload>
												</ee:message>
							<ee:variables>
													<ee:set-variable variableName="interfaceName"><![CDATA[%dw 2.0
output application/json
---
"aperture-sap-sf-recon-update"]]></ee:set-variable>
													<ee:set-variable variableName="errorSystem"><![CDATA[%dw 2.0
output application/json
---
"sf"]]></ee:set-variable>
															<ee:set-variable variableName="sapAPAPayload" ><![CDATA[%dw 2.0
output application/json
---
d:{
    results: payload map {
	( $ mapObject {
		'$$':$
	} ++ vars.originalPayload)
}
}]]></ee:set-variable>
							</ee:variables>
						</ee:transform>
					<logger level="INFO" doc:name="infoLog" doc:id="a7d0cc54-4d7e-4071-8db9-619e64f47b32" message="uuid is ::#[vars.uuid], request-payload-to-SF-updateResult-in-recon-flow"/>
													<logger level="DEBUG" doc:name="debugLogSapResponse" doc:id="f73117ef-43bc-4fe5-9c1f-af95c29c4716" message="uuid is ::#[vars.uuid], request payload from sap summary to SF updateResult in recon event :: #[payload]" category="com.chep.mule4.sap.recon" />
											<http:request method="POST" doc:name="salesforceRequest" doc:id="5025d332-a7f7-40a0-a080-54752836d1fc" config-ref="sf_Request_configuration" path="${secure::sf.http.update}">
							<http:headers><![CDATA[#[output application/java
---
{
	uuid : vars.uuid,
   "client_secret" : p('secure::salesforce.client.secret'),
	"client_id" : p('secure::salesforce.client.id')
	
}]]]></http:headers>
						</http:request>
					<logger level="INFO" doc:name="infoLog" doc:id="598cddde-7fbd-40f9-b6e9-6efa9d65a009" message="uuid is ::#[vars.uuid], success-response-from-sf-updateResult-in-recon-event"/>
													<logger level="DEBUG" doc:name="debugLogSapResponse" doc:id="6f883949-9cf2-4dcb-9b0f-0804f0411dcf" message="uuid is ::#[vars.uuid], updateResult success response from salesforce Request :: #[payload]" category="com.chep.mule4.sap.recon" />
											<ee:transform doc:name="sapStatusUpdateRequest" doc:id="08f015e6-5612-4fad-82b0-bf2dfc259d9a">
							<ee:message>
								<ee:set-payload><![CDATA[%dw 2.0
output application/json
var sfResponse = (payload.items..successful)	
var errorMessage = (payload.items..message)
---
({
    Guid: "X",
    Status: "",
        (EventsLogSet: vars.sapAPAPayload.d.results filter($.Guid != null) map (item, index) -> {
            Guid: item.Guid,
            Referenceid1: item.Referenceid1,
            Referenceid2: item.product,
            Transactiontype: item.Transactiontype,
            Destination: item.Destination,
            Timestamp: item.Timestamp,
            Status:  if((sfResponse[index] == true ))("03") else "04",	
            Message: if(errorMessage[index] != null)((errorMessage[index]))[0 to 115] else ("Updated Successfully")
        } )
    
})]]></ee:set-payload>
							</ee:message>
						</ee:transform>
											<logger level="INFO" doc:name="infoLog" doc:id="6e577878-adc9-4cab-a51f-da8054c1a6bf" message="uuid is ::#[vars.uuid], before-updating-03-or-04-status-to-sap-in-recon-event" />
													<logger level="DEBUG" doc:name="debugLogStatusUpdate" doc:id="802e9e9e-4dfd-450d-9463-e04ec52ac5c8" message="uuid :: #[vars.uuid], payload for updating 03 or 04  status to sap in recon event :: #[payload]" category="com.chep.mule4.audit" />
													<flow-ref doc:name="sapStatusUpdateFlow" doc:id="07f1a422-0ec4-44b4-98b6-5cc1ce57f9cf" name="sapStatusUpdateFlow" />

											<logger level="DEBUG" doc:name="debugLogSapResponse" doc:id="9dff2fba-69a1-491c-a04c-7df122f1b60d" message="uuid is ::#[vars.uuid],  success response from sap after updating 03 or 04  status in recon event :: #[payload]" category="com.chep.mule4.sap.recon" />
													<error-handler>
						<on-error-propagate enableNotifications="true" logException="true" doc:name="On Error Propagate" doc:id="f44deff8-cf5e-4d45-8698-4b49ab434e7c">


													<ee:transform doc:name="statusUpdateError" doc:id="28dae4f9-9d39-4907-8c6d-7b02dc4ae291">
								<ee:message>
									<ee:set-payload><![CDATA[%dw 2.0
output application/json
---
{
    Guid: "X",
    Status: "",
        (EventsLogSet: vars.sapAPAPayload.d.results filter($.Guid != null) map (item, index) -> {
            Guid: item.Guid,
            Referenceid1: item.Referenceid1,
            Referenceid2: item.product,
            Transactiontype: item.Transactiontype,
            Destination: item.Destination,
            Timestamp: item.Timestamp,
            Status:"04",
            //Message: (if(error.muleMessage.payload.errorMessage != null)error.muleMessage.payload.errorMessage else error.description default "" [0 to 115]) 
			Message: if(error.muleMessage.payload.errorMessage != null and sizeOf(error.muleMessage.payload.errorMessage) > 115)error.muleMessage.payload.errorMessage [0 to 115] else if (error.muleMessage.payload.errorMessage != null) error.muleMessage.payload.errorMessage else if (error.description != null and sizeOf(error.description) > 115) error.description [0 to 115] else error.description default ""

        } )
    
}]]></ee:set-payload>
								</ee:message>
							</ee:transform>
							<logger level="INFO" doc:name="infoLog" doc:id="97e665ce-8c00-4486-b3cb-991712fa15aa" message="uuid is ::#[vars.uuid],recon-event-payload-before-updating-04-status-to-sap-at-sf-updateResult::#[payload]" />
															<flow-ref doc:name="sapStatusUpdateFlow" doc:id="7ff7103f-672d-4649-8bce-49abe68cce43" name="sapStatusUpdateFlow" />
							<logger level="INFO" doc:name="errorMessageLog" doc:id="7bd7c2c1-cd7f-4926-a735-9ea286b14c84" message="uuid is ::#[vars.uuid], recon-event-error-message-from-SF " />
						</on-error-propagate>
					</error-handler>
				</try>
												<error-handler>
													<on-error-continue enableNotifications="true" logException="true" doc:name="On Error Continue" doc:id="73cd531b-1051-4d23-867b-b533e96a80f9">
														<logger level="INFO" doc:name="infoLog" doc:id="32ac8e5b-1f5c-42c0-9539-adedb8b2903f" message="uuid is ::#[vars.uuid], logger-in-on-error-continue-errorHandler-in-recon-event"/>
													</on-error-continue>
												</error-handler>
											</try>
										</foreach>
										<logger level="INFO" doc:name="infoLog" doc:id="dcbcc079-19c2-4c21-ae44-6f94df1f15c9" message="uuid is ::#[vars.uuid],  logger-before-aggregator-in-recon-event"/>
										<error-handler >
											<on-error-propagate enableNotifications="true" logException="true" doc:name="On Error Propagate" doc:id="2a7c1b39-845e-4725-9464-1c62d186d87d" >


												<ee:transform doc:name="statusUpdateError" doc:id="df475b78-4bdc-4f04-a370-207a786a2b3a" >
													<ee:message >
														<ee:set-payload ><![CDATA[%dw 2.0
output application/json
---
{
    Guid: "X",
    Status: "",
        (EventsLogSet: [payload] filter($.Guid != null) map (item, index) -> {
            Guid: item.Guid,
            Referenceid1: item.Referenceid1,
            Referenceid2: item.Referenceid2,
            Transactiontype: item.Transactiontype,
            Destination: item.Destination,
            Timestamp: item.Timestamp,
            Status:"04",
            //Message: (if(error.muleMessage.payload.errorMessage != null)error.muleMessage.payload.errorMessage else error.description default "" [0 to 115]) 
			Message: if(error.muleMessage.payload.errorMessage != null and sizeOf(error.muleMessage.payload.errorMessage) > 115)error.muleMessage.payload.errorMessage [0 to 115] else if (error.muleMessage.payload.errorMessage != null) error.muleMessage.payload.errorMessage else if (error.description != null and sizeOf(error.description) > 115) error.description [0 to 115] else error.description default ""

        } )
    
}]]></ee:set-payload>
													</ee:message>
												</ee:transform>
												<logger level="INFO" doc:name="infoLog" doc:id="9acd84bd-3c6b-49d3-b6b1-19f2447c62b9" message="uuid is ::#[vars.uuid],recon-event-payload-before-updating-04-status-to-sap-at-first-try-block::#[payload]" />
												<flow-ref doc:name="sapStatusUpdateFlow" doc:id="76bc8c7d-de27-4681-9af3-8eaaf4da3546" name="sapStatusUpdateFlow" />
												<logger level="INFO" doc:name="errorMessageLog" doc:id="f79a6949-f3e8-44e7-b87c-8f987a775046" message="uuid is ::#[vars.uuid], error response from sf in recon event" />
											</on-error-propagate>
										</error-handler>
									</try>
						</batch:step>
					</batch:process-records>
							<batch:on-complete >
								<os:store doc:name="jobStatusRecon" doc:id="ebacbe60-f5d4-47b0-9d5a-723edfa17af9" key="jobStatusRecon" objectStore="Object_store">
									<os:value ><![CDATA[#["inactive"]]]></os:value>
								</os:store>
								<logger level="INFO" doc:name="infoLogOnComplete" doc:id="52eb4d1d-6c80-4430-8870-cc606a38f489" message="uuid is ::#[vars.uuid], recon-event-Records-loaded-into-batch-job :: #[payload.loadedRecords],  recon-event-successRecords:: #[payload.successfulRecords], recon-event-failedRecords:: #[payload.failedRecords]  recon-event-jobStatus-is-inactive "/>
							</batch:on-complete>
				</batch:job>
						<logger level="INFO" doc:name="Logger" doc:id="2522a89f-c418-4922-9869-0408aabeef21" message="#[vars.batchVariables]"/>
			</when>
			<otherwise>
						<os:store doc:name="jobStatusRecon" doc:id="90ee8cfe-6d07-41c9-a1dd-c96bf36ed9de" key="jobStatusRecon" objectStore="Object_store">
							<os:value ><![CDATA[#["inactive"]]]></os:value>
						</os:store>
						<logger level="INFO" doc:name="infoLog" doc:id="0df0f1fd-f8d8-4497-a77b-a312964eaeb1" message="uuid is ::#[vars.uuid], no-records-available-in-recon-event, recon-jobStatus-is-inactive." />
			</otherwise>
		</choice>
			</when>
			<otherwise >
				<logger level="INFO" doc:name="infoLog" doc:id="36912b90-39d7-4884-9133-dcb0d1a62ba6" message="uuid is ::#[vars.uuid], batch-Job-Status-is-Active-for-recon-event"/>
			</otherwise>
		</choice>
		<error-handler >
			<on-error-propagate enableNotifications="true" logException="true" doc:name="On Error Propagate" doc:id="fa0327a9-0c67-41eb-83d1-dc9437a626b0" >
				<os:store doc:name="jobStatusRecon" doc:id="cbdae502-d08c-46a0-b9d6-5d50d67e4dd9" key="jobStatusRecon" objectStore="Object_store" >
					<os:value ><![CDATA[#["inactive"]]]></os:value>
				</os:store>
				<logger level="INFO" doc:name="infoLogger" doc:id="10936e75-53f1-466b-a994-979a44465f10" message='uuid is ::#[vars.uuid], recon-jobStatus-is-inactive' />
			</on-error-propagate>
		</error-handler>
	</flow>
	<flow name="ack" doc:id="ce16fcf5-55f1-4406-b485-3abbe9e526c4" >
		<choice doc:name="Choice" doc:id="8e883844-8060-4e44-ab6b-ed79d7d57d0e" >
			<when expression="#[payload.d.results !=[]]" >
				<ee:transform doc:name="statusUpdateRequestPayload" doc:id="e7b1d002-456a-48d7-9872-f0d1b859f896">
					<ee:message>
						<ee:set-payload><![CDATA[%dw 2.0
output application/json
---
{
    Guid: "X",
    Status: "",
        (EventsLogSet: payload.d.results filter($.Guid != null) map (item, index) -> {
            Guid: item.Guid,
            Message: item.Message,
            Referenceid1: item.Referenceid1,
            Referenceid2: item.Referenceid2,
            Transactiontype: item.Transactiontype,
            Destination: item.Destination,
            Timestamp: item.Timestamp,
            Status:"02"

        } )
    
}]]></ee:set-payload>
					</ee:message>
					<ee:variables />
				</ee:transform>
				<flow-ref doc:name="sapStatusUpdateFlow" doc:id="90564468-80f1-4cca-94e4-1173b3d3fb61" name="sapStatusUpdateFlow" />
			</when>
			<otherwise >
				<logger level="INFO" doc:name="infoLog" doc:id="39ffa800-9f69-44d8-a036-3e61c3ce9bc9" message="no records found to process"/>
			</otherwise>
		</choice>
	</flow>
	
</mule>
