<aetgt:getResponse xmlns:aetgt="http://schemas.active-endpoints.com/appmodules/repository/2010/10/avrepository.xsd"
                   xmlns:types1="http://schemas.active-endpoints.com/appmodules/repository/2010/10/avrepository.xsd">
   <types1:Item>
      <types1:EntryId>XutaaabbgdoGsF4-gt-4149347-2024-03-04T09:16:32.802Z::pd.xml</types1:EntryId>
      <types1:Name>prc-call-prc-add-sub-prc</types1:Name>
      <types1:MimeType>application/xml+process</types1:MimeType>
      <types1:Description/>
      <types1:AppliesTo/>
      <types1:Tags>.anonymous</types1:Tags>
      <types1:VersionLabel>1.0</types1:VersionLabel>
      <types1:State>CURRENT</types1:State>
      <types1:ProcessGroup/>
      <types1:CreatedBy>hariprasadj.in@mouritech.com.march</types1:CreatedBy>
      <types1:CreationDate>2024-03-04T09:16:33Z</types1:CreationDate>
      <types1:ModifiedBy>hariprasadj.in@mouritech.com.march</types1:ModifiedBy>
      <types1:ModificationDate>2024-03-25T10:40:33Z</types1:ModificationDate>
      <types1:PublicationStatus>unpublished</types1:PublicationStatus>
      <types1:AutosaveExists>false</types1:AutosaveExists>
      <types1:Entry>
         <process xmlns="http://schemas.active-endpoints.com/appmodules/screenflow/2010/10/avosScreenflow.xsd"
                  xmlns:tfm="http://schemas.active-endpoints.com/appmodules/screenflow/2021/04/taskflowModel.xsd"
                  xmlns:list="urn:activevos:spi:list:functions"
                  displayName="prc-call-prc-add-sub-prc"
                  name="prc-call-prc-add-sub-prc"
                  overrideAPIName="false">
            <parameterSet xmlns="http://schemas.active-endpoints.com/appmodules/screenflow/2021/04/taskflowModel.xsd"/>
            <appliesTo/>
            <description/>
            <tags>.anonymous</tags>
            <generator>Informatica Process Designer 11</generator>
            <input>
               <parameter description="" name="A" type="int">
                  <options>
                     <option name="required">false</option>
                  </options>
               </parameter>
               <parameter description="" name="B" type="int">
                  <options>
                     <option name="required">false</option>
                  </options>
               </parameter>
            </input>
            <output>
               <field description="" name="out_c" type="int">
                  <options>
                     <option name="required">false</option>
                  </options>
               </field>
            </output>
            <notes/>
            <deployment skipIfRunning="false" suspendOnFault="false" tracingLevel="none">
               <rest>
                  <allowAnonymousAccess/>
               </rest>
            </deployment>
            <flow id="a">
               <start id="b">
                  <link id="lr68dbai" targetId="lr68dbah"/>
               </start>
               <subflow id="lr68dbah">
                  <title>prc-add-sub-prc</title>
                  <subflowGUID>d0zU8PcGNSLilorBe68gcL</subflowGUID>
                  <subflowPath>prc-add-sub-prc</subflowPath>
                  <runForEach>false</runForEach>
                  <input>
                     <parameter name="A" source="field" updatable="true">input.A</parameter>
                     <parameter name="B" source="field" updatable="true">input.B</parameter>
                  </input>
                  <outputDef>
                     <field name="C" type="string">
                        <options>
                           <option name="required">false</option>
                        </options>
                     </field>
                  </outputDef>
                  <link id="lr68dbc2" targetId="lr68dbc1"/>
               </subflow>
               <assignment id="lr68dbc1">
                  <title>Assignment to out_c</title>
                  <operation source="formula" to="output.out_c">
                     <expression language="XQuery">$output.C+1</expression>
                  </operation>
                  <link id="lr68dbc3" targetId="c"/>
               </assignment>
               <end id="c"/>
            </flow>
         </process>
         <ns1:sample-data-sets xmlns:ns1="http://schemas.active-endpoints.com/appmodules/repository/2010/10/sampleData.xsd">
            <ns1:SampleData>
               <ns1:Id>cf8f0268-ce8e-4520-a5de-be17e1240ec2</ns1:Id>
               <ns1:Name>inp2</ns1:Name>
               <ns1:CreatedBy>hariprasadj.in@mouritech.com.march</ns1:CreatedBy>
               <ns1:CreationDate>2024-03-04T09:16:33Z</ns1:CreationDate>
               <ns1:ModifiedBy>hariprasadj.in@mouritech.com.march</ns1:ModifiedBy>
               <ns1:ModificationDate>2024-03-25T10:40:33Z</ns1:ModificationDate>
               <ns1:Data format="json">{
	 "A": "1",
	 "B": "1"
}</ns1:Data>
            </ns1:SampleData>
         </ns1:sample-data-sets>
      </types1:Entry>
      <types1:GUID>f8lzERYn7yGfm0zcl6BOiq</types1:GUID>
      <types1:DisplayName>prc-call-prc-add-sub-prc</types1:DisplayName>
   </types1:Item>
   <types1:CurrentServerDateTime>2024-04-02T04:24:36.093Z</types1:CurrentServerDateTime>
</aetgt:getResponse>
