<?xml version="1.0" encoding="UTF-8"?>

<mule xmlns:email="http://www.mulesoft.org/schema/mule/email" xmlns:os="http://www.mulesoft.org/schema/mule/os"
	xmlns:secure-properties="http://www.mulesoft.org/schema/mule/secure-properties"
	xmlns:http="http://www.mulesoft.org/schema/mule/http" xmlns:sftp="http://www.mulesoft.org/schema/mule/sftp" xmlns="http://www.mulesoft.org/schema/mule/core" xmlns:doc="http://www.mulesoft.org/schema/mule/documentation" xmlns:xsi="http://www.w3.org/2001/XMLSchema-instance" xsi:schemaLocation="http://www.mulesoft.org/schema/mule/core http://www.mulesoft.org/schema/mule/core/current/mule.xsd
http://www.mulesoft.org/schema/mule/sftp http://www.mulesoft.org/schema/mule/sftp/current/mule-sftp.xsd
http://www.mulesoft.org/schema/mule/http http://www.mulesoft.org/schema/mule/http/current/mule-http.xsd
http://www.mulesoft.org/schema/mule/secure-properties http://www.mulesoft.org/schema/mule/secure-properties/current/mule-secure-properties.xsd
http://www.mulesoft.org/schema/mule/os http://www.mulesoft.org/schema/mule/os/current/mule-os.xsd
http://www.mulesoft.org/schema/mule/email http://www.mulesoft.org/schema/mule/email/current/mule-email.xsd">
	<!-- <http:request-config name="brixAuthentication" doc:name="HTTP Request configuration" doc:id="0bedcce9-d455-4c48-8e4c-cbd7323d5e9e" responseTimeout="${secure::brix.responseTimeOut}">
		<http:request-connection protocol="HTTPS" host="${secure::brix.host}" port="${secure::brix.port}">
			<reconnection >
				<reconnect />
			</reconnection>
		</http:request-connection>
	</http:request-config> -->
	<http:request-config name="signature_Request_Configuration" doc:name="HTTP Request configuration" doc:id="797ba0ed-5e96-4462-9dfd-01476660c67c" responseTimeout="${secure::brixNew.responseTimeOut}">
		<http:request-connection host="${secure::brixNew.http.gshost}" port="80">
			<reconnection >
				<reconnect frequency="30000" count="3"/>
			</reconnection>
		</http:request-connection>
	</http:request-config>
	<http:request-config name="brix_host1_RConfiguration" doc:name="HTTP Request configuration" doc:id="233fdf7e-1f03-47fc-9c5a-52f8d685b5fc" responseTimeout="${secure::brixNew.responseTimeOut}">
		<http:request-connection protocol="${secure::brixNew.https.protocol}" host="#[vars.commonVariables.readHost]">
			<reconnection >
				<reconnect count="3" frequency="30000"/>
			</reconnection>
		</http:request-connection>
	</http:request-config>
	<!-- <http:request-config name="brixDataUploadRequest" doc:name="HTTP Request configuration" doc:id="5a179339-6bcb-4c8a-a750-ca911c8f0282" responseTimeout="${secure::brix.responseTimeOut}">
		<http:request-connection protocol="HTTPS" host="${secure::brix.host}" port="${secure::brix.port}">
			<reconnection >
				<reconnect />
			</reconnection>
		</http:request-connection>
	</http:request-config> -->
	<http:listener-config name="HTTP_Listener_config" doc:name="HTTP Listener config" doc:id="11e9ffcd-464c-44a8-9d3a-9198f0fe79a7" >
		<http:listener-connection host="0.0.0.0" port="8083" />
	</http:listener-config>
	<secure-properties:config name="Secure_Properties_Config" doc:name="Secure Properties Config" doc:id="17205121-688a-445e-a4d2-e8e78de0eb40" file="env/mule-proc-api-locations-${mule.env}.yaml" key="${property.key}" >
		<secure-properties:encrypt algorithm="Blowfish" />
	</secure-properties:config>
	<sftp:config name="SFTP_Config" doc:name="SFTP Config" doc:id="0ab08ad8-02cf-46d8-8c6d-d6a91f3e8efc" >
		<sftp:connection host="${secure::sftp.host}" username="${secure::sftp.username}" password="${secure::sftp.password}" connectionTimeout="30" responseTimeout="30">
			<reconnection >
				<reconnect frequency="30000"/>
			</reconnection>
		</sftp:connection>
	</sftp:config>
	<os:object-store name="Object_store" doc:name="Object store" doc:id="89cdd32d-4a9b-408d-a9a5-50ec9b18afdc" />
	<email:smtp-config name="Email_SMTP" doc:name="Email SMTP" doc:id="71726ea1-23f8-401e-bf4d-35973d6491bf" >
		<email:smtp-connection host="${secure::smtp.host}" port="${secure::smtp.port}">
			<reconnection >
				<reconnect />
			</reconnection>
		</email:smtp-connection>
	</email:smtp-config>
</mule>
