<?xml version="1.0" encoding="UTF-8"?>

<mule xmlns:email="http://www.mulesoft.org/schema/mule/email" xmlns:batch="http://www.mulesoft.org/schema/mule/batch"
	xmlns:file="http://www.mulesoft.org/schema/mule/file"
	xmlns:http="http://www.mulesoft.org/schema/mule/http" xmlns:os="http://www.mulesoft.org/schema/mule/os" xmlns:ee="http://www.mulesoft.org/schema/mule/ee/core" xmlns:sftp="http://www.mulesoft.org/schema/mule/sftp" xmlns="http://www.mulesoft.org/schema/mule/core" xmlns:doc="http://www.mulesoft.org/schema/mule/documentation" xmlns:xsi="http://www.w3.org/2001/XMLSchema-instance" xsi:schemaLocation="http://www.mulesoft.org/schema/mule/core http://www.mulesoft.org/schema/mule/core/current/mule.xsd
http://www.mulesoft.org/schema/mule/sftp http://www.mulesoft.org/schema/mule/sftp/current/mule-sftp.xsd
http://www.mulesoft.org/schema/mule/ee/core http://www.mulesoft.org/schema/mule/ee/core/current/mule-ee.xsd
http://www.mulesoft.org/schema/mule/os http://www.mulesoft.org/schema/mule/os/current/mule-os.xsd
http://www.mulesoft.org/schema/mule/http http://www.mulesoft.org/schema/mule/http/current/mule-http.xsd
http://www.mulesoft.org/schema/mule/file http://www.mulesoft.org/schema/mule/file/current/mule-file.xsd
http://www.mulesoft.org/schema/mule/batch http://www.mulesoft.org/schema/mule/batch/current/mule-batch.xsd
http://www.mulesoft.org/schema/mule/email http://www.mulesoft.org/schema/mule/email/current/mule-email.xsd">
	<flow name="locationFlow" doc:id="684ecfcc-3e76-41a9-b04a-5a2ff3bfefb6">
		<!-- <scheduler doc:name="Scheduler" doc:id="91ff1322-0ec4-45d8-bba3-2c18bff85068" >
			<scheduling-strategy >
				<fixed-frequency />
			</scheduling-strategy>
		</scheduler> -->
		<scheduler doc:name="Scheduler" doc:id="ecc32257-9d67-4f67-bc75-7628cb259954" >
			<scheduling-strategy >
				<fixed-frequency />
			</scheduling-strategy>
		</scheduler>
		<set-variable value="#[uuid()]" doc:name="UUID" doc:id="fe21e500-7413-46ab-99e5-5fba29fc1a9b" variableName="UUID"/>
		<set-variable value='#["location"]' doc:name="objectName" doc:id="955986cf-3b60-4013-8604-54f59c96db29" variableName="objectName"/>
		<sftp:list doc:name="SFTPListFiles" doc:id="60582919-1eb5-4f40-815e-4f9627b3b373" config-ref="SFTP_Config" directoryPath="${secure::sftp.path}" target="sftpList" targetValue="#[payload.attributes.path]">
			<reconnect frequency="10000" />
			<sftp:matcher timeUnit="MINUTES" filenamePattern="${secure::sftp.file.pattern}" directories="EXCLUDE" />
		</sftp:list>
		<ee:transform doc:name="payloadSize" doc:id="81d3e971-39e1-45cc-bc84-650ae87d3b26" >
			<ee:message >
			</ee:message>
			<ee:variables >
				<ee:set-variable variableName="sftpFileCount" ><![CDATA[%dw 2.0
output application/json
---
vars.sftpList default []]]></ee:set-variable>
			</ee:variables>
		</ee:transform>
		<logger level="INFO" doc:name="infoLog" doc:id="4e0ad9d9-b66b-4fc6-8e50-50eeb260b80c" message="UUID::::::#[vars.UUID] Files list retrieved from BW :::#[vars.sftpFileCount]"/>
		<choice doc:name="Choice" doc:id="9e4a9e3e-4aeb-4dc3-999d-2fa9e722a919" >
			<when expression="vars.sftpFileCount != []">
				<os:retrieve doc:id="e2665642-54bd-4c71-8541-7710996b48ab" doc:name="retrieveBatchStatus" key="batchStatus" target="batchStatus" objectStore="Object_store">
			<os:default-value><![CDATA[#['inactive']]]></os:default-value>
		</os:retrieve>
				<choice doc:name="Choice" doc:id="0ec33957-e27c-4cf6-89fb-b0056bf1f383">
			<when expression='#[vars.batchStatus == "inactive"]'>
						<logger level="INFO" doc:name="Log Data File Processing Start" doc:id="8b0cfd49-6afc-4832-a96d-f33b18fb02c7" message="UUID::::::#[vars.UUID] invoking files to brix endpoint" />
						<os:store doc:name="storeBatchStatus" doc:id="2e343a5d-270a-4a64-a199-374376ec14c8" key="batchStatus" objectStore="Object_store">
						<os:value><![CDATA[#['active']]]></os:value>
					</os:store>
						<foreach doc:name="For Each" doc:id="2df1685e-4d6d-4a89-a84b-ca11cf7488b4" collection="#[vars.sftpFileCount]">
							<flow-ref doc:name="locationDataFilesToBrix" doc:id="2a6e0ef9-e81b-48fa-9ff6-73f38e866ac4" name="locationDataFilesToBrix" />
						</foreach>
			</when>
					<otherwise>
				<logger level="INFO" doc:name="infoLog" doc:id="96091986-5181-488c-88f5-4251f41620c4" message="UUID::::::#[vars.UUID] batch status is active" />
			</otherwise>
		</choice>
			</when>
			<otherwise >
				<logger level="INFO" doc:name="Logger" doc:id="b003331e-cd97-4d89-9a02-e26cc2e860c8" message="UUID::::::#[vars.UUID] no records to process"/>
			</otherwise>
		</choice>
		<error-handler >
			<on-error-propagate enableNotifications="true" logException="true" doc:name="On Error Propagate" doc:id="d60638ba-4a3d-438a-8d72-c75957fb5a0f" type="ANY">
				<os:store doc:name="Store" doc:id="65aa8aee-12e6-438e-978b-b84406fa28f3" key="batchStatus" objectStore="Object_store">
					<os:value><![CDATA[#['inactive']]]></os:value>
				</os:store>
				<logger level="INFO" doc:name="infoLog" doc:id="43cb51d5-d451-480f-ba49-94ce0c9b9383" message="UUID::::::#[vars.UUID] error handler log batch status is set to inactive"/>
			</on-error-propagate>
		</error-handler>
	</flow>
	<flow name="locationDataFilesToBrix" doc:id="a5d192af-591e-4ba8-b91f-a84292679ee4" >
		<set-variable value="#[payload]" doc:name="filepath" doc:id="1f32ef30-d489-4c0a-a50f-cf818e5308d1" variableName="filepath"/>
		<logger level="INFO" doc:name="LocationInfoLog" doc:id="c4849ac2-a48b-4182-9e4a-f7170c6a9717" message="UUID::::::#[vars.UUID] need to transform following files for Brix Location.... #[payload]" />
		<sftp:read doc:name="readBwFiles" doc:id="ec7a1514-d5b2-40ba-97ee-5e5298147cf5" config-ref="SFTP_Config" path="#[payload]" />
		<set-variable value="#[attributes.fileName]" doc:name="fileName" doc:id="ca5cfd66-8961-4569-bba3-2af0e3d406be" variableName="fileName" />
		<ee:transform doc:name="payloadConversion" doc:id="926c3e57-97ee-4f3e-b582-abfecca5a9d1">
			<ee:message>
				<ee:set-payload><![CDATA[%dw 2.0
output application/json
---
(read(payload replace '"' with "","application/csv", {header: false,"separator" : "|"}))]]></ee:set-payload>
			</ee:message>
		</ee:transform>
		<logger level="DEBUG" doc:name="debugLog" doc:id="fc982edf-33a0-4d16-a96d-4faa426b9f57" message="UUID::::::#[vars.UUID] BW payload before coversion to Brix #[payload]" category="com.aperture.mule4.location" />
		<ee:transform doc:name="brixPayload" doc:id="a408ec63-4501-477e-ace5-58a2f3a62ea2">
			<ee:message>
				<ee:set-payload><![CDATA[%dw 2.0
output application/json
---
payload map (payload01 , indexOfPayload01) -> {
	GLOBALLOCID : payload01.column_0,
	LOCNAME: payload01.column_1,
	"LOC_TYPE_CODE": payload01.column_2,
	TYPE: payload01.column_3,
	"LOC_STATUS": payload01.column_4,
	"ACCOUNT_RECORD_TYPE": payload01.column_5,
	"ACCOUNT_GROUP": payload01.column_6,
	"COMPANY_CODE_KEY": payload01.column_7,
	"COMPANY_CODE_TEXT": payload01.column_8,
	"DIVISION_CODE_KEY": payload01.column_9,
	"DIVISION_CODE_TEXT": payload01.column_10,
	"ACCOUNT_OWNER": payload01.column_11,
	"REGION_CODE": payload01.column_12,
	"SUB_REGION_CODE": payload01.column_13,
	"LOCSIZE": payload01.column_14,
	"LOCSHIPTOFLAG": if(payload01."column_15" == "T") true else if (payload01."column_15" == "F") false else null,
	"CLOSED": if(payload01."column_16" == "00000000") null else if (payload01."column_16" == " ") null else if (payload01."column_16" == null) null else if (payload01."column_16" != "") payload01.column_16 as Date {format: "yyyyMMdd"} as String {format: "yyyy-MM-dd' '00:00:00"} else null,
	"COUNTRY_CODE": payload01.column_17,
	"STREET": payload01.column_18,
	"ADDRESSSTREET2": payload01.column_19,
	"ADDRESSSTREET3": payload01.column_20,
	"ADDRESSSTREET4": payload01.column_21,
	"STREETNUMBER": payload01.column_22,
	"ADDRESSCITY": payload01.column_23,
	"POSTCODE": payload01.column_24,
	"EXCHANGE_TYPE_CODE": payload01.column_25,
	"CONTRACT_CODE_KEY": payload01.column_26,
	"CONTRACT_CODE_TEXT": payload01.column_27,
	"LOCLAT": payload01.column_28,
	"LOCLONG": payload01.column_29,
	"INDUSTRY_CODE": payload01.column_30,
	"SUB_INDUSTRY_CODE": payload01.column_31,
	//"SUB_INDUSTRY_CODE": payload01.column_32,
	//"CREATED": payload01.column_33,
	"BUSINESSLEVEL1": payload01.column_34,
	//"Level1": payload01.column_35,
	"BUSINESSLEVEL2": payload01.column_36,
	//"Level2": payload01.column_37,
	"BUSINESSLEVEL3": payload01.column_38,
	//"Level3": payload01.column_39,
	"BUSINESSLEVEL4": payload01.column_40,
	//"Level4": payload01.column_41,
	"BUSINESS_TYPE_CODE": payload01.column_42,
	"PARENT": payload01.column_44,
	"PARENT_ACCOUNT_GLID": payload01.column_43,
	"STATE": payload01.column_45,
	"STREET": payload01.column_45
	//"CREATEDAT": "",
	//"CREATEDBY": "",
    //"OWNERID": "59ae3cda-3a6b-4948-b744-da16ac461905",
    //"UPDATEDAT": "",
    //"UPDATEDBY": ""
}

]]></ee:set-payload>
			</ee:message>
			<ee:variables >
				<ee:set-variable variableName="originalPayload" ><![CDATA[%dw 2.0
output application/json
---
payload map (payload01 , indexOfPayload01) -> {
	GLOBALLOCID : payload01.column_0,
	LOCNAME: payload01.column_1,
	"LOC_TYPE_CODE": payload01.column_2,
	TYPE: payload01.column_3,
	"LOC_STATUS": payload01.column_4,
	"ACCOUNT_RECORD_TYPE": payload01.column_5,
	"ACCOUNT_GROUP": payload01.column_6,
	"COMPANY_CODE_KEY": payload01.column_7,
	"COMPANY_CODE_TEXT": payload01.column_8,
	"DIVISION_CODE_KEY": payload01.column_9,
	"DIVISION_CODE_TEXT": payload01.column_10,
	"ACCOUNT_OWNER": payload01.column_11,
	"REGION_CODE": payload01.column_12,
	"SUB_REGION_CODE": payload01.column_13,
	"LOCSIZE": payload01.column_14,
	"LOCSHIPTOFLAG": if(payload01."column_15" == "T") true else if (payload01."column_15" == "F") false else null,
	"CLOSED": if(payload01."column_16" == "00000000") null else if (payload01."column_16" == " ") null else if (payload01."column_16" == null) null else if (payload01."column_16" != "") payload01.column_16 as Date {format: "yyyyMMdd"} as String {format: "yyyy-MM-dd' '00:00:00"} else null,
	"COUNTRY_CODE": payload01.column_17,
	"STREET": payload01.column_18,
	"ADDRESSSTREET2": payload01.column_19,
	"ADDRESSSTREET3": payload01.column_20,
	"ADDRESSSTREET4": payload01.column_21,
	"STREETNUMBER": payload01.column_22,
	"ADDRESSCITY": payload01.column_23,
	"POSTCODE": payload01.column_24,
	"EXCHANGE_TYPE_CODE": payload01.column_25,
	"CONTRACT_CODE_KEY": payload01.column_26,
	"CONTRACT_CODE_TEXT": payload01.column_27,
	"LOCLAT": payload01.column_28,
	"LOCLONG": payload01.column_29,
	"INDUSTRY_CODE": payload01.column_30,
	"SUB_INDUSTRY_CODE": payload01.column_31,
	//"SUB_INDUSTRY_CODE": payload01.column_32,
	//"CREATED": payload01.column_33,
	"BUSINESSLEVEL1": payload01.column_34,
	//"Level1": payload01.column_35,
	"BUSINESSLEVEL2": payload01.column_36,
	//"Level2": payload01.column_37,
	"BUSINESSLEVEL3": payload01.column_38,
	//"Level3": payload01.column_39,
	"BUSINESSLEVEL4": payload01.column_40,
	//"Level4": payload01.column_41,
	"BUSINESS_TYPE_CODE": payload01.column_42,
	"PARENT": payload01.column_44,
	"PARENT_ACCOUNT_GLID": payload01.column_43,
	"STATE": payload01.column_45,
	"STREET": payload01.column_45
	//"CREATEDAT": "",
	//"CREATEDBY": "",
    //"OWNERID": "59ae3cda-3a6b-4948-b744-da16ac461905",
    //"UPDATEDAT": "",
    //"UPDATEDBY": ""
}

]]></ee:set-variable>
			</ee:variables>
		</ee:transform>
		<logger level="INFO" doc:name="infoLog" doc:id="b2385e39-3fd9-4e63-adc2-539a1b2cea15" message="UUID::::::#[vars.UUID] Transformed location Data to BRIX for file ::::#[vars.fileName]::: sizeOfPayload :#[sizeOf(payload)]" />
		<batch:job jobName="locationsBatch_Job" doc:id="3bac8093-0a7f-4a5b-942d-184f4a9b9e74" maxFailedRecords="-1">
			<batch:process-records >
				<batch:step name="brixDataFromBw" doc:id="a1edb52c-bf31-41fe-9226-f649cdca43ed" >
					<batch:aggregator doc:name="Batch Aggregator" doc:id="746dec6c-75b8-4bfc-8173-5c1ee60a09ab" preserveMimeTypes="true" size="${secure::aggregator.limit}">
						<set-payload value="#[%dw 2.0&#10;output application/json&#10;---&#10;payload]" doc:name="payload" doc:id="8a2ab22c-7a70-42e9-bb50-3f4b3b6eb292" />
						<ee:transform doc:name="payload" doc:id="8fa38625-d5a3-4702-9ec6-7e8020c4ac8e" >
							<ee:message >
								<ee:set-payload ><![CDATA[%dw 2.0
output application/json
---
{
    "networkObject": "LOCATIONEXTERNAL2",
	"data": payload
}]]></ee:set-payload>
							</ee:message>
						</ee:transform>
						<logger level="DEBUG" doc:name="debugLog" doc:id="967adfae-6d1f-4ce4-a58d-c2d30546f79e" message="UUID::::::#[vars.UUID] brix payload inside aggregator ::: #[payload]" category="com.aperture.mule4.location"/>
						<logger level="INFO" doc:name="infoLog" doc:id="555a344b-b885-4128-83ca-cf3e1846e426" message="UUID::::::#[vars.UUID] inside batch aggregator before sending data to Brix::::payloadSize :#[sizeOf(payload.data)]" />
						<ee:transform doc:name="signaturePayload-Variables" doc:id="9fc4d1b4-d4f7-4f5a-8aca-2af1d8f4ec47">
							<ee:message>
								<ee:set-payload><![CDATA[%dw 2.0
output application/json
---
payload]]></ee:set-payload>
							</ee:message>
							<ee:variables>
								<ee:set-variable variableName="generatePayload"><![CDATA[%dw 2.0
output application/json
---
payload]]></ee:set-variable>
								<ee:set-variable variableName="commonVariables"><![CDATA[%dw 2.0
output application/java
---
{	"readHost": p('secure::brixNew.https.host1'),
	"readPathBrix": p('secure::brixNew.LocUpsertPath'),
    'endPointURL':p('secure::brixNew.LocUpsertURL'),
    'httpMethod':"POST",
    'ContentType':"application/json",
    'key': p('secure::brixNew.LocKey'),
    'secret': p('secure::brixNew.LocSecret'),
    'timestamp':now() as Number {unit: "milliseconds"},
	'nonce':"abcdef123456",
    'paramFlowActive': "Active"
}

]]></ee:set-variable>
							</ee:variables>
						</ee:transform>
						<http:request method="POST" doc:name="generateSignature" doc:id="df4c4dff-b8ca-424e-a642-15623387685d" config-ref="signature_Request_Configuration" path="${secure::brixNew.gspath}" target="signature" targetValue="#[payload.Signature]">
							<http:headers><![CDATA[#[output application/java
---
{
    'endPointURL' : vars.commonVariables."endPointURL",
    'httpMethod' : vars.commonVariables."httpMethod",
    'ContentType' : vars.commonVariables."ContentType",
    'key' : vars.commonVariables."key",
    'timestamp' : vars.commonVariables."timestamp",
    'secret' : vars.commonVariables."secret",
    'nonce': vars.commonVariables."nonce"
}]]]></http:headers>
							<http:query-params><![CDATA[#[output application/java
---
{
	"modelSetId" : "DEF_SET"
}]]]></http:query-params>
						</http:request>
<!-- [STUDIO:"brixAuthenticationRequest"]						<http:request method="POST" doc:name="brixAuthenticationRequest" doc:id="990e7a46-5ba3-43c8-8dfd-79bd582a3491" config-ref="brixAuthentication" path="${secure::brix.authPath}" target="token" targetValue="#[payload.authToken&#93;">
							<http:body><![CDATA[#[%dw 2.0
output application/json
&#45;&#45;-
{
	"username": p('secure::brix.username'),
	"password": p('secure::brix.password')
}&#93;&#93;&#93;></http:body>
							<http:headers><![CDATA[#[output application/java
&#45;&#45;-
{
	"Content-Type" : "application/json"
}&#93;&#93;&#93;></http:headers>
							<http:query-params><![CDATA[#[output application/java
&#45;&#45;-
{
	"modelSetId" : "DEF_SET"
}&#93;&#93;&#93;></http:query-params>
						</http:request> [STUDIO] -->
						<logger level="INFO" doc:name="infoLog" doc:id="eddc9a3d-f6ed-4125-93d0-033f1e352d7b" message="UUID::::::#[vars.UUID] signature for brix authentication :::#[vars.signature]" />
						<ee:transform doc:name="brixRequestPayload" doc:id="7c2cff10-5044-4af6-b94d-49f31cb43c60">
							<ee:message>
								<ee:set-payload resource="dwl/brixReadRequest.dwl" />
							</ee:message>
							<ee:variables />
						</ee:transform>
<logger level="DEBUG" doc:name="debugLog" doc:id="9ee19320-b5dc-4a1d-8443-9b2c5cdc4c1b" message="UUID::::::#[vars.UUID] Location Data before upserting to BRIX::::#[payload]" category="com.aperture.mule4.location" />
						<http:request method="POST" doc:name="requestCreateBrixEndPoint" doc:id="711f5dd6-0620-4157-9f9f-79f803649885" config-ref="brix_host1_RConfiguration" path="#[vars.commonVariables.readPathBrix]">
							<http:headers><![CDATA[#[output application/java
---
{
	'Content-Type' : vars.commonVariables."ContentType",
    'key' : vars.commonVariables."key",
    'nonce': vars.commonVariables."nonce",
    'timestamp' : vars.commonVariables."timestamp",
    'signature' : vars."signature"    
}]]]></http:headers>
							<http:query-params><![CDATA[#[output application/java
---
{
	"modelSetId" : "DEF_SET"
}]]]></http:query-params>
						</http:request>
						<!-- [STUDIO:"brixRequest"]						<http:request method="POST" doc:name="brixRequest" doc:id="c8f492e0-cbc2-4e3a-a9c0-3a78c60e3328" config-ref="brix_host1_RConfiguration" path="${secure::brix.path}" >
							<http:headers ><![CDATA[#[output application/java
&#45;&#45;-
{
	"content-type" : "application/json",
	accept : "application/json, text/plain, */*",
	token : vars.token
}&#93;&#93;&#93;></http:headers>
							<http:query-params ><![CDATA[#[output application/java
&#45;&#45;-
{
	modelSetId : "DEF_SET"
}&#93;&#93;&#93;></http:query-params>
						</http:request> [STUDIO] -->
						<logger level="INFO" doc:name="infoLog" doc:id="64b02044-580a-4896-9787-06ef850f120d" message="UUID::::::#[vars.UUID] data transferred to BRIX successfully"/>
						<logger level="DEBUG" doc:name="debugLog" doc:id="efecb6e1-1ce9-49a9-a57d-4ad8edc116b7" message="UUID::::::#[vars.UUID] payload after data transferred to BRIX successfully::::#[payload]" category="com.aperture.mule4.location"/>
					</batch:aggregator>
					<ee:transform doc:name="payload" doc:id="4c4c86dd-7af6-47fe-ac91-ae407e8bc75c" >
						<ee:message >
							<ee:set-payload ><![CDATA[%dw 2.0
output application/json
---
payload]]></ee:set-payload>
						</ee:message>
					</ee:transform>
				</batch:step>
				<batch:step name="failures_Step" doc:id="bfb27df0-f71d-4616-a96c-9ee7fffdbe26" acceptPolicy="ONLY_FAILURES">
					<set-variable value="#[Batch::getStepExceptions().'brixDataFromBw']" doc:name="stepError" doc:id="94919a96-1197-478d-8e20-b84c9671f871" variableName="stepError" />
					<ee:transform doc:name="errorMessage" doc:id="55e48d04-03d2-4b04-a34b-4e797c298d74">
						<ee:message>
							<ee:set-payload><![CDATA[%dw 2.0
output application/json
---
 { 
 	GLOBALLOCID: payload.GLOBALLOCID,
	errorMessage: vars.stepError.message default "",
	errorType: vars.stepError.exceptionInfo.errorType.asString default "Error",
	filename: vars.fileName,
	objectName: vars.objectName
	//errorCode: if(error.cause.errorMessage.attributes.statusCode != null) (error.cause.errorMessage.attributes.statusCode) else if (error.errorMesage.payload.errorCode != null) (error.errorMesage.payload.errorCode) else 500
}]]></ee:set-payload>
						</ee:message>
					</ee:transform>
					<logger level="ERROR" doc:name="infoLog" doc:id="bb56a3e1-65f0-4729-87dc-38d73f462c95" message="UUID::::::#[vars.UUID] error Message in failure batch step :::#[payload]" category="com.aperture.error.mule4.location"/>
					<batch:aggregator doc:name="Batch Aggregator" doc:id="643093a3-5fe7-4ad9-bb20-f8d34fe07d57" preserveMimeTypes="true" streaming="true">
						<set-payload value="#[%dw 2.0&#10;output application/json&#10;---&#10;payload]" doc:name="payload" doc:id="1a41bfa6-61a2-4e7f-89bb-18b63f350e64" />
						<ee:transform doc:name="payload" doc:id="5564269b-38ba-4277-93ed-d61e60836e98" >
							<ee:message >
								<ee:set-payload ><![CDATA[%dw 2.0
output application/csv
---
 payload map { 
 	globalLocId: $.GLOBALLOCID,
	errorMessage: $.errorMessage,
	errorType: $.errorType,
	filename: $.filename,
	object: $.objectName
}]]></ee:set-payload>
							</ee:message>
							<ee:variables >
							</ee:variables>
						</ee:transform>
						<logger level="INFO" doc:name="infoLog" doc:id="bb679e28-0d60-439c-b533-1df14b1ab86a" message="UUID::::::#[vars.UUID] error Message in failure batch aggregator  :::#[payload]" />
						<email:send doc:id="fc60bece-d14b-4e30-b586-ccf6a20f4a82" config-ref="Email_SMTP" toAddresses="#[p('secure::smtp.to') splitBy (',')]" fromAddress="${secure::smtp.from}" doc:name="sendEmail" subject="${secure::smtp.subject}">
							<email:body contentType="text/html" >
								<email:content ><![CDATA[#["<!DOCTYPE html>
<html>
   <head>
      <style>
         table {
         font-family: arial, sans-serif;
         border-collapse: collapse;
         width: 100%;
         }
         td, th {
         border: 1px solid #dddddd;
         text-align: left;
         padding: 8px;
         }
         tr:nth-child(even) {
         background-color: #dddddd;
         }
      </style>
   </head>
   <body>
      <h4>Hi Team,<br>

           Location Integration BW->BRIX file(" ++ (vars.filename) ++ ") got failed.  </h4>
   </body>
</html>"]]]></email:content>
							</email:body>
							<email:attachments ><![CDATA[#[{
	(p('secure::smtp.fileName') replace "txt" with "csv"):payload
}]]]></email:attachments>
						</email:send>
					</batch:aggregator>
				</batch:step>
			</batch:process-records>
			<batch:on-complete>
				<sftp:write doc:name="sftpWrite" doc:id="9d0c0419-5c1d-496f-8f86-9ff89bd904ea" config-ref="SFTP_Config" path="#[p('secure::sftp.locationArchive') ++ vars.fileName]">
					<reconnect />
						<sftp:content><![CDATA[#[vars.originalPayload]]]></sftp:content>
				</sftp:write>
				<logger level="INFO" doc:name="infoLog" doc:id="95103be0-ef8c-4853-9fe4-4058188ef0f0" message="UUID::::::#[vars.UUID] successfully written json file in locationArchive folder for the file ::: #[vars.filePath] "/>
				<logger level="INFO" doc:name="infoLog" doc:id="b0700e31-f058-4004-b8b4-090f00c9437a" message="UUID::::::#[vars.UUID] Move files list after processing the file successfully:  #[vars.filePath] " />
				<sftp:move doc:name="sftpMove" doc:id="40629f79-1f1b-4b0a-a2c3-19eff36ed3f4" config-ref="SFTP_Config" sourcePath="#[vars.filepath]" targetPath="#[p('secure::sftp.archive.path')]">
						<reconnect />
					</sftp:move>
				<logger level="INFO" doc:name="infoLog" doc:id="8a8c2a3c-3ea8-4a40-8ecf-9a881042add3" message="UUID::::::#[vars.UUID] file ::#[vars.filePath] moved to archieve path successfully " />
				<logger level="INFO" doc:name="infoLog" doc:id="1a826b9d-a4c3-4803-a6bc-cc96f6bd22d1" message="UUID::::::#[vars.UUID] completed the flow execution"/>
				<os:store doc:name="storeBatchStatus" doc:id="79347055-003b-4359-b1b5-7c9d4b3c859f" key="batchStatus" objectStore="Object_store">
					<os:value><![CDATA[#["inactive"]]]></os:value>
				</os:store>
			</batch:on-complete>
		</batch:job>
		
	</flow>
</mule>
