<?xml version='1.0' encoding='UTF-8'?>
<types:mule xmlns:types="http://www.mulesoft.org/schema/mule/types">
  <types:catalog/>
  <types:enrichment select="#92c738f1-508d-499e-a594-4dd409a31928"/>
  <types:enrichment select="#2e2ba431-4d63-43bf-b0b5-c55abfbac2eb"/>
  <types:enrichment select="#421f027f-3e30-4cf8-8100-053793fadf0e"/>
  <types:enrichment select="#73b255ec-9498-4623-bdcc-b413b53a58e7"/>
  <types:enrichment select="#7c0b1075-0d98-473b-ad8f-2eb25f1baa47"/>
  <types:enrichment select="#55077551-15aa-4375-9b30-ba7f006499f2"/>
  <types:enrichment select="#1f796844-aac6-4b04-9a0a-f8788df06961"/>
  <types:enrichment select="#b1215ee0-1be7-45ca-bf2f-1d35f6c932ee"/>
  <types:enrichment select="#2f077a4d-fbed-4001-b417-f8ff89fce851"/>
  <types:enrichment select="#935d8e42-ee4c-4755-9bfb-ddd16b326785"/>
  <types:enrichment select="#9351ef61-100a-462a-8376-4ecedbed1783"/>
  <types:enrichment select="#a8b90322-d244-4198-9be4-26b758295ced"/>
  <types:enrichment select="#84968bcd-04f8-41cb-838b-f039a50e97d8"/>
  <types:enrichment select="#d91c9e4b-d72d-4aab-9871-c0054a242f08"/>
  <types:enrichment select="#d88643e1-03e2-4128-ad8b-2f82127d3eac"/>
</types:mule>