<?xml version="1.0" encoding="UTF-8"?>

<mule xmlns:os="http://www.mulesoft.org/schema/mule/os"
	xmlns:telegram="http://www.mulesoft.org/schema/mule/telegram" xmlns:http="http://www.mulesoft.org/schema/mule/http"
	xmlns="http://www.mulesoft.org/schema/mule/core"
	xmlns:doc="http://www.mulesoft.org/schema/mule/documentation" xmlns:xsi="http://www.w3.org/2001/XMLSchema-instance" xsi:schemaLocation="
http://www.mulesoft.org/schema/mule/http http://www.mulesoft.org/schema/mule/http/current/mule-http.xsd http://www.mulesoft.org/schema/mule/core http://www.mulesoft.org/schema/mule/core/current/mule.xsd
http://www.mulesoft.org/schema/mule/telegram http://www.mulesoft.org/schema/mule/telegram/current/mule-telegram.xsd
http://www.mulesoft.org/schema/mule/os http://www.mulesoft.org/schema/mule/os/current/mule-os.xsd">
	<http:listener-config name="HTTP_Listener_config" doc:name="HTTP Listener config" doc:id="e7bbd2a5-db5d-485f-ac92-6e6625eca4f6" >
		<http:listener-connection host="0.0.0.0" port="8081" />
	</http:listener-config>
	<telegram:config name="Telegram_Connector_Config" doc:name="Telegram Connector Config" doc:id="b4a89545-6ff1-4ec9-8759-fa3035d2aa52" >
		<telegram:connection-provider-connection secureToken="${telegram.accessToken}" baseUri="${telegram.url}"/>
	</telegram:config>
	<os:object-store name="Object_store" doc:name="Object store" doc:id="353b9b35-8aad-4579-a830-b6d7b11f6ae6" />
	<configuration-properties doc:name="Configuration properties" doc:id="5b37af1a-707f-4d17-98e1-c00604a30e1f" file="${mule.env}.yaml" />
	
</mule>
