<?xml version="1.0" encoding="UTF-8"?>

<mule xmlns:os="http://www.mulesoft.org/schema/mule/os" xmlns:http="http://www.mulesoft.org/schema/mule/http"
	xmlns:ee="http://www.mulesoft.org/schema/mule/ee/core"
	xmlns:telegram="http://www.mulesoft.org/schema/mule/telegram" xmlns="http://www.mulesoft.org/schema/mule/core" xmlns:doc="http://www.mulesoft.org/schema/mule/documentation" xmlns:xsi="http://www.w3.org/2001/XMLSchema-instance" xsi:schemaLocation="http://www.mulesoft.org/schema/mule/core http://www.mulesoft.org/schema/mule/core/current/mule.xsd
http://www.mulesoft.org/schema/mule/telegram http://www.mulesoft.org/schema/mule/telegram/current/mule-telegram.xsd
http://www.mulesoft.org/schema/mule/ee/core http://www.mulesoft.org/schema/mule/ee/core/current/mule-ee.xsd
http://www.mulesoft.org/schema/mule/http http://www.mulesoft.org/schema/mule/http/current/mule-http.xsd
http://www.mulesoft.org/schema/mule/os http://www.mulesoft.org/schema/mule/os/current/mule-os.xsd">
	<flow name="getUpdates" doc:id="84d2e9bc-1fbc-48d3-90f7-518f07f71e5d" >
		<http:listener doc:name="Listener" doc:id="64a18128-381a-4b2d-92e0-f16175af2851" config-ref="HTTP_Listener_config" path="/getUpdates"/>
		<ee:transform doc:name="chatId" doc:id="df94f7c0-043c-43e6-90e6-776a0a425069">
			<ee:message>
				<ee:set-payload><![CDATA[%dw 2.0
output application/json
---
//{
//	"chat_id": payload.result[0].message.chat.id as Number
//}

{
	"chat_id": attributes.queryParams.userName default ""
}]]></ee:set-payload>
			</ee:message>
		</ee:transform>
		<os:store doc:name="storeChatId" doc:id="0bf650b2-db09-4886-afdc-9e2edd39b061" key="chat_id" objectStore="Object_store" >
			<os:value ><![CDATA[#[attributes.queryParams.userName]]]></os:value>
		</os:store>
		<telegram:get-updates doc:name="Get Updates" doc:id="5ffe2185-f2d1-4e43-8d95-3ce667bdf033" config-ref="Telegram_Connector_Config"/>
		<logger level="INFO" doc:name="chatIdInfoLog" doc:id="85b75fe0-3637-4ca5-a03a-0bac64e3cbc5" message="chat_id::: #[payload]"/>
	</flow>
	<flow name="sendMessage" doc:id="631605de-3d63-41cf-ad8f-ff553ff139f7" >
		<http:listener doc:name="Listener" doc:id="1f6667d8-e895-4bc3-a21e-f6fc29e39081" config-ref="HTTP_Listener_config" path="/sendMessage"/>
		<os:retrieve doc:name="retrieveChatId" doc:id="3237cf86-d210-4efe-b7f0-e2ebc8efdd22" key="chat_id" objectStore="Object_store" target="chat_id">
			<os:default-value ><![CDATA[12345678643]]></os:default-value>
		</os:retrieve>
		<ee:transform doc:name="textMessageRequest" doc:id="6468b741-a84b-437e-ae6d-1ae913dcc2df" >
			<ee:message >
				<ee:set-payload ><![CDATA[%dw 2.0
output application/json
---
{
	"text": "Hi This is Test Message",
	"chat_id": vars.chat_id
}]]></ee:set-payload>
			</ee:message>
		</ee:transform>
		<telegram:send-message doc:name="Send text message" doc:id="426b3f64-e712-4376-9c79-3828a1faba5d" config-ref="Telegram_Connector_Config"/>
	</flow>
	<flow name="telegram_demoFlow" doc:id="151559fe-0603-429c-ad8c-7fde9b2f86ae" >
		<http:listener doc:name="Listener" doc:id="9aff5a49-b1ff-4c85-b9a8-801825215936" config-ref="HTTP_Listener_config" path="/deleteMessage" />
		<set-variable value='#[attributes.queryParams.messageId default ""]' doc:name="messageId" doc:id="3fb2b861-1e7c-42c8-8290-9b32c700a9e3" variableName="messageId"/>
		<os:retrieve doc:name="retrieveChatId" doc:id="c3c6627c-9c6e-4a05-99ca-273e69defb0f" key="chat_id" objectStore="Object_store" target="chat_id" >
			<os:default-value ><![CDATA[12345678643]]></os:default-value>
		</os:retrieve>
		<ee:transform doc:name="textMessageRequest" doc:id="2bde1038-13dd-4f09-8af8-7ae867e97327" >
			<ee:message >
				<ee:set-payload ><![CDATA[%dw 2.0
output application/json
---
{
	message_id: vars.messageId,
	"chat_id": vars.chat_id
}]]></ee:set-payload>
			</ee:message>
		</ee:transform>
		<telegram:delete-message doc:name="Delete message" doc:id="58d5069a-d1f8-42e7-a89b-76fa18668acf" config-ref="Telegram_Connector_Config"/>
	</flow>
	<flow name="telegram_demoFlow1" doc:id="623aac2d-b0d1-4370-aa3e-de67ada4afa8" >
		<http:listener doc:name="Listener" doc:id="c85f62f3-7c11-48fa-aa7c-2d3976de1b0d" config-ref="HTTP_Listener_config" path="/photo"/>
		<os:retrieve doc:name="retrieveChatId" doc:id="885efd37-c50f-4734-a14d-b6fcaf45b547" key="chat_id" objectStore="Object_store" target="chat_id" >
			<os:default-value ><![CDATA[12345678643]]></os:default-value>
		</os:retrieve>
		<ee:transform doc:name="textMessageRequest" doc:id="c5f6777b-1175-403e-ae61-a9c514457981" >
			<ee:message >
				<ee:set-payload ><![CDATA[%dw 2.0
output application/json
---
{
	photo: payload.photo as String,
	caption: payload.caption default "",
	"chat_id": vars.chat_id
}]]></ee:set-payload>
			</ee:message>
		</ee:transform>
		<telegram:send-photo doc:name="Send photo message" doc:id="ac2b8342-f979-4cc1-a57c-3158f2ebf0b6" config-ref="Telegram_Connector_Config" />
	</flow>
</mule>
