{
	"definitions": {},
	"$schema": "http://json-schema.org/draft-07/schema#", 
	"$id": "https://example.com/object1626417764.json", 
	"title": "Root", 
	"type": "object",
	"required": [
		"d"
	],
	"properties": {
		"d": {
			"$id": "#root/d", 
			"title": "D", 
			"type": "object",
			"required": [
				"zCaseId",
				"caseH_caseINav"
			],
			"properties": {
				"zCaseId": {
					"$id": "#root/d/zCaseId", 
					"title": "Zcaseid", 
					"type": "string",
					"default": "",
					"examples": [
						"X"
					],
					"pattern": "^.*$"
				},
				"caseH_caseINav": {
					"$id": "#root/d/caseH_caseINav", 
					"title": "Caseh_caseinav", 
					"type": "array",
					"default": [],
					"items":{
						"$id": "#root/d/caseH_caseINav/items", 
						"title": "Items", 
						"type": "object",
						"required": [
							"zaccntID",
							"zRtCause",
							"zAplStat",
							"zBusUnit",
							"zCseNumb",
							"zCsePrior",
							"zScategry",
							"zCauseBy",
							"zUpdatDte",
							"zLstchgtm",
							"zCstcntct",
							"zReqDeldt",
							"zTcdelDoc",
							"zPartner",
							"zCaseId",
							"zClsOpn",
							"zLevel",
							"zDropLive",
							"zMachine",
							"zOrigin",
							"zOwnerId",
							"zPriority",
							"zPrdGroup",
							"zCsrEasn",
							"zRectyPid",
							"zLocRegn",
							"zRcauseo",
							"zShift",
							"zSrSystm",
							"zStatus",
							"zSubcTeg",
							"zSubType",
							"zTrukNld",
							"zType",
							"zVanFlat",
							"zPrunOut",
							"zTrigerid",
							"zSfaphId",
							"zCalScrpt",
							"zThdPrty",
							"zEffstdt",
							"zOrgque",
							"zPrntCse",
							"zSfProd",
							"z3PSystm",
							"zLstupDts",
							"zCreateDon",
							"zCreaTime"
						],
						"properties": {
							"zaccntID": {
								"$id": "#root/d/caseH_caseINav/items/zaccntID", 
								"title": "Zaccntid", 
								"type": "string",
								"default": "",
								"examples": [
									"0014J00000A0u73QAB"
								],
								"pattern": "^.*$"
							},
							"zRtCause": {
								"$id": "#root/d/caseH_caseINav/items/zRtCause", 
								"title": "Zrtcause", 
								"type": "string",
								"default": "",
								"examples": [
									""
								],
								"pattern": "^.*$"
							},
							"zAplStat": {
								"$id": "#root/d/caseH_caseINav/items/zAplStat", 
								"title": "Zaplstat", 
								"type": "string",
								"default": "",
								"examples": [
									"Not Submitted"
								],
								"pattern": "^.*$"
							},
							"zBusUnit": {
								"$id": "#root/d/caseH_caseINav/items/zBusUnit", 
								"title": "Zbusunit", 
								"type": "string",
								"default": "",
								"examples": [
									"Pallet"
								],
								"pattern": "^.*$"
							},
							"zCseNumb": {
								"$id": "#root/d/caseH_caseINav/items/zCseNumb", 
								"title": "Zcsenumb", 
								"type": "string",
								"default": "",
								"examples": [
									"00184204"
								],
								"pattern": "^.*$"
							},
							"zCsePrior": {
								"$id": "#root/d/caseH_caseINav/items/zCsePrior", 
								"title": "Zcseprior", 
								"type": "string",
								"default": "",
								"examples": [
									"Medium"
								],
								"pattern": "^.*$"
							},
							"zScategry": {
								"$id": "#root/d/caseH_caseINav/items/zScategry", 
								"title": "Zscategry", 
								"type": "string",
								"default": "",
								"examples": [
									"Damaged"
								],
								"pattern": "^.*$"
							},
							"zCauseBy": {
								"$id": "#root/d/caseH_caseINav/items/zCauseBy", 
								"title": "Zcauseby", 
								"type": "string",
								"default": "",
								"examples": [
									""
								],
								"pattern": "^.*$"
							},
							"zUpdatDte": {
								"$id": "#root/d/caseH_caseINav/items/zUpdatDte", 
								"title": "Zupdatdte", 
								"type": "string",
								"default": "",
								"examples": [
									""
								],
								"pattern": "^.*$"
							},
							"zLstchgtm": {
								"$id": "#root/d/caseH_caseINav/items/zLstchgtm", 
								"title": "Zlstchgtm", 
								"type": "string",
								"default": "",
								"examples": [
									""
								],
								"pattern": "^.*$"
							},
							"zCstcntct": {
								"$id": "#root/d/caseH_caseINav/items/zCstcntct", 
								"title": "Zcstcntct", 
								"type": "string",
								"default": "",
								"examples": [
									"0034J00000ACftmQAD"
								],
								"pattern": "^.*$"
							},
							"zReqDeldt": {
								"$id": "#root/d/caseH_caseINav/items/zReqDeldt", 
								"title": "Zreqdeldt", 
								"type": "string",
								"default": "",
								"examples": [
									""
								],
								"pattern": "^.*$"
							},
							"zTcdelDoc": {
								"$id": "#root/d/caseH_caseINav/items/zTcdelDoc", 
								"title": "Ztcdeldoc", 
								"type": "string",
								"default": "",
								"examples": [
									""
								],
								"pattern": "^.*$"
							},
							"zPartner": {
								"$id": "#root/d/caseH_caseINav/items/zPartner", 
								"title": "Zpartner", 
								"type": "string",
								"default": "",
								"examples": [
									"5400001379"
								],
								"pattern": "^.*$"
							},
							"zCaseId": {
								"$id": "#root/d/caseH_caseINav/items/zCaseId", 
								"title": "Zcaseid", 
								"type": "string",
								"default": "",
								"examples": [
									"5003G0000029vaZQAQ"
								],
								"pattern": "^.*$"
							},
							"zClsOpn": {
								"$id": "#root/d/caseH_caseINav/items/zClsOpn", 
								"title": "Zclsopn", 
								"type": "string",
								"default": "",
								"examples": [
									"false"
								],
								"pattern": "^.*$"
							},
							"zLevel": {
								"$id": "#root/d/caseH_caseINav/items/zLevel", 
								"title": "Zlevel", 
								"type": "string",
								"default": "",
								"examples": [
									""
								],
								"pattern": "^.*$"
							},
							"zDropLive": {
								"$id": "#root/d/caseH_caseINav/items/zDropLive", 
								"title": "Zdroplive", 
								"type": "string",
								"default": "",
								"examples": [
									""
								],
								"pattern": "^.*$"
							},
							"zMachine": {
								"$id": "#root/d/caseH_caseINav/items/zMachine", 
								"title": "Zmachine", 
								"type": "string",
								"default": "",
								"examples": [
									""
								],
								"pattern": "^.*$"
							},
							"zOrigin": {
								"$id": "#root/d/caseH_caseINav/items/zOrigin", 
								"title": "Zorigin", 
								"type": "string",
								"default": "",
								"examples": [
									"Inbound Call"
								],
								"pattern": "^.*$"
							},
							"zOwnerId": {
								"$id": "#root/d/caseH_caseINav/items/zOwnerId", 
								"title": "Zownerid", 
								"type": "string",
								"default": "",
								"examples": [
									"0054J000002fjwzQAA"
								],
								"pattern": "^.*$"
							},
							"zPriority": {
								"$id": "#root/d/caseH_caseINav/items/zPriority", 
								"title": "Zpriority", 
								"type": "string",
								"default": "",
								"examples": [
									"3-Medium"
								],
								"pattern": "^.*$"
							},
							"zPrdGroup": {
								"$id": "#root/d/caseH_caseINav/items/zPrdGroup", 
								"title": "Zprdgroup", 
								"type": "string",
								"default": "",
								"examples": [
									""
								],
								"pattern": "^.*$"
							},
							"zCsrEasn": {
								"$id": "#root/d/caseH_caseINav/items/zCsrEasn", 
								"title": "Zcsreasn", 
								"type": "string",
								"default": "",
								"examples": [
									""
								],
								"pattern": "^.*$"
							},
							"zRectyPid": {
								"$id": "#root/d/caseH_caseINav/items/zRectyPid", 
								"title": "Zrectypid", 
								"type": "string",
								"default": "",
								"examples": [
									"0123G000000A4RoQAK"
								],
								"pattern": "^.*$"
							},
							"zLocRegn": {
								"$id": "#root/d/caseH_caseINav/items/zLocRegn", 
								"title": "Zlocregn", 
								"type": "string",
								"default": "",
								"examples": [
									"LATAM"
								],
								"pattern": "^.*$"
							},
							"zRcauseo": {
								"$id": "#root/d/caseH_caseINav/items/zRcauseo", 
								"title": "Zrcauseo", 
								"type": "string",
								"default": "",
								"examples": [
									""
								],
								"pattern": "^.*$"
							},
							"zShift": {
								"$id": "#root/d/caseH_caseINav/items/zShift", 
								"title": "Zshift", 
								"type": "string",
								"default": "",
								"examples": [
									""
								],
								"pattern": "^.*$"
							},
							"zSrSystm": {
								"$id": "#root/d/caseH_caseINav/items/zSrSystm", 
								"title": "Zsrsystm", 
								"type": "string",
								"default": "",
								"examples": [
									""
								],
								"pattern": "^.*$"
							},
							"zStatus": {
								"$id": "#root/d/caseH_caseINav/items/zStatus", 
								"title": "Zstatus", 
								"type": "string",
								"default": "",
								"examples": [
									"New"
								],
								"pattern": "^.*$"
							},
							"zSubcTeg": {
								"$id": "#root/d/caseH_caseINav/items/zSubcTeg", 
								"title": "Zsubcteg", 
								"type": "string",
								"default": "",
								"examples": [
									""
								],
								"pattern": "^.*$"
							},
							"zSubType": {
								"$id": "#root/d/caseH_caseINav/items/zSubType", 
								"title": "Zsubtype", 
								"type": "string",
								"default": "",
								"examples": [
									"Product"
								],
								"pattern": "^.*$"
							},
							"zTrukNld": {
								"$id": "#root/d/caseH_caseINav/items/zTrukNld", 
								"title": "Ztruknld", 
								"type": "string",
								"default": "",
								"examples": [
									""
								],
								"pattern": "^.*$"
							},
							"zType": {
								"$id": "#root/d/caseH_caseINav/items/zType", 
								"title": "Ztype", 
								"type": "string",
								"default": "",
								"examples": [
									"Complaints"
								],
								"pattern": "^.*$"
							},
							"zVanFlat": {
								"$id": "#root/d/caseH_caseINav/items/zVanFlat", 
								"title": "Zvanflat", 
								"type": "string",
								"default": "",
								"examples": [
									""
								],
								"pattern": "^.*$"
							},
							"zPrunOut": {
								"$id": "#root/d/caseH_caseINav/items/zPrunOut", 
								"title": "Zprunout", 
								"type": "string",
								"default": "",
								"examples": [
									""
								],
								"pattern": "^.*$"
							},
							"zTrigerid": {
								"$id": "#root/d/caseH_caseINav/items/zTrigerid", 
								"title": "Ztrigerid", 
								"type": "string",
								"default": "",
								"examples": [
									""
								],
								"pattern": "^.*$"
							},
							"zSfaphId": {
								"$id": "#root/d/caseH_caseINav/items/zSfaphId", 
								"title": "Zsfaphid", 
								"type": "string",
								"default": "",
								"examples": [
									""
								],
								"pattern": "^.*$"
							},
							"zCalScrpt": {
								"$id": "#root/d/caseH_caseINav/items/zCalScrpt", 
								"title": "Zcalscrpt", 
								"type": "string",
								"default": "",
								"examples": [
									""
								],
								"pattern": "^.*$"
							},
							"zThdPrty": {
								"$id": "#root/d/caseH_caseINav/items/zThdPrty", 
								"title": "Zthdprty", 
								"type": "string",
								"default": "",
								"examples": [
									"true"
								],
								"pattern": "^.*$"
							},
							"zEffstdt": {
								"$id": "#root/d/caseH_caseINav/items/zEffstdt", 
								"title": "Zeffstdt", 
								"type": "string",
								"default": "",
								"examples": [
									""
								],
								"pattern": "^.*$"
							},
							"zOrgque": {
								"$id": "#root/d/caseH_caseINav/items/zOrgque", 
								"title": "Zorgque", 
								"type": "string",
								"default": "",
								"examples": [
									""
								],
								"pattern": "^.*$"
							},
							"zPrntCse": {
								"$id": "#root/d/caseH_caseINav/items/zPrntCse", 
								"title": "Zprntcse", 
								"type": "string",
								"default": "",
								"examples": [
									"false"
								],
								"pattern": "^.*$"
							},
							"zSfProd": {
								"$id": "#root/d/caseH_caseINav/items/zSfProd", 
								"title": "Zsfprod", 
								"type": "string",
								"default": "",
								"examples": [
									""
								],
								"pattern": "^.*$"
							},
							"z3PSystm": {
								"$id": "#root/d/caseH_caseINav/items/z3PSystm", 
								"title": "Z3psystm", 
								"type": "string",
								"default": "",
								"examples": [
									"NiceInContact"
								],
								"pattern": "^.*$"
							},
							"zLstupDts": {
								"$id": "#root/d/caseH_caseINav/items/zLstupDts", 
								"title": "Zlstupdts", 
								"type": "string",
								"default": "",
								"examples": [
									"20210705141018"
								],
								"pattern": "^.*$"
							},
							"zCreateDon": {
								"$id": "#root/d/caseH_caseINav/items/zCreateDon", 
								"title": "Zcreatedon", 
								"type": "string",
								"default": "",
								"examples": [
									"20210616"
								],
								"pattern": "^.*$"
							},
							"zCreaTime": {
								"$id": "#root/d/caseH_caseINav/items/zCreaTime", 
								"title": "Zcreatime", 
								"type": "string",
								"default": "",
								"examples": [
									"204019"
								],
								"pattern": "^.*$"
							}
						}
					}

				}
			}
		}

	}
}
