{
	"definitions": {},
	"$schema": "http://json-schema.org/draft-07/schema#", 
	"$id": "https://example.com/object1626417803.json", 
	"title": "Root", 
	"type": "object",
	"required": [
		"d"
	],
	"properties": {
		"d": {
			"$id": "#root/d", 
			"title": "D", 
			"type": "object",
			"required": [
				"Zflag",
				"conH_conINav"
			],
			"properties": {
				"Zflag": {
					"$id": "#root/d/Zflag", 
					"title": "Zflag", 
					"type": "string",
					"default": "",
					"examples": [
						"X"
					],
					"pattern": "^.*$"
				},
				"conH_conINav": {
					"$id": "#root/d/conH_conINav", 
					"title": "Conh_coninav", 
					"type": "array",
					"default": [],
					"items":{
						"$id": "#root/d/conH_conINav/items", 
						"title": "Items", 
						"type": "object",
						"required": [
							"zSorganIz",
							"zDntCall",
							"zDuplcat",
							"zCteMail",
							"zExclMar",
							"zExclSur",
							"zCtsfstNam",
							"zCstCntCt",
							"zJobFun",
							"zJobLvl",
							"zCtLstNam",
							"zLstupBy",
							"zLeadSrc",
							"zMarkStg",
							"zPhone",
							"zUsrTyp",
							"zNextSur",
							"zNpSpuInl",
							"zCtWkPhn",
							"zPrefCom",
							"zLang",
							"zLocRegn",
							"zCtPertit",
							"zInacFlag",
							"zSubRegn",
							"zCtJobTit",
							"zLstupDts"
						],
						"properties": {
							"zSorganIz": {
								"$id": "#root/d/conH_conINav/items/zSorganIz", 
								"title": "Zsorganiz", 
								"type": "string",
								"default": "",
								"examples": [
									"Pallet"
								],
								"pattern": "^.*$"
							},
							"zDntCall": {
								"$id": "#root/d/conH_conINav/items/zDntCall", 
								"title": "Zdntcall", 
								"type": "string",
								"default": "",
								"examples": [
									"false"
								],
								"pattern": "^.*$"
							},
							"zDuplcat": {
								"$id": "#root/d/conH_conINav/items/zDuplcat", 
								"title": "Zduplcat", 
								"type": "string",
								"default": "",
								"examples": [
									"false"
								],
								"pattern": "^.*$"
							},
							"zCteMail": {
								"$id": "#root/d/conH_conINav/items/zCteMail", 
								"title": "Zctemail", 
								"type": "string",
								"default": "",
								"examples": [
									"julie.holloway@brambles.com"
								],
								"pattern": "^.*$"
							},
							"zExclMar": {
								"$id": "#root/d/conH_conINav/items/zExclMar", 
								"title": "Zexclmar", 
								"type": "string",
								"default": "",
								"examples": [
									"false"
								],
								"pattern": "^.*$"
							},
							"zExclSur": {
								"$id": "#root/d/conH_conINav/items/zExclSur", 
								"title": "Zexclsur", 
								"type": "string",
								"default": "",
								"examples": [
									""
								],
								"pattern": "^.*$"
							},
							"zCtsfstNam": {
								"$id": "#root/d/conH_conINav/items/zCtsfstNam", 
								"title": "Zctsfstnam", 
								"type": "string",
								"default": "",
								"examples": [
									"Peter"
								],
								"pattern": "^.*$"
							},
							"zCstCntCt": {
								"$id": "#root/d/conH_conINav/items/zCstCntCt", 
								"title": "Zcstcntct", 
								"type": "string",
								"default": "",
								"examples": [
									"0033G000006mokpQAA"
								],
								"pattern": "^.*$"
							},
							"zJobFun": {
								"$id": "#root/d/conH_conINav/items/zJobFun", 
								"title": "Zjobfun", 
								"type": "string",
								"default": "",
								"examples": [
									"Administrative"
								],
								"pattern": "^.*$"
							},
							"zJobLvl": {
								"$id": "#root/d/conH_conINav/items/zJobLvl", 
								"title": "Zjoblvl", 
								"type": "string",
								"default": "",
								"examples": [
									"Non-Manager"
								],
								"pattern": "^.*$"
							},
							"zCtLstNam": {
								"$id": "#root/d/conH_conINav/items/zCtLstNam", 
								"title": "Zctlstnam", 
								"type": "string",
								"default": "",
								"examples": [
									"Hampton"
								],
								"pattern": "^.*$"
							},
							"zLstupBy": {
								"$id": "#root/d/conH_conINav/items/zLstupBy", 
								"title": "Zlstupby", 
								"type": "string",
								"default": "",
								"examples": [
									""
								],
								"pattern": "^.*$"
							},
							"zLeadSrc": {
								"$id": "#root/d/conH_conINav/items/zLeadSrc", 
								"title": "Zleadsrc", 
								"type": "string",
								"default": "",
								"examples": [
									""
								],
								"pattern": "^.*$"
							},
							"zMarkStg": {
								"$id": "#root/d/conH_conINav/items/zMarkStg", 
								"title": "Zmarkstg", 
								"type": "string",
								"default": "",
								"examples": [
									""
								],
								"pattern": "^.*$"
							},
							"zPhone": {
								"$id": "#root/d/conH_conINav/items/zPhone", 
								"title": "Zphone", 
								"type": "string",
								"default": "",
								"examples": [
									"+447736947311"
								],
								"pattern": "^.*$"
							},
							"zUsrTyp": {
								"$id": "#root/d/conH_conINav/items/zUsrTyp", 
								"title": "Zusrtyp", 
								"type": "string",
								"default": "",
								"examples": [
									""
								],
								"pattern": "^.*$"
							},
							"zNextSur": {
								"$id": "#root/d/conH_conINav/items/zNextSur", 
								"title": "Znextsur", 
								"type": "string",
								"default": "",
								"examples": [
									""
								],
								"pattern": "^.*$"
							},
							"zNpSpuInl": {
								"$id": "#root/d/conH_conINav/items/zNpSpuInl", 
								"title": "Znpspuinl", 
								"type": "string",
								"default": "",
								"examples": [
									"Influencer"
								],
								"pattern": "^.*$"
							},
							"zCtWkPhn": {
								"$id": "#root/d/conH_conINav/items/zCtWkPhn", 
								"title": "Zctwkphn", 
								"type": "string",
								"default": "",
								"examples": [
									"+441932963903"
								],
								"pattern": "^.*$"
							},
							"zPrefCom": {
								"$id": "#root/d/conH_conINav/items/zPrefCom", 
								"title": "Zprefcom", 
								"type": "string",
								"default": "",
								"examples": [
									"Email"
								],
								"pattern": "^.*$"
							},
							"zLang": {
								"$id": "#root/d/conH_conINav/items/zLang", 
								"title": "Zlang", 
								"type": "string",
								"default": "",
								"examples": [
									"English (British)"
								],
								"pattern": "^.*$"
							},
							"zLocRegn": {
								"$id": "#root/d/conH_conINav/items/zLocRegn", 
								"title": "Zlocregn", 
								"type": "string",
								"default": "",
								"examples": [
									"LATAM"
								],
								"pattern": "^.*$"
							},
							"zCtPertit": {
								"$id": "#root/d/conH_conINav/items/zCtPertit", 
								"title": "Zctpertit", 
								"type": "string",
								"default": "",
								"examples": [
									"Mr."
								],
								"pattern": "^.*$"
							},
							"zInacFlag": {
								"$id": "#root/d/conH_conINav/items/zInacFlag", 
								"title": "Zinacflag", 
								"type": "string",
								"default": "",
								"examples": [
									"Active"
								],
								"pattern": "^.*$"
							},
							"zSubRegn": {
								"$id": "#root/d/conH_conINav/items/zSubRegn", 
								"title": "Zsubregn", 
								"type": "string",
								"default": "",
								"examples": [
									"South LatAm"
								],
								"pattern": "^.*$"
							},
							"zCtJobTit": {
								"$id": "#root/d/conH_conINav/items/zCtJobTit", 
								"title": "Zctjobtit", 
								"type": "string",
								"default": "",
								"examples": [
									"Logitics Coordinator"
								],
								"pattern": "^.*$"
							},
							"zLstupDts": {
								"$id": "#root/d/conH_conINav/items/zLstupDts", 
								"title": "Zlstupdts", 
								"type": "string",
								"default": "",
								"examples": [
									"20210710203324"
								],
								"pattern": "^.*$"
							}
						}
					}

				}
			}
		}

	}
}
