{
	"definitions": {},
	"$schema": "http://json-schema.org/draft-07/schema#", 
	"$id": "https://example.com/object1626417714.json", 
	"title": "Root", 
	"type": "object",
	"required": [
		"d"
	],
	"properties": {
		"d": {
			"$id": "#root/d", 
			"title": "D", 
			"type": "object",
			"required": [
				"aAcccntId",
				"accCncTH_accCncTINav"
			],
			"properties": {
				"aAcccntId": {
					"$id": "#root/d/aAcccntId", 
					"title": "Aacccntid", 
					"type": "string",
					"default": "",
					"examples": [
						"X"
					],
					"pattern": "^.*$"
				},
				"accCncTH_accCncTINav": {
					"$id": "#root/d/accCncTH_accCncTINav", 
					"title": "Acccncth_acccnctinav", 
					"type": "array",
					"default": [],
					"items":{
						"$id": "#root/d/accCncTH_accCncTINav/items", 
						"title": "Items", 
						"type": "object",
						"required": [
							"zAccntId",
							"zCstCntCt",
							"zEndDate",
							"zAccCntId",
							"zCntRole",
							"zEffStdt",
							"zLstUpdts"
						],
						"properties": {
							"zAccntId": {
								"$id": "#root/d/accCncTH_accCncTINav/items/zAccntId", 
								"title": "Zaccntid", 
								"type": "string",
								"default": "",
								"examples": [
									"0014J00000AqifLQAR"
								],
								"pattern": "^.*$"
							},
							"zCstCntCt": {
								"$id": "#root/d/accCncTH_accCncTINav/items/zCstCntCt", 
								"title": "Zcstcntct", 
								"type": "string",
								"default": "",
								"examples": [
									"0033G000006mokGQAQ"
								],
								"pattern": "^.*$"
							},
							"zEndDate": {
								"$id": "#root/d/accCncTH_accCncTINav/items/zEndDate", 
								"title": "Zenddate", 
								"type": "string",
								"default": "",
								"examples": [
									""
								],
								"pattern": "^.*$"
							},
							"zAccCntId": {
								"$id": "#root/d/accCncTH_accCncTINav/items/zAccCntId", 
								"title": "Zacccntid", 
								"type": "string",
								"default": "",
								"examples": [
									"07k3G0000042eDVQAY"
								],
								"pattern": "^.*$"
							},
							"zCntRole": {
								"$id": "#root/d/accCncTH_accCncTINav/items/zCntRole", 
								"title": "Zcntrole", 
								"type": "string",
								"default": "",
								"examples": [
									""
								],
								"pattern": "^.*$"
							},
							"zEffStdt": {
								"$id": "#root/d/accCncTH_accCncTINav/items/zEffStdt", 
								"title": "Zeffstdt", 
								"type": "string",
								"default": "",
								"examples": [
									""
								],
								"pattern": "^.*$"
							},
							"zLstUpdts": {
								"$id": "#root/d/accCncTH_accCncTINav/items/zLstUpdts", 
								"title": "Zlstupdts", 
								"type": "string",
								"default": "",
								"examples": [
									"20210710203903"
								],
								"pattern": "^.*$"
							}
						}
					}

				}
			}
		}

	}
}
