{
	"definitions": {},
	"$schema": "http://json-schema.org/draft-07/schema#", 
	"$id": "https://example.com/object1626418098.json", 
	"title": "Root", 
	"type": "object",
	"required": [
		"d"
	],
	"properties": {
		"d": {
			"$id": "#root/d", 
			"title": "D", 
			"type": "object",
			"required": [
				"results"
			],
			"properties": {
				"results": {
					"$id": "#root/d/results", 
					"title": "Results", 
					"type": "array",
					"default": [],
					"items":{
						"$id": "#root/d/results/items", 
						"title": "Items", 
						"type": "object",
						"required": [
							"zCompCode",
							"zDebitor",
							"zDebitorT",
							"zBillNum",
							"zUuid",
							"refDocNum",
							"billDate",
							"netDueDate",
							"acDocTyp",
							"acDocTypT",
							"docCurrcy",
							"locCurrcy",
							"isoDocCurr",
							"isoLocCurr",
							"zpymttrm",
							"zditxt",
							"zsabe",
							"dunnBlock",
							"dunnLevel",
							"clrDocNo",
							"zpledgflg",
							"zAssignNo",
							"fiscper",
							"lastDunn",
							"zkidno",
							"dunnKey",
							"fiDocStat",
							"fiscYear",
							"acDocNo",
							"acCcFp",
							"zDocDate",
							"invAmntL",
							"invAmntD",
							"amntClrdL",
							"amntClrdD",
							"outsAmntL",
							"outsAmntD",
							"arear",
							"invAmtNcL",
							"invAmtNcD",
							"resItNcL",
							"resItNcD"
						],
						"properties": {
							"zCompCode": {
								"$id": "#root/d/results/items/zCompCode", 
								"title": "Zcompcode", 
								"type": "string",
								"default": "",
								"examples": [
									"GR10"
								],
								"pattern": "^.*$"
							},
							"zDebitor": {
								"$id": "#root/d/results/items/zDebitor", 
								"title": "Zdebitor", 
								"type": "string",
								"default": "",
								"examples": [
									"0100507320"
								],
								"pattern": "^.*$"
							},
							"zDebitorT": {
								"$id": "#root/d/results/items/zDebitorT", 
								"title": "Zdebitort", 
								"type": "string",
								"default": "",
								"examples": [
									"SCA Hygiene Products AE"
								],
								"pattern": "^.*$"
							},
							"zBillNum": {
								"$id": "#root/d/results/items/zBillNum", 
								"title": "Zbillnum", 
								"type": "string",
								"default": "",
								"examples": [
									"1040700115"
								],
								"pattern": "^.*$"
							},
							"zUuid": {
								"$id": "#root/d/results/items/zUuid", 
								"title": "Zuuid", 
								"type": "string",
								"default": "",
								"examples": [
									""
								],
								"pattern": "^.*$"
							},
							"refDocNum": {
								"$id": "#root/d/results/items/refDocNum", 
								"title": "Refdocnum", 
								"type": "string",
								"default": "",
								"examples": [
									"1040800811"
								],
								"pattern": "^.*$"
							},
							"billDate": {
								"$id": "#root/d/results/items/billDate", 
								"title": "Billdate", 
								"type": "string",
								"default": "",
								"examples": [
									"2008-09-30T00:00:00Z"
								],
								"pattern": "^.*$"
							},
							"netDueDate": {
								"$id": "#root/d/results/items/netDueDate", 
								"title": "Netduedate", 
								"type": "string",
								"default": "",
								"examples": [
									"2008-11-29T00:00:00Z"
								],
								"pattern": "^.*$"
							},
							"acDocTyp": {
								"$id": "#root/d/results/items/acDocTyp", 
								"title": "Acdoctyp", 
								"type": "string",
								"default": "",
								"examples": [
									"RV"
								],
								"pattern": "^.*$"
							},
							"acDocTypT": {
								"$id": "#root/d/results/items/acDocTypT", 
								"title": "Acdoctypt", 
								"type": "string",
								"default": "",
								"examples": [
									"Billing doc.transfer"
								],
								"pattern": "^.*$"
							},
							"docCurrcy": {
								"$id": "#root/d/results/items/docCurrcy", 
								"title": "Doccurrcy", 
								"type": "string",
								"default": "",
								"examples": [
									"0EU"
								],
								"pattern": "^.*$"
							},
							"locCurrcy": {
								"$id": "#root/d/results/items/locCurrcy", 
								"title": "Loccurrcy", 
								"type": "string",
								"default": "",
								"examples": [
									"EUR"
								],
								"pattern": "^.*$"
							},
							"isoDocCurr": {
								"$id": "#root/d/results/items/isoDocCurr", 
								"title": "Isodoccurr", 
								"type": "string",
								"default": "",
								"examples": [
									"EUR"
								],
								"pattern": "^.*$"
							},
							"isoLocCurr": {
								"$id": "#root/d/results/items/isoLocCurr", 
								"title": "Isoloccurr", 
								"type": "string",
								"default": "",
								"examples": [
									"EUR"
								],
								"pattern": "^.*$"
							},
							"zpymttrm": {
								"$id": "#root/d/results/items/zpymttrm", 
								"title": "Zpymttrm", 
								"type": "string",
								"default": "",
								"examples": [
									"ZD60"
								],
								"pattern": "^.*$"
							},
							"zditxt": {
								"$id": "#root/d/results/items/zditxt", 
								"title": "Zditxt", 
								"type": "string",
								"default": "",
								"examples": [
									""
								],
								"pattern": "^.*$"
							},
							"zsabe": {
								"$id": "#root/d/results/items/zsabe", 
								"title": "Zsabe", 
								"type": "string",
								"default": "",
								"examples": [
									""
								],
								"pattern": "^.*$"
							},
							"dunnBlock": {
								"$id": "#root/d/results/items/dunnBlock", 
								"title": "Dunnblock", 
								"type": "string",
								"default": "",
								"examples": [
									""
								],
								"pattern": "^.*$"
							},
							"dunnLevel": {
								"$id": "#root/d/results/items/dunnLevel", 
								"title": "Dunnlevel", 
								"type": "string",
								"default": "",
								"examples": [
									"0"
								],
								"pattern": "^.*$"
							},
							"clrDocNo": {
								"$id": "#root/d/results/items/clrDocNo", 
								"title": "Clrdocno", 
								"type": "string",
								"default": "",
								"examples": [
									""
								],
								"pattern": "^.*$"
							},
							"zpledgflg": {
								"$id": "#root/d/results/items/zpledgflg", 
								"title": "Zpledgflg", 
								"type": "string",
								"default": "",
								"examples": [
									""
								],
								"pattern": "^.*$"
							},
							"zAssignNo": {
								"$id": "#root/d/results/items/zAssignNo", 
								"title": "Zassignno", 
								"type": "string",
								"default": "",
								"examples": [
									""
								],
								"pattern": "^.*$"
							},
							"fiscper": {
								"$id": "#root/d/results/items/fiscper", 
								"title": "Fiscper", 
								"type": "string",
								"default": "",
								"examples": [
									"Juillet 2020"
								],
								"pattern": "^.*$"
							},
							"lastDunn": {
								"$id": "#root/d/results/items/lastDunn", 
								"title": "Lastdunn", 
								"type": "null",
								"default": null
							},
							"zkidno": {
								"$id": "#root/d/results/items/zkidno", 
								"title": "Zkidno", 
								"type": "string",
								"default": "",
								"examples": [
									"1040800811"
								],
								"pattern": "^.*$"
							},
							"dunnKey": {
								"$id": "#root/d/results/items/dunnKey", 
								"title": "Dunnkey", 
								"type": "string",
								"default": "",
								"examples": [
									""
								],
								"pattern": "^.*$"
							},
							"fiDocStat": {
								"$id": "#root/d/results/items/fiDocStat", 
								"title": "Fidocstat", 
								"type": "string",
								"default": "",
								"examples": [
									"O"
								],
								"pattern": "^.*$"
							},
							"fiscYear": {
								"$id": "#root/d/results/items/fiscYear", 
								"title": "Fiscyear", 
								"type": "string",
								"default": "",
								"examples": [
									"2021"
								],
								"pattern": "^.*$"
							},
							"acDocNo": {
								"$id": "#root/d/results/items/acDocNo", 
								"title": "Acdocno", 
								"type": "string",
								"default": "",
								"examples": [
									"1000000087"
								],
								"pattern": "^.*$"
							},
							"acCcFp": {
								"$id": "#root/d/results/items/acCcFp", 
								"title": "Acccfp", 
								"type": "string",
								"default": "",
								"examples": [
									"1000000087-GR10-2021001"
								],
								"pattern": "^.*$"
							},
							"zDocDate": {
								"$id": "#root/d/results/items/zDocDate", 
								"title": "Zdocdate", 
								"type": "string",
								"default": "",
								"examples": [
									"2008-09-30T00:00:00Z"
								],
								"pattern": "^.*$"
							},
							"invAmntL": {
								"$id": "#root/d/results/items/invAmntL", 
								"title": "Invamntl", 
								"type": "string",
								"default": "",
								"examples": [
									"-4.76"
								],
								"pattern": "^.*$"
							},
							"invAmntD": {
								"$id": "#root/d/results/items/invAmntD", 
								"title": "Invamntd", 
								"type": "string",
								"default": "",
								"examples": [
									"-4.76"
								],
								"pattern": "^.*$"
							},
							"amntClrdL": {
								"$id": "#root/d/results/items/amntClrdL", 
								"title": "Amntclrdl", 
								"type": "string",
								"default": "",
								"examples": [
									"0.00"
								],
								"pattern": "^.*$"
							},
							"amntClrdD": {
								"$id": "#root/d/results/items/amntClrdD", 
								"title": "Amntclrdd", 
								"type": "string",
								"default": "",
								"examples": [
									"0.00"
								],
								"pattern": "^.*$"
							},
							"outsAmntL": {
								"$id": "#root/d/results/items/outsAmntL", 
								"title": "Outsamntl", 
								"type": "string",
								"default": "",
								"examples": [
									"-4.76"
								],
								"pattern": "^.*$"
							},
							"outsAmntD": {
								"$id": "#root/d/results/items/outsAmntD", 
								"title": "Outsamntd", 
								"type": "string",
								"default": "",
								"examples": [
									"-4.76"
								],
								"pattern": "^.*$"
							},
							"arear": {
								"$id": "#root/d/results/items/arear", 
								"title": "Arear", 
								"type": "integer",
								"examples": [
									-4610
								],
								"default": 0
							},
							"invAmtNcL": {
								"$id": "#root/d/results/items/invAmtNcL", 
								"title": "Invamtncl", 
								"type": "string",
								"default": "",
								"examples": [
									"-4.76"
								],
								"pattern": "^.*$"
							},
							"invAmtNcD": {
								"$id": "#root/d/results/items/invAmtNcD", 
								"title": "Invamtncd", 
								"type": "string",
								"default": "",
								"examples": [
									"-4.76"
								],
								"pattern": "^.*$"
							},
							"resItNcL": {
								"$id": "#root/d/results/items/resItNcL", 
								"title": "Resitncl", 
								"type": "string",
								"default": "",
								"examples": [
									"0.00"
								],
								"pattern": "^.*$"
							},
							"resItNcD": {
								"$id": "#root/d/results/items/resItNcD", 
								"title": "Resitncd", 
								"type": "string",
								"default": "",
								"examples": [
									"0.00"
								],
								"pattern": "^.*$"
							}
						}
					}

				}
			}
		}

	}
}
