{
	"definitions": {},
	"$schema": "http://json-schema.org/draft-07/schema#", 
	"$id": "https://example.com/object1626418168.json", 
	"title": "Root", 
	"type": "array",
	"default": [],
	"items":{
		"$id": "#root/items", 
		"title": "Items", 
		"type": "object",
		"required": [
			"companyCode",
			"dunningKey",
			"acDocNumber",
			"message",
			"pledgingIndicator",
			"year"
		],
		"properties": {
			"companyCode": {
				"$id": "#root/items/companyCode", 
				"title": "Companycode", 
				"type": "string",
				"default": "",
				"examples": [
					"US10"
				],
				"pattern": "^.*$"
			},
			"dunningKey": {
				"$id": "#root/items/dunningKey", 
				"title": "Dunningkey", 
				"type": "string",
				"default": "",
				"examples": [
					"D"
				],
				"pattern": "^.*$"
			},
			"acDocNumber": {
				"$id": "#root/items/acDocNumber", 
				"title": "Acdocnumber", 
				"type": "string",
				"default": "",
				"examples": [
					"1800000891"
				],
				"pattern": "^.*$"
			},
			"message": {
				"$id": "#root/items/message", 
				"title": "Message", 
				"type": "string",
				"default": "",
				"examples": [
					"Invoice changed sucessfully"
				],
				"pattern": "^.*$"
			},
			"pledgingIndicator": {
				"$id": "#root/items/pledgingIndicator", 
				"title": "Pledgingindicator", 
				"type": "string",
				"default": "",
				"examples": [
					""
				],
				"pattern": "^.*$"
			},
			"year": {
				"$id": "#root/items/year", 
				"title": "Year", 
				"type": "integer",
				"examples": [
					2021
				],
				"default": 0
			}
		}
	}

}