{
	"definitions": {},
	"$schema": "http://json-schema.org/draft-07/schema#", 
	"$id": "https://example.com/object1626417945.json", 
	"title": "Root", 
	"type": "object",
	"required": [
		"d"
	],
	"properties": {
		"d": {
			"$id": "#root/d", 
			"title": "D", 
			"type": "object",
			"required": [
				"zFlag",
				"oppH_oppINav"
			],
			"properties": {
				"zFlag": {
					"$id": "#root/d/zFlag", 
					"title": "Zflag", 
					"type": "string",
					"default": "",
					"examples": [
						"X"
					],
					"pattern": "^.*$"
				},
				"oppH_oppINav": {
					"$id": "#root/d/oppH_oppINav", 
					"title": "Opph_oppinav", 
					"type": "array",
					"default": [],
					"items":{
						"$id": "#root/d/oppH_oppINav/items", 
						"title": "Items", 
						"type": "object",
						"required": [
							"zPartner",
							"zAccntId",
							"zActfDat",
							"zActFrDt",
							"zPrimaDvc",
							"zAgatCur",
							"zAmount",
							"zClDat",
							"zClSrsn",
							"zCurrency",
							"zFshipDt",
							"zFramPdt",
							"zOpprid",
							"zIntCon",
							"zLeadSrc",
							"zName4",
							"zSsource",
							"zSProbabl",
							"zRiskol",
							"zRoianc",
							"zStgNm",
							"zSupChp",
							"zOppQty",
							"zOppType",
							"zWinBak",
							"zLstUpdts"
						],
						"properties": {
							"zPartner": {
								"$id": "#root/d/oppH_oppINav/items/zPartner", 
								"title": "Zpartner", 
								"type": "string",
								"default": "",
								"examples": [
									"0100060643"
								],
								"pattern": "^.*$"
							},
							"zAccntId": {
								"$id": "#root/d/oppH_oppINav/items/zAccntId", 
								"title": "Zaccntid", 
								"type": "string",
								"default": "",
								"examples": [
									"0014J00000Ar7uIQAR"
								],
								"pattern": "^.*$"
							},
							"zActfDat": {
								"$id": "#root/d/oppH_oppINav/items/zActfDat", 
								"title": "Zactfdat", 
								"type": "string",
								"default": "",
								"examples": [
									""
								],
								"pattern": "^.*$"
							},
							"zActFrDt": {
								"$id": "#root/d/oppH_oppINav/items/zActFrDt", 
								"title": "Zactfrdt", 
								"type": "string",
								"default": "",
								"examples": [
									""
								],
								"pattern": "^.*$"
							},
							"zPrimaDvc": {
								"$id": "#root/d/oppH_oppINav/items/zPrimaDvc", 
								"title": "Zprimadvc", 
								"type": "string",
								"default": "",
								"examples": [
									""
								],
								"pattern": "^.*$"
							},
							"zAgatCur": {
								"$id": "#root/d/oppH_oppINav/items/zAgatCur", 
								"title": "Zagatcur", 
								"type": "string",
								"default": "",
								"examples": [
									""
								],
								"pattern": "^.*$"
							},
							"zAmount": {
								"$id": "#root/d/oppH_oppINav/items/zAmount", 
								"title": "Zamount", 
								"type": "string",
								"default": "",
								"examples": [
									"0"
								],
								"pattern": "^.*$"
							},
							"zClDat": {
								"$id": "#root/d/oppH_oppINav/items/zClDat", 
								"title": "Zcldat", 
								"type": "string",
								"default": "",
								"examples": [
									"20211231"
								],
								"pattern": "^.*$"
							},
							"zClSrsn": {
								"$id": "#root/d/oppH_oppINav/items/zClSrsn", 
								"title": "Zclsrsn", 
								"type": "string",
								"default": "",
								"examples": [
									""
								],
								"pattern": "^.*$"
							},
							"zCurrency": {
								"$id": "#root/d/oppH_oppINav/items/zCurrency", 
								"title": "Zcurrency", 
								"type": "string",
								"default": "",
								"examples": [
									"USD"
								],
								"pattern": "^.*$"
							},
							"zFshipDt": {
								"$id": "#root/d/oppH_oppINav/items/zFshipDt", 
								"title": "Zfshipdt", 
								"type": "string",
								"default": "",
								"examples": [
									""
								],
								"pattern": "^.*$"
							},
							"zFramPdt": {
								"$id": "#root/d/oppH_oppINav/items/zFramPdt", 
								"title": "Zframpdt", 
								"type": "string",
								"default": "",
								"examples": [
									""
								],
								"pattern": "^.*$"
							},
							"zOpprid": {
								"$id": "#root/d/oppH_oppINav/items/zOpprid", 
								"title": "Zopprid", 
								"type": "string",
								"default": "",
								"examples": [
									"0063G000002TqwxQAC"
								],
								"pattern": "^.*$"
							},
							"zIntCon": {
								"$id": "#root/d/oppH_oppINav/items/zIntCon", 
								"title": "Zintcon", 
								"type": "string",
								"default": "",
								"examples": [
									"false"
								],
								"pattern": "^.*$"
							},
							"zLeadSrc": {
								"$id": "#root/d/oppH_oppINav/items/zLeadSrc", 
								"title": "Zleadsrc", 
								"type": "string",
								"default": "",
								"examples": [
									""
								],
								"pattern": "^.*$"
							},
							"zName4": {
								"$id": "#root/d/oppH_oppINav/items/zName4", 
								"title": "Zname4", 
								"type": "string",
								"default": "",
								"examples": [
									"SVILUPPO DISCOUNT Renewal 2021-12-31"
								],
								"pattern": "^.*$"
							},
							"zSsource": {
								"$id": "#root/d/oppH_oppINav/items/zSsource", 
								"title": "Zssource", 
								"type": "string",
								"default": "",
								"examples": [
									""
								],
								"pattern": "^.*$"
							},
							"zSProbabl": {
								"$id": "#root/d/oppH_oppINav/items/zSProbabl", 
								"title": "Zsprobabl", 
								"type": "string",
								"default": "",
								"examples": [
									"0.0"
								],
								"pattern": "^.*$"
							},
							"zRiskol": {
								"$id": "#root/d/oppH_oppINav/items/zRiskol", 
								"title": "Zriskol", 
								"type": "string",
								"default": "",
								"examples": [
									"false"
								],
								"pattern": "^.*$"
							},
							"zRoianc": {
								"$id": "#root/d/oppH_oppINav/items/zRoianc", 
								"title": "Zroianc", 
								"type": "string",
								"default": "",
								"examples": [
									"false"
								],
								"pattern": "^.*$"
							},
							"zStgNm": {
								"$id": "#root/d/oppH_oppINav/items/zStgNm", 
								"title": "Zstgnm", 
								"type": "string",
								"default": "",
								"examples": [
									"Universe"
								],
								"pattern": "^.*$"
							},
							"zSupChp": {
								"$id": "#root/d/oppH_oppINav/items/zSupChp", 
								"title": "Zsupchp", 
								"type": "string",
								"default": "",
								"examples": [
									""
								],
								"pattern": "^.*$"
							},
							"zOppQty": {
								"$id": "#root/d/oppH_oppINav/items/zOppQty", 
								"title": "Zoppqty", 
								"type": "string",
								"default": "",
								"examples": [
									""
								],
								"pattern": "^.*$"
							},
							"zOppType": {
								"$id": "#root/d/oppH_oppINav/items/zOppType", 
								"title": "Zopptype", 
								"type": "string",
								"default": "",
								"examples": [
									"Renewal"
								],
								"pattern": "^.*$"
							},
							"zWinBak": {
								"$id": "#root/d/oppH_oppINav/items/zWinBak", 
								"title": "Zwinbak", 
								"type": "string",
								"default": "",
								"examples": [
									"false"
								],
								"pattern": "^.*$"
							},
							"zLstUpdts": {
								"$id": "#root/d/oppH_oppINav/items/zLstUpdts", 
								"title": "Zlstupdts", 
								"type": "string",
								"default": "",
								"examples": [
									"20210710204940"
								],
								"pattern": "^.*$"
							}
						}
					}

				}
			}
		}

	}
}
