{
	"definitions": {},
	"$schema": "http://json-schema.org/draft-07/schema#", 
	"$id": "https://example.com/object1626417979.json", 
	"title": "Root", 
	"type": "object",
	"required": [
		"d"
	],
	"properties": {
		"d": {
			"$id": "#root/d", 
			"title": "D", 
			"type": "object",
			"required": [
				"zFlag",
				"aCtH_aCtINav"
			],
			"properties": {
				"zFlag": {
					"$id": "#root/d/zFlag", 
					"title": "Zflag", 
					"type": "string",
					"default": "",
					"examples": [
						"X"
					],
					"pattern": "^.*$"
				},
				"aCtH_aCtINav": {
					"$id": "#root/d/aCtH_aCtINav", 
					"title": "Acth_actinav", 
					"type": "array",
					"default": [],
					"items":{
						"$id": "#root/d/aCtH_aCtINav/items", 
						"title": "Items", 
						"type": "object",
						"required": [
							"zActyDat",
							"zScomDate",
							"zActvtyId",
							"zOwnerId",
							"zAcTresn",
							"zSrSystm",
							"zStatus",
							"zSubject",
							"zTopic",
							"zType",
							"zWhatId",
							"zWhoId",
							"zCreateBy",
							"zSactType",
							"zCrtDate",
							"zPriority",
							"zLstUpdts"
						],
						"properties": {
							"zActyDat": {
								"$id": "#root/d/aCtH_aCtINav/items/zActyDat", 
								"title": "Zactydat", 
								"type": "string",
								"default": "",
								"examples": [
									"20210624"
								],
								"pattern": "^.*$"
							},
							"zScomDate": {
								"$id": "#root/d/aCtH_aCtINav/items/zScomDate", 
								"title": "Zscomdate", 
								"type": "string",
								"default": "",
								"examples": [
									""
								],
								"pattern": "^.*$"
							},
							"zActvtyId": {
								"$id": "#root/d/aCtH_aCtINav/items/zActvtyId", 
								"title": "Zactvtyid", 
								"type": "string",
								"default": "",
								"examples": [
									"00T4J00000AwclwUAB"
								],
								"pattern": "^.*$"
							},
							"zOwnerId": {
								"$id": "#root/d/aCtH_aCtINav/items/zOwnerId", 
								"title": "Zownerid", 
								"type": "string",
								"default": "",
								"examples": [
									"0054J000002fji7QAA"
								],
								"pattern": "^.*$"
							},
							"zAcTresn": {
								"$id": "#root/d/aCtH_aCtINav/items/zAcTresn", 
								"title": "Zactresn", 
								"type": "string",
								"default": "",
								"examples": [
									"Annual"
								],
								"pattern": "^.*$"
							},
							"zSrSystm": {
								"$id": "#root/d/aCtH_aCtINav/items/zSrSystm", 
								"title": "Zsrsystm", 
								"type": "string",
								"default": "",
								"examples": [
									""
								],
								"pattern": "^.*$"
							},
							"zStatus": {
								"$id": "#root/d/aCtH_aCtINav/items/zStatus", 
								"title": "Zstatus", 
								"type": "string",
								"default": "",
								"examples": [
									"In progress"
								],
								"pattern": "^.*$"
							},
							"zSubject": {
								"$id": "#root/d/aCtH_aCtINav/items/zSubject", 
								"title": "Zsubject", 
								"type": "string",
								"default": "",
								"examples": [
									"Business Review"
								],
								"pattern": "^.*$"
							},
							"zTopic": {
								"$id": "#root/d/aCtH_aCtINav/items/zTopic", 
								"title": "Ztopic", 
								"type": "string",
								"default": "",
								"examples": [
									"Business Review"
								],
								"pattern": "^.*$"
							},
							"zType": {
								"$id": "#root/d/aCtH_aCtINav/items/zType", 
								"title": "Ztype", 
								"type": "string",
								"default": "",
								"examples": [
									"Siebel Backoffice"
								],
								"pattern": "^.*$"
							},
							"zWhatId": {
								"$id": "#root/d/aCtH_aCtINav/items/zWhatId", 
								"title": "Zwhatid", 
								"type": "string",
								"default": "",
								"examples": [
									"0014J00000AqOo4QAF"
								],
								"pattern": "^.*$"
							},
							"zWhoId": {
								"$id": "#root/d/aCtH_aCtINav/items/zWhoId", 
								"title": "Zwhoid", 
								"type": "string",
								"default": "",
								"examples": [
									""
								],
								"pattern": "^.*$"
							},
							"zCreateBy": {
								"$id": "#root/d/aCtH_aCtINav/items/zCreateBy", 
								"title": "Zcreateby", 
								"type": "string",
								"default": "",
								"examples": [
									"Brambles"
								],
								"pattern": "^.*$"
							},
							"zSactType": {
								"$id": "#root/d/aCtH_aCtINav/items/zSactType", 
								"title": "Zsacttype", 
								"type": "string",
								"default": "",
								"examples": [
									"Task"
								],
								"pattern": "^.*$"
							},
							"zCrtDate": {
								"$id": "#root/d/aCtH_aCtINav/items/zCrtDate", 
								"title": "Zcrtdate", 
								"type": "string",
								"default": "",
								"examples": [
									"20191111"
								],
								"pattern": "^.*$"
							},
							"zPriority": {
								"$id": "#root/d/aCtH_aCtINav/items/zPriority", 
								"title": "Zpriority", 
								"type": "string",
								"default": "",
								"examples": [
									"3-Medium"
								],
								"pattern": "^.*$"
							},
							"zLstUpdts": {
								"$id": "#root/d/aCtH_aCtINav/items/zLstUpdts", 
								"title": "Zlstupdts", 
								"type": "string",
								"default": "",
								"examples": [
									"20210710202828"
								],
								"pattern": "^.*$"
							}
						}
					}

				}
			}
		}

	}
}
